date,temperature_2m_mean,temperature_2m_max,temperature_2m_min,apparent_temperature_mean,precipitation_sum,precipitation_hours,relative_humidity_2m_mean,dew_point_2m_mean,pressure_msl_mean,cloud_cover_mean,wind_speed_10m_max,wind_direction_10m_dominant,shortwave_radiation_sum,sunshine_duration
2005-01-01,9.9,13.8,6.0,6.7,0.0,0.0,47,-1.3,1027.1,23,10.4,56,16.6,36000.0
2005-01-02,10.0,14.5,5.8,7.4,0.0,0.0,58,1.7,1022.1,37,8.0,72,13.68,36000.0
2005-01-03,13.5,18.5,8.8,12.2,0.0,0.0,73,8.7,1017.5,75,10.6,13,11.82,28201.33
2005-01-04,14.2,16.3,12.9,12.8,0.0,0.0,67,8.0,1021.3,95,8.8,348,5.12,2359.56
2005-01-05,14.9,17.9,11.8,14.4,0.0,0.0,75,10.5,1020.6,93,7.2,360,5.78,7537.96
2005-01-06,16.3,19.4,13.5,16.0,0.0,0.0,73,11.3,1020.3,83,7.4,45,9.26,34698.81
2005-01-07,16.9,19.5,14.4,17.6,0.1,1.0,84,14.1,1019.4,91,5.9,6,3.9,56.4
2005-01-08,17.7,20.2,15.7,18.4,0.2,1.0,80,14.2,1019.7,96,9.2,59,4.25,1215.89
2005-01-09,15.4,18.2,12.9,13.8,0.0,0.0,66,8.9,1020.7,81,11.1,31,6.52,16839.22
2005-01-10,12.8,14.0,11.5,11.0,0.0,0.0,67,6.9,1020.6,99,9.2,14,3.38,284.62
2005-01-11,12.1,13.2,11.6,10.6,1.4,8.0,80,8.8,1021.6,100,10.2,8,3.03,0.0
2005-01-12,10.4,11.3,9.2,8.4,3.1,16.0,83,7.7,1022.1,100,12.9,16,2.93,0.0
2005-01-13,9.2,10.5,8.2,7.2,5.2,15.0,80,5.9,1022.5,98,10.2,355,1.63,0.0
2005-01-14,11.1,14.2,9.9,8.2,0.0,0.0,53,1.6,1023.4,81,11.0,7,6.95,16725.18
2005-01-15,12.6,16.0,9.2,10.3,0.0,0.0,52,2.9,1021.8,64,8.2,7,12.14,33689.35
2005-01-16,13.3,18.4,8.3,11.7,0.0,0.0,63,5.8,1021.2,39,7.6,94,15.68,37172.59
2005-01-17,14.6,20.6,8.2,13.5,0.0,0.0,74,9.6,1018.9,20,9.4,138,14.26,34271.06
2005-01-18,16.0,19.4,12.0,16.8,0.0,0.0,88,14.0,1017.4,82,6.6,51,5.64,1841.25
2005-01-19,17.8,20.5,16.4,19.2,1.3,7.0,90,16.1,1018.3,100,9.4,106,3.02,0.0
2005-01-20,18.0,21.3,15.9,18.5,0.7,4.0,85,15.3,1020.7,98,14.0,106,3.78,609.75
2005-01-21,18.5,21.8,16.3,19.3,1.3,5.0,85,15.9,1021.0,100,13.7,127,3.36,0.0
2005-01-22,18.4,20.3,17.0,20.2,1.7,8.0,91,16.9,1019.5,100,6.5,60,2.56,286.15
2005-01-23,19.8,24.1,16.9,20.7,0.1,1.0,85,17.1,1016.4,73,15.3,149,6.78,4050.01
2005-01-24,21.1,25.6,18.0,22.4,0.0,0.0,84,18.0,1012.9,96,15.5,157,10.44,22049.76
2005-01-25,21.8,28.1,18.4,24.7,0.0,0.0,86,19.1,1007.9,54,8.1,116,14.39,30658.81
2005-01-26,22.3,28.1,18.9,24.9,0.1,1.0,86,19.4,1006.4,62,11.1,118,14.21,27047.21
2005-01-27,22.4,27.0,19.8,24.7,0.4,2.0,85,19.5,1007.5,87,14.6,113,10.3,22652.77
2005-01-28,20.2,22.3,18.5,21.5,0.9,8.0,85,17.5,1008.5,97,13.7,112,5.58,307.96
2005-01-29,20.7,23.9,18.4,22.6,0.2,1.0,85,17.9,1008.8,92,11.0,118,7.42,6543.65
2005-01-30,20.9,24.6,17.7,23.1,3.1,11.0,87,18.7,1012.3,99,12.3,81,7.08,6515.81
2005-01-31,16.7,18.0,15.1,16.3,0.5,5.0,78,12.9,1016.5,100,10.8,57,4.09,0.0
2005-02-01,15.5,17.4,13.5,15.0,0.3,2.0,77,11.5,1016.1,100,9.0,82,5.02,388.19
2005-02-02,15.0,16.0,13.7,14.9,0.8,5.0,86,12.7,1016.4,100,9.4,62,3.51,0.0
2005-02-03,14.9,16.6,12.8,15.0,0.3,2.0,86,12.5,1016.2,99,6.1,31,3.83,0.0
2005-02-04,18.3,21.9,14.8,19.5,0.0,0.0,85,15.5,1014.0,92,10.0,69,8.61,17352.49
2005-02-05,20.9,23.8,18.3,23.6,0.0,0.0,88,18.8,1012.7,96,8.7,82,7.02,6258.62
2005-02-06,22.7,25.8,20.6,25.3,0.4,2.0,87,20.3,1013.5,95,15.1,154,5.61,0.0
2005-02-07,23.2,26.4,20.8,25.8,0.7,4.0,85,20.4,1015.8,88,14.3,154,8.57,17019.8
2005-02-08,22.7,26.4,20.9,25.1,0.6,4.0,86,20.2,1016.0,90,16.6,143,7.14,9122.01
2005-02-09,23.2,27.2,21.5,24.7,0.0,0.0,81,19.5,1015.2,88,17.8,149,9.74,18471.03
2005-02-10,18.9,21.6,15.4,18.7,1.2,8.0,75,14.1,1019.5,100,20.2,67,3.38,0.0
2005-02-11,17.0,20.3,14.0,17.0,0.7,6.0,75,12.4,1021.4,100,8.0,50,7.08,5968.02
2005-02-12,17.2,18.7,15.5,18.3,2.5,12.0,88,15.2,1019.5,100,6.8,30,3.1,0.0
2005-02-13,18.6,20.3,17.2,20.5,11.4,24.0,94,17.7,1016.1,100,8.3,45,2.55,0.0
2005-02-14,22.0,26.7,17.8,24.8,5.8,16.0,89,20.0,1010.9,82,17.4,143,10.64,27013.32
2005-02-15,24.3,29.7,21.4,27.6,0.2,2.0,84,21.1,1008.2,65,13.0,147,14.26,30727.56
2005-02-16,24.5,30.8,20.2,28.2,0.0,0.0,83,21.0,1006.8,39,8.9,129,17.3,31880.07
2005-02-17,23.5,28.9,20.5,26.4,0.0,0.0,84,20.5,1007.5,36,14.2,105,14.79,29396.91
2005-02-18,17.3,20.4,14.4,15.3,0.0,0.0,59,9.0,1015.5,62,19.1,43,11.5,28277.43
2005-02-19,14.1,16.1,12.5,11.0,0.0,0.0,52,4.5,1022.0,91,16.8,37,10.0,30261.74
2005-02-20,12.3,14.3,10.4,9.4,0.0,0.0,52,2.7,1024.1,96,12.6,48,11.51,32483.03
2005-02-21,12.9,14.3,11.4,11.2,0.0,0.0,63,6.0,1021.6,97,7.8,51,6.44,2647.23
2005-02-22,13.9,17.2,11.3,12.9,0.0,0.0,72,8.9,1019.2,83,7.2,33,8.74,17439.04
2005-02-23,18.6,25.1,14.1,19.8,0.0,0.0,81,15.1,1011.0,57,9.4,132,16.1,30498.67
2005-02-24,21.1,28.0,16.5,23.2,0.0,0.0,83,17.8,1007.3,83,10.5,84,19.13,33701.45
2005-02-25,20.9,26.9,17.4,23.2,0.1,1.0,86,18.2,1008.0,79,10.9,116,15.75,25448.71
2005-02-26,21.1,25.2,18.4,23.1,1.7,4.0,84,18.2,1012.2,99,10.3,66,7.68,385.46
2005-02-27,17.0,18.8,14.3,16.5,2.0,13.0,75,12.6,1015.8,100,10.5,27,4.46,0.0
2005-02-28,15.3,17.9,13.3,14.0,0.9,5.0,68,9.2,1019.3,93,11.2,31,6.09,11165.99
2005-03-01,16.4,18.2,14.5,16.0,0.0,0.0,70,10.9,1018.9,91,7.7,66,6.95,2219.3
2005-03-02,15.8,17.7,14.4,14.9,0.2,2.0,73,11.0,1021.5,95,13.1,18,4.75,822.36
2005-03-03,16.0,18.6,14.9,13.7,0.2,1.0,55,6.9,1025.9,92,18.8,11,8.44,19291.42
2005-03-04,14.7,16.7,13.4,12.3,0.0,0.0,57,6.2,1029.9,92,18.7,21,5.95,4913.51
2005-03-05,15.4,20.9,10.1,13.9,0.0,0.0,59,6.9,1031.8,33,10.1,325,21.56,41474.51
2005-03-06,15.3,21.9,8.2,13.9,0.0,0.0,66,8.4,1025.3,3,15.5,146,22.72,42152.7
2005-03-07,17.0,22.5,11.4,16.4,0.0,0.0,74,12.0,1022.6,57,15.3,137,13.49,22241.88
2005-03-08,18.8,23.8,13.9,18.9,0.0,0.0,77,14.4,1018.5,49,13.8,152,11.34,18839.07
2005-03-09,20.4,24.8,16.7,22.2,0.5,3.0,86,17.9,1013.8,75,12.8,135,7.31,5531.38
2005-03-10,23.0,29.1,19.3,26.2,0.0,0.0,84,19.7,1008.7,87,10.9,124,17.98,29464.3
2005-03-11,23.4,29.1,19.6,26.7,0.0,0.0,83,20.2,1007.9,65,8.5,112,15.71,26019.65
2005-03-12,20.5,28.1,13.4,21.1,0.5,4.0,76,15.8,1011.9,95,29.1,48,9.43,4365.53
2005-03-13,13.8,15.2,12.4,10.8,0.0,0.0,51,3.7,1023.2,100,14.5,43,5.3,706.94
2005-03-14,16.1,19.5,12.8,15.1,0.0,0.0,63,8.9,1018.6,99,10.2,115,16.64,35028.2
2005-03-15,19.0,22.8,15.3,19.9,0.0,0.0,80,15.4,1014.3,100,11.8,125,8.59,2182.6
2005-03-16,20.2,23.0,18.4,22.3,5.5,6.0,89,18.4,1015.1,97,13.8,120,6.27,1702.54
2005-03-17,21.4,23.9,19.1,23.9,0.7,6.0,87,19.1,1015.7,98,9.5,111,6.1,2050.4
2005-03-18,21.4,26.2,18.7,23.5,4.4,10.0,84,18.5,1017.4,91,13.2,92,11.76,26558.81
2005-03-19,20.2,22.3,18.6,21.6,0.0,0.0,78,16.2,1017.8,100,9.7,108,4.69,0.0
2005-03-20,21.4,25.0,19.1,22.7,0.0,0.0,81,17.8,1015.0,97,14.4,138,7.77,8018.34
2005-03-21,22.6,26.6,19.7,24.9,0.1,1.0,85,19.9,1010.9,88,16.3,150,8.81,7409.34
2005-03-22,24.1,28.2,21.6,27.5,0.2,2.0,86,21.5,1008.2,84,11.8,136,10.65,15862.73
2005-03-23,19.5,22.2,16.2,20.1,9.7,16.0,79,15.7,1014.0,100,16.1,33,4.33,0.0
2005-03-24,16.4,17.6,15.2,15.1,1.8,8.0,68,10.4,1021.5,100,12.7,12,4.87,0.0
2005-03-25,16.3,18.9,15.4,16.1,4.1,6.0,73,11.3,1019.4,88,6.0,356,7.14,2595.42
2005-03-26,18.1,22.2,15.0,19.3,0.4,3.0,83,15.1,1013.6,88,6.4,64,9.35,5200.82
2005-03-27,21.7,26.1,17.7,24.5,0.0,0.0,86,19.0,1011.0,75,10.4,122,10.32,13835.82
2005-03-28,23.5,26.7,20.7,27.2,0.1,1.0,89,21.5,1010.6,91,10.8,127,8.92,2610.49
2005-03-29,24.7,28.5,22.2,28.7,0.0,0.0,87,22.3,1009.0,87,13.8,135,11.38,13272.59
2005-03-30,24.8,28.8,22.3,28.9,0.0,0.0,88,22.5,1007.2,84,10.8,112,12.18,23710.18
2005-03-31,23.7,25.5,22.4,27.2,3.1,14.0,89,21.8,1008.2,100,13.0,109,4.51,0.0
2005-04-01,23.0,25.0,21.5,26.4,3.8,13.0,89,21.0,1010.8,100,11.1,88,4.68,0.0
2005-04-02,20.5,22.2,18.9,22.2,3.2,12.0,83,17.4,1015.7,100,11.3,350,4.56,0.0
2005-04-03,21.9,24.1,20.4,23.9,1.6,5.0,77,17.7,1018.2,99,7.0,315,7.45,2296.97
2005-04-04,19.6,20.8,17.4,21.5,6.9,13.0,91,18.0,1019.9,94,8.4,313,3.64,618.06
2005-04-05,19.1,21.7,17.1,20.5,1.9,8.0,85,16.5,1015.7,100,9.1,176,10.52,7994.72
2005-04-06,21.8,27.6,16.6,24.3,0.0,0.0,83,18.5,1010.8,47,9.8,117,19.92,42368.07
2005-04-07,23.8,30.1,19.9,27.2,0.0,0.0,85,20.8,1008.0,32,15.7,146,22.31,35424.76
2005-04-08,25.8,32.1,20.7,29.9,0.0,0.0,81,22.0,1005.7,31,17.9,142,24.05,42476.66
2005-04-09,27.3,34.2,21.1,32.1,0.0,0.0,78,22.7,1005.0,36,14.0,110,25.99,43200.0
2005-04-10,26.5,32.6,21.5,31.4,0.0,0.0,82,22.9,1006.7,34,12.0,94,24.34,40767.57
2005-04-11,26.5,32.0,22.5,30.8,0.0,0.0,82,22.9,1007.5,48,14.0,109,18.01,34198.41
2005-04-12,20.8,23.9,18.8,21.2,3.3,9.0,71,15.2,1014.6,93,17.6,35,4.99,0.0
2005-04-13,20.3,22.5,17.5,19.5,0.0,0.0,56,11.0,1019.6,75,12.1,9,13.47,26953.56
2005-04-14,20.2,25.4,15.5,21.4,0.0,0.0,75,15.4,1017.5,67,10.3,138,19.38,31234.84
2005-04-15,21.4,25.1,16.6,23.7,0.0,0.0,83,18.3,1016.2,61,8.5,134,11.62,16509.92
2005-04-16,23.0,26.0,20.1,26.4,0.3,2.0,88,20.8,1013.5,78,9.8,125,7.4,518.1
2005-04-17,23.8,26.6,21.8,27.4,1.3,5.0,90,22.1,1013.4,96,15.3,129,5.45,734.76
2005-04-18,25.2,29.1,22.7,28.7,0.6,4.0,85,22.4,1014.1,90,16.7,144,14.95,31406.37
2005-04-19,25.3,29.1,22.7,29.2,2.1,7.0,85,22.5,1015.5,93,14.2,142,13.84,26489.27
2005-04-20,25.8,29.1,23.2,30.4,2.6,9.0,83,22.5,1015.7,99,8.9,127,15.24,29518.8
2005-04-21,25.9,30.8,21.7,29.3,0.0,0.0,78,21.6,1010.3,93,16.2,150,20.97,41421.47
2005-04-22,26.5,32.1,23.0,30.3,0.0,0.0,81,22.7,1008.4,90,15.5,149,17.94,38713.22
2005-04-23,26.3,30.7,23.3,30.9,1.2,5.0,86,23.6,1009.2,70,15.0,137,14.84,23231.95
2005-04-24,26.3,30.0,24.1,30.9,4.1,12.0,86,23.7,1009.8,77,13.2,122,14.11,24017.04
2005-04-25,26.7,30.5,24.4,30.9,1.0,5.0,85,23.8,1008.1,83,16.6,140,12.27,22766.49
2005-04-26,24.5,26.1,23.4,28.8,15.6,10.0,90,22.6,1009.4,97,10.7,74,5.75,0.0
2005-04-27,25.5,29.4,22.7,29.5,1.8,5.0,86,22.8,1007.8,80,13.8,144,13.36,18978.09
2005-04-28,27.4,32.0,23.7,32.1,0.0,0.0,83,24.1,1004.9,48,15.9,156,19.5,38373.54
2005-04-29,29.3,35.1,23.8,34.3,0.0,0.0,75,23.8,1002.4,11,13.5,174,24.65,43200.0
2005-04-30,30.2,36.1,24.4,35.1,0.0,0.0,68,23.4,1001.5,9,13.8,173,26.49,43587.03
2005-05-01,30.9,36.6,24.9,36.2,0.0,0.0,67,23.6,1002.3,20,12.2,177,26.29,43569.8
2005-05-02,30.6,36.1,25.2,36.4,0.0,0.0,71,24.4,1003.6,53,11.6,157,23.94,41120.16
2005-05-03,30.3,35.9,26.1,35.7,0.0,0.0,72,24.2,1004.1,54,10.6,179,23.94,41937.48
2005-05-04,29.5,34.7,25.0,34.9,0.2,1.0,76,24.6,1002.9,20,15.7,174,24.07,43264.59
2005-05-05,30.9,36.4,25.9,35.7,0.0,0.0,67,23.5,999.3,27,14.8,189,25.15,43505.13
2005-05-06,27.9,31.3,25.1,32.0,3.6,6.0,73,22.4,1005.4,64,15.4,349,16.79,30946.48
2005-05-07,26.6,30.3,23.7,30.8,1.2,5.0,81,22.9,1006.2,91,16.2,161,12.94,13418.46
2005-05-08,25.2,27.0,24.0,30.2,17.8,22.0,92,23.8,1006.2,100,11.1,153,5.28,617.34
2005-05-09,27.1,31.3,24.3,32.2,8.0,11.0,84,23.9,1002.4,56,12.0,174,16.65,32178.67
2005-05-10,29.0,33.6,24.0,35.0,0.0,0.0,79,24.7,1001.0,32,11.8,174,23.58,43693.65
2005-05-11,30.7,36.2,25.7,37.0,0.0,0.0,74,25.3,1001.1,26,14.8,153,25.33,43681.72
2005-05-12,31.6,36.6,26.9,37.9,0.0,0.0,70,25.3,1000.7,46,12.7,180,25.76,44188.87
2005-05-13,31.6,36.5,26.8,36.9,0.0,0.0,67,24.3,999.5,49,12.1,192,26.46,43919.26
2005-05-14,31.5,36.2,27.1,36.6,0.0,0.0,66,24.0,1000.0,54,15.7,173,26.15,43389.33
2005-05-15,31.4,36.2,27.4,36.7,0.0,0.0,67,24.4,1001.8,58,15.8,152,24.66,43200.0
2005-05-16,31.1,36.3,26.9,36.7,0.0,0.0,71,24.9,1003.0,39,17.8,149,26.19,44673.58
2005-05-17,31.8,36.8,27.2,37.8,0.0,0.0,68,24.7,1003.2,71,15.8,147,26.61,44405.19
2005-05-18,31.5,36.5,27.7,37.6,0.0,0.0,71,25.3,1003.7,58,15.1,137,24.54,44659.69
2005-05-19,31.0,35.4,27.8,36.7,1.0,3.0,72,25.3,1004.5,87,17.5,133,21.72,43867.52
2005-05-20,29.3,32.3,27.3,34.9,5.3,12.0,78,25.1,1005.8,83,14.8,142,15.41,30844.68
2005-05-21,29.6,34.1,26.6,34.7,1.0,1.0,76,24.7,1005.3,88,16.0,153,19.23,36525.9
2005-05-22,30.0,34.4,26.7,35.3,2.7,7.0,74,24.7,1004.5,71,14.8,155,22.64,42229.19
2005-05-23,30.1,33.9,26.6,35.8,0.1,1.0,73,24.6,1004.1,53,12.4,158,23.31,44106.13
2005-05-24,29.6,33.7,26.2,35.2,6.5,5.0,76,24.6,1005.0,50,9.2,38,20.06,42717.35
2005-05-25,28.6,32.7,25.2,34.6,13.6,6.0,80,24.7,1005.6,95,9.2,145,17.1,29875.39
2005-05-26,30.8,35.2,26.0,36.6,0.0,0.0,72,24.8,1003.5,92,10.7,177,24.03,44357.92
2005-05-27,30.5,34.3,25.8,36.2,14.4,5.0,73,24.9,1002.5,93,10.5,35,19.27,43200.0
2005-05-28,27.5,30.7,25.1,32.8,6.6,8.0,83,24.2,1004.5,99,9.4,2,10.23,10633.03
2005-05-29,27.0,29.8,24.9,32.8,11.8,17.0,87,24.6,1006.4,100,7.9,37,10.63,10555.2
2005-05-30,26.2,29.2,24.9,32.1,18.2,17.0,92,24.7,1006.3,98,9.0,93,9.53,15131.13
2005-05-31,27.7,32.0,24.6,33.3,4.5,5.0,85,24.7,1003.1,93,12.2,147,20.11,36348.56
2005-06-01,29.7,33.7,26.3,35.6,0.6,1.0,78,25.3,999.3,82,13.6,160,22.96,43975.16
2005-06-02,28.8,32.3,26.2,34.7,2.1,2.0,80,24.9,1001.0,96,10.7,359,17.0,34376.98
2005-06-03,29.7,32.8,26.3,36.4,0.5,3.0,80,25.7,1000.9,93,10.3,145,20.64,42533.53
2005-06-04,30.0,34.5,27.0,36.6,6.4,5.0,79,25.8,1000.2,97,9.4,109,18.19,39863.58
2005-06-05,29.6,34.1,26.8,36.4,15.6,11.0,83,26.3,1000.4,100,10.0,30,15.44,27173.08
2005-06-06,26.7,29.4,25.0,32.3,28.2,24.0,91,25.0,1002.4,100,12.2,357,7.68,536.59
2005-06-07,26.9,29.9,25.5,32.6,28.8,14.0,86,24.3,1002.0,91,6.4,314,11.19,18273.0
2005-06-08,27.9,31.5,25.3,33.7,2.9,3.0,81,24.2,1000.9,88,10.8,116,20.59,44024.4
2005-06-09,27.7,31.5,25.1,33.8,8.2,12.0,89,25.7,1000.7,99,10.0,124,14.19,20581.03
2005-06-10,29.2,33.6,25.5,36.1,8.1,5.0,84,25.9,999.4,95,8.0,153,20.81,41112.9
2005-06-11,29.9,33.6,27.0,36.8,0.0,0.0,81,26.0,998.4,99,9.2,163,16.61,27435.68
2005-06-12,30.3,33.0,27.4,36.5,0.1,1.0,76,25.6,998.2,99,10.4,207,15.93,23853.97
2005-06-13,31.6,36.0,28.0,37.3,0.0,0.0,68,24.8,998.7,94,12.4,215,24.49,42994.56
2005-06-14,31.5,35.0,28.7,37.3,0.0,0.0,70,25.1,998.4,100,13.8,242,19.65,29162.02
2005-06-15,29.6,31.8,27.2,36.4,3.8,12.0,83,26.3,998.4,100,12.0,20,12.54,9355.3
2005-06-16,26.9,30.2,25.5,33.3,61.1,24.0,94,25.8,1000.2,100,10.9,52,7.71,2434.25
2005-06-17,29.0,32.6,26.0,35.2,7.9,10.0,83,25.7,1001.1,100,13.0,157,15.92,31143.87
2005-06-18,30.3,34.2,26.9,36.1,1.9,3.0,75,25.1,1000.8,98,11.5,174,20.8,32138.79
2005-06-19,30.0,33.2,27.9,35.2,0.0,0.0,73,24.6,1000.6,100,10.7,181,11.6,18181.11
2005-06-20,30.6,35.4,27.8,36.3,0.5,1.0,73,25.1,1000.6,100,11.5,201,14.79,21798.44
2005-06-21,31.4,35.3,28.2,37.3,0.1,1.0,70,25.1,1000.5,100,12.9,209,20.79,38055.68
2005-06-22,30.1,32.7,28.0,36.6,0.1,1.0,78,25.7,1001.8,100,7.4,117,14.12,13557.88
2005-06-23,28.4,32.0,26.3,34.9,4.8,14.0,88,26.0,1002.2,100,9.5,47,13.21,12115.81
2005-06-24,28.6,32.5,26.3,35.3,11.6,13.0,87,26.0,1001.8,93,12.6,118,17.1,25551.52
2005-06-25,30.1,33.5,26.9,35.9,0.1,1.0,74,24.9,1000.6,98,11.1,187,20.13,41517.42
2005-06-26,30.9,34.6,27.7,35.6,0.0,0.0,65,23.4,999.2,97,14.6,210,24.34,38073.27
2005-06-27,31.2,35.3,27.6,36.5,0.0,0.0,66,24.0,998.4,99,13.8,226,24.68,40663.27
2005-06-28,31.0,34.5,27.9,36.8,0.2,1.0,70,24.6,998.9,99,9.9,194,20.43,35130.28
2005-06-29,27.3,30.6,25.7,33.5,18.8,21.0,88,25.1,1002.4,98,8.7,322,10.67,13362.1
2005-06-30,27.5,31.5,25.0,33.3,4.2,10.0,86,24.8,1002.9,91,11.7,100,15.52,28812.8
2005-07-01,27.1,30.2,25.3,33.1,16.3,17.0,90,25.3,1003.6,100,10.8,101,10.83,5167.66
2005-07-02,27.1,30.1,24.7,33.1,24.7,18.0,90,25.3,1004.6,100,11.0,124,9.53,0.0
2005-07-03,27.8,30.8,25.6,33.8,12.7,19.0,86,25.2,1005.2,85,11.2,144,15.03,31524.16
2005-07-04,28.0,31.2,25.2,33.7,3.5,11.0,84,25.0,1005.0,50,13.0,139,20.03,44469.67
2005-07-05,28.4,32.2,25.4,34.2,0.8,3.0,84,25.3,1004.8,26,15.2,141,22.23,45523.09
2005-07-06,29.1,32.9,25.9,35.0,1.3,3.0,82,25.5,1003.8,26,12.7,150,22.28,44727.01
2005-07-07,30.2,34.0,27.0,36.4,0.0,0.0,78,25.8,1001.9,64,13.2,152,22.16,44467.49
2005-07-08,30.6,34.9,27.7,37.1,1.9,5.0,78,26.1,1001.3,91,11.6,153,22.72,43674.46
2005-07-09,30.2,34.0,27.5,36.5,3.8,8.0,78,25.8,1002.2,97,12.7,148,21.64,43929.61
2005-07-10,29.7,33.4,26.7,35.9,9.0,15.0,80,25.7,1004.6,97,11.3,153,20.48,41332.8
2005-07-11,28.8,32.4,26.7,35.3,6.1,13.0,84,25.7,1007.2,98,11.6,124,17.32,38706.18
2005-07-12,27.7,30.8,25.4,33.6,3.9,13.0,86,25.1,1008.4,95,15.0,130,17.39,39001.93
2005-07-13,27.7,31.5,25.2,33.7,5.1,9.0,86,25.1,1008.2,80,11.3,133,16.74,38177.38
2005-07-14,29.2,33.5,25.9,35.2,0.3,2.0,78,24.8,1008.9,55,11.4,156,22.82,42767.76
2005-07-15,29.8,33.8,26.9,35.9,2.4,4.0,78,25.4,1008.6,36,11.5,158,23.68,43478.1
2005-07-16,29.5,33.1,26.6,35.6,0.7,3.0,81,25.7,1007.4,30,12.3,151,22.28,44833.46
2005-07-17,29.9,34.4,26.1,36.0,0.5,1.0,77,25.2,1004.2,19,12.0,152,24.57,43566.51
2005-07-18,30.6,34.2,26.9,37.5,0.0,0.0,76,25.7,1002.7,28,9.3,156,23.6,44861.26
2005-07-19,30.9,34.8,27.2,37.8,2.5,3.0,76,26.0,1001.0,47,9.2,275,23.44,43819.89
2005-07-20,29.8,33.5,27.1,36.6,2.3,4.0,81,25.9,1001.3,93,10.5,299,22.63,43200.0
2005-07-21,29.2,33.1,26.7,36.1,12.9,8.0,83,25.8,1000.9,98,7.8,272,19.68,39600.0
2005-07-22,27.6,31.6,26.0,33.9,7.6,8.0,88,25.5,1001.0,95,9.3,357,12.74,17669.1
2005-07-23,26.5,30.7,24.7,32.2,26.4,16.0,90,24.7,1001.8,100,9.1,1,10.98,8297.17
2005-07-24,26.0,28.2,24.8,31.5,9.6,24.0,91,24.4,1001.6,100,7.0,10,8.74,6017.7
2005-07-25,25.9,28.9,24.6,30.6,19.4,23.0,90,24.1,1002.0,98,13.5,47,6.99,3509.26
2005-07-26,26.8,31.3,24.4,32.3,6.9,9.0,87,24.4,1003.2,64,8.7,318,14.61,30151.1
2005-07-27,28.3,32.8,24.1,34.5,0.0,0.0,82,24.6,1002.3,27,12.2,137,24.18,43759.62
2005-07-28,29.0,33.2,25.1,35.0,0.0,0.0,80,24.8,1001.7,13,10.8,143,24.97,44030.29
2005-07-29,29.1,33.8,24.6,35.6,0.0,0.0,80,25.0,999.7,66,7.3,231,25.22,43200.0
2005-07-30,29.0,32.9,26.7,34.5,16.1,14.0,81,25.3,997.2,99,16.2,349,18.97,32792.88
2005-07-31,25.9,27.5,25.2,28.9,95.8,23.0,89,23.8,995.9,100,28.8,340,2.65,0.0
2005-08-01,28.2,31.1,25.9,33.7,17.4,20.0,85,25.4,1002.8,89,15.3,133,16.01,37154.08
2005-08-02,28.1,32.4,24.7,34.6,5.7,7.0,86,25.4,1003.7,50,8.3,93,19.35,43569.3
2005-08-03,29.5,33.2,26.0,36.3,0.1,1.0,81,25.8,1001.0,30,9.5,158,23.89,43324.84
2005-08-04,29.6,33.5,26.6,36.2,0.0,0.0,82,26.0,999.5,87,12.3,304,19.7,39373.56
2005-08-05,28.3,31.9,26.6,34.9,8.4,8.0,88,26.0,999.0,80,10.2,102,13.78,27344.27
2005-08-06,27.9,32.5,25.7,34.3,7.4,15.0,87,25.5,998.7,97,8.7,330,17.47,29330.62
2005-08-07,26.6,30.5,24.9,32.3,16.8,18.0,91,25.0,999.7,74,10.6,318,10.36,18056.13
2005-08-08,27.8,32.9,25.1,34.5,17.6,13.0,88,25.4,1001.3,82,9.7,114,19.0,35127.41
2005-08-09,27.1,31.5,25.2,33.4,10.2,16.0,90,25.4,1001.8,87,10.2,97,14.59,26736.15
2005-08-10,27.2,31.7,24.8,33.4,3.9,12.0,89,25.1,1000.1,99,8.0,19,14.5,22559.01
2005-08-11,26.8,30.1,25.1,31.7,29.8,23.0,89,24.9,999.3,100,16.1,338,11.36,18485.56
2005-08-12,26.0,27.0,25.2,30.4,20.9,20.0,92,24.5,1000.4,100,23.2,68,6.16,1124.72
2005-08-13,27.5,31.5,24.8,33.7,3.3,8.0,87,25.0,1002.1,95,8.0,317,17.83,35144.49
2005-08-14,29.2,32.9,25.9,35.7,0.1,1.0,82,25.7,1001.9,90,10.5,198,21.66,40977.26
2005-08-15,29.7,33.6,26.1,36.0,0.0,0.0,77,25.0,1001.0,95,6.9,222,22.59,37947.35
2005-08-16,27.0,30.5,25.5,33.5,21.8,18.0,92,25.6,1001.7,99,9.4,79,12.18,21114.09
2005-08-17,25.8,28.8,24.4,31.3,18.5,20.0,92,24.3,1002.9,98,11.6,31,8.88,9956.84
2005-08-18,25.7,29.0,24.2,31.3,9.9,15.0,92,24.3,1004.9,96,7.4,337,6.29,3079.23
2005-08-19,27.5,31.2,24.4,33.7,1.0,4.0,88,25.1,1004.4,98,10.4,160,17.19,35537.47
2005-08-20,29.0,33.6,24.9,35.1,0.0,0.0,80,24.8,1001.5,77,8.7,213,20.98,42067.36
2005-08-21,29.4,33.8,25.8,36.2,0.5,2.0,82,25.7,1001.2,96,9.3,136,20.23,31705.72
2005-08-22,27.1,29.5,25.6,32.9,3.0,11.0,89,25.0,1005.7,100,10.0,345,9.89,2100.8
2005-08-23,27.2,30.9,24.8,33.4,18.5,17.0,88,24.9,1006.6,93,7.3,121,15.01,26972.31
2005-08-24,26.4,29.4,24.3,31.8,26.8,16.0,89,24.2,1006.4,99,8.9,22,9.23,8251.85
2005-08-25,26.4,28.8,24.8,32.1,15.0,18.0,89,24.3,1006.8,99,6.3,4,9.79,14364.03
2005-08-26,25.9,28.4,24.5,31.6,19.1,20.0,90,24.2,1008.1,95,6.8,125,8.95,16191.12
2005-08-27,26.6,30.2,24.1,32.1,6.7,13.0,89,24.5,1006.8,81,11.5,133,15.93,35168.56
2005-08-28,26.3,29.7,24.3,31.7,18.3,18.0,90,24.5,1005.4,99,9.2,107,11.67,23580.97
2005-08-29,27.1,29.7,24.9,33.0,2.8,12.0,86,24.5,1005.3,85,9.0,71,13.39,31273.76
2005-08-30,26.8,30.0,24.7,32.1,8.4,15.0,88,24.5,1003.3,72,14.5,326,12.24,28482.17
2005-08-31,26.2,29.2,24.4,31.7,31.1,18.0,91,24.6,1003.0,94,10.1,329,8.89,7880.35
2005-09-01,28.3,32.8,24.5,34.8,0.6,4.0,85,25.4,1003.8,34,9.7,319,23.21,43200.0
2005-09-02,28.6,33.1,25.8,34.8,4.7,3.0,83,25.3,1004.6,57,10.5,319,22.02,43200.0
2005-09-03,28.8,32.9,26.2,35.0,2.9,3.0,82,25.3,1004.7,71,9.2,312,21.19,40961.27
2005-09-04,27.9,31.4,25.4,33.4,2.7,8.0,82,24.4,1005.1,52,11.3,337,19.36,43200.0
2005-09-05,27.0,29.7,25.0,31.3,0.0,0.0,79,22.8,1007.5,31,15.5,30,20.02,43200.0
2005-09-06,27.0,30.0,24.8,31.2,0.1,1.0,76,22.3,1008.5,41,10.7,19,18.27,41264.64
2005-09-07,27.1,30.7,24.8,32.6,3.5,7.0,84,24.0,1009.3,44,9.2,14,17.96,36177.9
2005-09-08,27.6,31.2,25.0,33.4,2.0,8.0,83,24.3,1009.7,57,8.4,329,19.38,41299.38
2005-09-09,27.0,32.3,24.4,33.1,7.1,6.0,86,24.4,1009.4,56,9.5,129,20.18,36701.98
2005-09-10,26.2,31.1,24.0,31.8,12.6,12.0,88,23.9,1008.3,54,11.4,122,15.67,28802.51
2005-09-11,27.3,31.6,23.5,33.1,0.0,0.0,84,24.1,1007.3,32,8.1,13,22.65,39592.15
2005-09-12,27.6,32.2,23.6,32.8,0.0,0.0,80,23.4,1008.7,30,10.5,353,21.52,43135.94
2005-09-13,27.3,31.8,24.1,32.2,7.2,5.0,80,23.5,1010.2,65,14.8,9,18.28,32400.0
2005-09-14,25.8,28.5,24.4,31.1,23.6,22.0,91,24.1,1012.5,99,11.0,10,7.32,8347.58
2005-09-15,26.2,30.1,24.1,31.8,3.5,13.0,89,24.2,1011.9,64,6.6,268,12.93,29889.74
2005-09-16,27.3,31.7,23.9,33.4,0.2,2.0,86,24.6,1009.6,41,8.9,139,20.37,39306.63
2005-09-17,28.0,32.1,23.7,33.7,0.0,0.0,80,23.9,1008.6,51,9.7,334,22.06,42338.2
2005-09-18,25.6,26.8,24.8,28.5,61.9,22.0,88,23.5,1006.1,100,27.6,33,2.66,0.0
2005-09-19,25.8,28.3,24.4,30.2,32.5,20.0,91,24.2,1010.6,99,22.3,116,6.16,2052.11
2005-09-20,26.0,29.6,23.5,31.6,3.8,10.0,91,24.3,1011.4,72,8.2,91,14.6,34325.1
2005-09-21,27.1,30.9,23.9,32.7,0.6,4.0,84,24.1,1009.1,24,7.8,148,19.31,42616.12
2005-09-22,27.9,32.1,24.1,33.9,0.4,3.0,83,24.5,1008.3,16,7.2,128,20.59,42558.32
2005-09-23,27.8,32.1,24.1,34.2,1.9,4.0,86,25.1,1008.0,43,6.7,77,20.08,39219.93
2005-09-24,27.3,31.0,24.6,32.3,1.6,3.0,80,23.3,1007.6,27,11.2,359,20.45,41772.8
2005-09-25,27.5,31.3,24.0,31.8,0.0,0.0,76,22.6,1006.0,29,12.0,339,20.7,42387.0
2005-09-26,27.4,28.8,26.2,29.9,1.0,5.0,72,21.9,1005.1,96,26.7,332,10.02,21282.3
2005-09-27,24.8,27.1,23.9,25.8,92.5,23.0,90,22.9,1003.9,100,35.6,50,1.89,0.0
2005-09-28,25.0,27.3,23.9,29.2,35.6,22.0,95,24.0,1009.6,99,23.0,125,4.2,164.62
2005-09-29,25.7,29.5,23.6,30.9,12.9,19.0,90,23.9,1011.1,92,9.3,133,12.88,18873.47
2005-09-30,26.5,31.1,23.8,32.0,8.4,11.0,89,24.5,1011.7,46,11.0,140,15.31,38600.16
2005-10-01,27.1,31.2,23.7,32.6,0.8,1.0,84,23.9,1011.3,25,10.2,154,19.45,40594.45
2005-10-02,27.4,31.9,23.4,33.1,0.0,0.0,82,23.8,1009.3,20,7.3,150,20.77,41611.37
2005-10-03,26.9,31.8,23.4,32.7,4.1,4.0,87,24.3,1008.4,50,10.7,19,19.67,37035.7
2005-10-04,26.5,29.6,24.0,30.7,5.1,7.0,79,22.3,1012.1,69,12.4,7,15.6,34800.76
2005-10-05,26.4,30.3,23.1,30.4,0.0,0.0,75,21.2,1012.6,20,9.6,66,20.87,40955.91
2005-10-06,26.3,30.1,22.7,30.9,0.1,1.0,81,22.5,1011.8,13,7.4,132,18.16,40241.42
2005-10-07,26.6,31.0,22.9,30.8,1.3,3.0,79,22.4,1012.8,71,14.5,356,19.5,39600.0
2005-10-08,25.4,28.6,22.8,26.5,0.0,0.0,63,17.6,1015.2,90,17.2,356,15.99,37692.25
2005-10-09,24.1,28.6,20.6,25.2,0.0,0.0,63,16.1,1015.5,38,14.8,350,21.16,40822.22
2005-10-10,24.0,29.4,19.5,25.9,0.0,0.0,67,17.2,1014.7,38,10.6,329,21.98,40601.85
2005-10-11,25.2,30.3,20.1,28.5,0.0,0.0,73,19.7,1013.6,76,8.9,314,20.92,39883.29
2005-10-12,25.3,28.7,21.8,29.6,0.0,0.0,82,21.9,1012.8,46,6.4,277,10.21,32031.8
2005-10-13,25.8,29.7,22.9,30.8,1.2,6.0,86,23.1,1012.3,34,8.7,126,13.75,34014.89
2005-10-14,26.1,30.5,22.2,31.0,0.0,0.0,83,22.7,1012.5,35,9.2,139,17.6,38343.79
2005-10-15,25.6,29.6,22.1,30.2,10.8,8.0,84,22.6,1014.0,44,10.5,73,15.63,38228.36
2005-10-16,24.1,27.5,22.0,26.6,0.1,1.0,71,18.4,1015.6,59,9.2,12,15.47,33663.53
2005-10-17,24.8,28.8,20.9,28.7,0.4,3.0,81,21.2,1015.5,31,9.1,116,15.72,39600.0
2005-10-18,24.8,28.9,22.1,29.5,11.4,5.0,88,22.5,1016.2,47,11.5,108,14.06,36713.31
2005-10-19,24.7,28.1,22.6,29.3,4.3,13.0,88,22.5,1016.0,66,10.3,108,11.66,35332.15
2005-10-20,25.0,29.3,21.9,29.3,1.3,5.0,84,21.9,1016.3,40,6.9,158,16.66,39600.0
2005-10-21,25.6,29.2,21.9,29.5,0.4,4.0,79,21.3,1016.2,29,7.3,67,16.82,39600.0
2005-10-22,24.6,28.2,22.2,26.9,1.4,5.0,73,19.2,1017.7,59,15.0,30,14.15,37719.82
2005-10-23,23.6,26.8,21.1,24.4,0.0,0.0,61,15.5,1019.2,57,12.2,23,16.37,31000.22
2005-10-24,22.5,25.6,19.3,23.2,0.0,0.0,61,14.5,1018.5,57,10.5,357,15.8,32771.8
2005-10-25,23.5,27.0,19.6,26.0,0.0,0.0,75,18.7,1016.3,61,6.9,131,12.02,27168.63
2005-10-26,24.1,27.0,21.4,27.5,0.7,3.0,82,20.8,1015.7,50,10.2,112,11.82,38783.44
2005-10-27,24.8,29.0,21.2,28.5,1.2,6.0,82,21.2,1015.6,50,10.4,131,15.21,36770.99
2005-10-28,25.1,29.6,20.9,29.1,0.0,0.0,80,21.2,1015.3,70,6.7,97,16.38,39552.33
2005-10-29,21.7,23.5,19.7,21.7,0.1,1.0,68,15.4,1016.8,99,17.1,8,4.89,2644.86
2005-10-30,18.8,20.1,18.1,18.4,0.8,6.0,74,14.1,1019.0,100,14.9,340,3.49,0.0
2005-10-31,21.1,25.9,17.9,21.6,0.0,0.0,69,14.8,1017.7,53,11.9,327,17.05,37103.0
2005-11-01,22.2,26.3,18.2,23.3,1.5,2.0,67,15.5,1015.5,89,8.9,333,13.71,29796.75
2005-11-02,21.5,22.5,20.5,23.8,17.0,18.0,88,19.3,1014.3,100,9.5,326,4.53,2583.23
2005-11-03,22.5,24.2,21.2,26.4,28.9,24.0,96,21.8,1014.1,100,8.8,314,4.28,2390.51
2005-11-04,23.9,26.4,22.6,28.5,6.2,12.0,93,22.6,1013.8,78,7.5,130,4.86,7158.92
2005-11-05,25.1,28.8,21.9,29.5,0.0,0.0,87,22.6,1011.9,79,8.9,143,8.96,20071.57
2005-11-06,25.5,29.0,22.1,30.0,0.0,0.0,85,22.7,1011.5,76,10.8,135,9.04,18554.26
2005-11-07,25.8,29.8,22.6,29.9,0.0,0.0,85,22.9,1012.0,41,12.0,151,11.77,35752.34
2005-11-08,25.9,30.0,23.4,30.0,0.0,0.0,85,22.9,1013.0,53,12.4,153,12.25,32803.99
2005-11-09,25.7,29.8,23.0,29.5,0.0,0.0,83,22.4,1012.5,41,13.3,157,14.1,36503.08
2005-11-10,26.0,30.1,23.1,30.0,0.0,0.0,84,22.9,1009.6,37,13.0,156,11.73,35688.59
2005-11-11,26.0,29.3,23.7,30.9,7.3,6.0,87,23.6,1009.2,69,11.2,155,9.77,25054.0
2005-11-12,24.5,27.0,22.8,29.2,13.5,19.0,91,23.0,1010.2,84,8.7,97,7.7,21293.2
2005-11-13,24.9,28.5,23.3,29.7,6.4,11.0,90,23.2,1010.1,70,9.2,136,8.68,25170.97
2005-11-14,25.2,28.9,23.2,30.0,5.8,12.0,89,23.2,1010.7,55,7.7,113,10.29,23609.01
2005-11-15,20.7,23.0,19.1,21.7,4.0,12.0,80,17.1,1013.8,95,18.8,26,3.31,0.0
2005-11-16,19.3,21.2,18.0,19.5,1.1,7.0,71,13.9,1017.0,99,9.1,344,6.61,10329.95
2005-11-17,18.7,20.0,17.5,18.5,0.3,3.0,71,13.4,1018.6,99,10.5,7,4.55,1531.29
2005-11-18,17.1,18.9,15.7,15.6,0.0,0.0,67,10.9,1022.1,99,16.7,5,6.01,8296.71
2005-11-19,16.4,17.3,15.7,14.6,0.0,0.0,63,9.3,1024.5,96,15.9,350,4.49,0.0
2005-11-20,17.4,20.8,15.3,16.2,0.0,0.0,60,9.4,1023.1,26,13.6,360,15.31,36742.85
2005-11-21,16.5,20.9,13.4,15.3,0.0,0.0,64,9.4,1023.5,32,13.1,359,16.0,37833.81
2005-11-22,16.2,20.8,12.8,15.2,0.0,0.0,66,9.6,1022.8,15,11.8,352,17.47,38125.45
2005-11-23,16.2,21.5,11.9,15.4,0.0,0.0,71,10.5,1022.2,4,12.2,337,17.77,38666.07
2005-11-24,17.0,22.2,12.6,16.5,0.0,0.0,72,11.4,1020.4,10,11.5,325,16.64,38442.48
2005-11-25,18.1,23.5,13.2,18.6,0.0,0.0,76,13.4,1018.2,17,7.7,334,16.91,37660.88
2005-11-26,19.5,24.8,15.1,20.6,0.0,0.0,77,15.1,1017.0,14,8.4,335,15.82,37414.92
2005-11-27,20.4,26.2,14.8,22.2,0.0,0.0,81,16.8,1015.0,35,12.0,153,16.3,37168.01
2005-11-28,21.1,25.2,18.2,23.5,0.2,2.0,86,18.6,1016.0,71,7.6,341,6.67,12620.02
2005-11-29,21.1,24.9,18.2,22.2,0.0,0.0,74,16.0,1015.6,59,11.9,347,10.35,33491.28
2005-11-30,20.9,24.9,17.5,22.9,0.0,0.0,85,18.1,1011.6,78,14.1,132,6.85,14184.51
2005-12-01,22.4,26.5,19.9,25.0,0.8,3.0,87,20.0,1012.1,88,13.7,152,10.9,29272.92
2005-12-02,22.5,26.2,19.9,25.0,1.1,4.0,86,19.9,1014.4,62,12.8,131,8.96,17901.21
2005-12-03,22.7,26.6,16.7,25.2,2.1,7.0,84,19.7,1013.9,83,22.2,104,8.14,17546.37
2005-12-04,15.4,16.4,14.5,13.8,3.6,9.0,70,9.8,1018.3,100,15.5,12,2.41,0.0
2005-12-05,13.1,15.5,10.2,11.0,0.7,5.0,71,7.9,1021.4,100,13.9,20,2.09,0.0
2005-12-06,9.6,10.2,9.0,6.6,1.3,5.0,69,4.2,1026.4,100,13.7,5,2.13,0.0
2005-12-07,11.1,13.1,9.0,8.8,0.6,3.0,67,5.1,1025.6,99,10.2,341,4.1,1025.71
2005-12-08,14.1,17.0,12.4,12.5,0.0,0.0,63,6.9,1022.2,75,9.0,336,9.55,26844.99
2005-12-09,15.6,19.8,11.6,15.3,0.5,2.0,74,10.8,1018.1,57,7.4,72,9.63,29925.04
2005-12-10,17.9,21.8,14.3,18.6,0.0,0.0,79,14.1,1016.4,60,8.5,29,7.35,10131.73
2005-12-11,16.3,17.5,14.8,15.5,0.7,4.0,74,11.6,1020.2,99,11.5,12,2.6,0.0
2005-12-12,14.7,16.6,13.5,12.7,0.3,2.0,62,7.4,1023.3,96,12.6,359,4.3,5052.34
2005-12-13,14.9,16.7,13.7,13.1,0.0,0.0,59,6.9,1023.0,97,10.8,9,5.37,5561.81
2005-12-14,15.1,15.7,14.8,12.9,0.0,0.0,54,5.8,1024.8,100,11.2,355,4.23,1691.04
2005-12-15,13.6,16.1,10.7,10.5,0.0,0.0,48,2.4,1026.8,62,13.4,2,8.7,17743.91
2005-12-16,13.5,17.6,10.0,11.6,0.0,0.0,59,5.4,1025.0,44,8.7,333,13.67,36197.23
2005-12-17,15.3,19.9,11.5,12.7,0.0,0.0,54,5.7,1026.2,47,17.3,353,12.13,28852.28
2005-12-18,13.2,17.9,9.3,10.8,0.0,0.0,53,3.4,1024.4,0,11.9,354,17.01,36229.32
2005-12-19,12.4,18.6,6.6,10.3,0.0,0.0,62,4.4,1021.9,27,7.9,323,17.03,36244.6
2005-12-20,14.3,19.3,9.1,12.4,0.0,0.0,60,6.1,1021.8,55,9.4,332,13.02,35384.74
2005-12-21,14.9,18.0,12.8,11.0,0.0,0.0,40,1.2,1028.4,51,20.6,14,11.33,35464.92
2005-12-22,12.9,17.5,8.8,10.0,0.0,0.0,47,1.4,1027.5,9,13.2,357,16.71,36015.49
2005-12-23,14.2,19.4,9.4,12.5,0.0,0.0,58,5.7,1020.3,25,10.2,139,15.75,35994.83
2005-12-24,16.0,20.7,10.9,15.7,0.0,0.0,72,10.8,1018.5,33,9.2,110,14.51,35890.15
2005-12-25,17.8,21.7,13.1,18.9,0.5,2.0,85,15.1,1017.6,72,5.6,67,7.58,21600.0
2005-12-26,17.3,18.7,15.4,18.2,4.4,17.0,90,15.6,1018.4,100,9.1,30,2.16,0.0
2005-12-27,14.9,15.6,14.0,14.9,9.8,15.0,90,13.4,1020.5,100,10.6,9,1.53,0.0
2005-12-28,15.5,17.9,13.8,15.4,0.0,0.0,82,12.4,1020.6,100,8.4,5,4.69,1610.75
2005-12-29,16.7,19.8,14.9,16.8,0.0,0.0,78,12.7,1019.5,93,7.9,30,5.77,7853.22
2005-12-30,18.5,23.0,14.3,19.6,0.0,0.0,81,15.0,1018.0,79,9.3,136,9.89,25683.97
2005-12-31,19.1,23.0,14.1,20.6,0.0,0.0,83,15.9,1018.7,67,6.7,157,10.1,29857.36
2006-01-01,20.2,22.7,18.0,22.1,0.0,0.0,84,17.3,1018.2,90,9.3,124,4.97,2666.33
2006-01-02,20.3,23.2,18.2,21.9,0.0,0.0,83,17.3,1017.2,91,10.7,140,6.81,10852.2
2006-01-03,21.4,26.0,18.5,22.4,0.0,0.0,83,18.1,1012.8,59,19.8,166,12.28,33413.44
2006-01-04,22.1,26.6,19.5,24.1,0.0,0.0,83,18.9,1010.2,51,14.4,158,14.06,36085.51
2006-01-05,16.9,21.1,12.2,16.0,1.2,6.0,73,11.9,1017.4,96,23.0,38,4.95,11111.33
2006-01-06,10.7,11.9,9.8,7.6,1.8,9.0,64,4.1,1025.5,98,16.1,26,3.01,382.22
2006-01-07,10.7,11.9,9.3,7.7,0.0,0.0,50,0.6,1025.5,81,12.2,33,7.39,25893.31
2006-01-08,11.2,12.4,10.4,8.5,0.0,0.0,55,2.6,1024.3,95,11.2,356,4.06,866.06
2006-01-09,12.6,16.6,9.6,10.5,0.0,0.0,59,4.6,1022.8,42,9.5,318,14.53,35776.61
2006-01-10,12.9,18.3,7.9,11.6,0.0,0.0,74,7.8,1019.6,27,8.7,116,15.1,36235.99
2006-01-11,14.8,20.5,9.4,13.8,0.0,0.0,75,10.1,1015.7,46,11.1,136,14.08,34539.97
2006-01-12,17.2,21.2,12.4,18.0,0.0,0.0,84,14.3,1014.1,87,8.0,102,7.33,3376.69
2006-01-13,19.0,22.0,16.7,20.3,0.6,4.0,87,16.7,1013.7,94,11.8,132,4.77,0.0
2006-01-14,20.5,24.2,17.9,21.7,0.1,1.0,85,17.6,1012.9,75,16.6,142,8.2,13307.44
2006-01-15,21.1,25.6,19.1,22.6,3.0,12.0,85,18.4,1012.9,81,16.9,139,8.06,20069.39
2006-01-16,20.9,23.7,19.3,21.8,0.8,4.0,85,18.2,1011.9,91,20.0,140,5.56,5408.96
2006-01-17,22.1,25.4,19.6,24.1,1.3,10.0,89,20.1,1010.1,89,18.3,146,7.02,6392.08
2006-01-18,23.4,29.1,19.8,26.0,0.0,0.0,84,20.3,1007.5,47,14.7,139,14.87,34016.88
2006-01-19,22.3,28.0,19.0,24.8,0.0,0.0,82,18.8,1006.9,44,11.5,65,15.77,33772.84
2006-01-20,16.1,18.5,14.5,14.7,0.6,3.0,69,10.3,1013.3,92,12.0,33,4.29,0.0
2006-01-21,13.7,14.9,12.2,11.3,0.2,2.0,58,5.6,1019.2,99,11.5,11,3.91,0.0
2006-01-22,13.4,14.9,12.1,11.1,0.0,0.0,56,4.7,1019.0,91,9.2,31,6.09,7971.42
2006-01-23,13.3,15.9,11.3,10.7,0.0,0.0,54,4.1,1022.5,77,12.2,6,9.53,29004.38
2006-01-24,13.2,15.6,11.5,11.0,0.0,0.0,58,5.0,1023.5,74,10.7,9,9.25,29805.6
2006-01-25,13.8,18.0,9.6,12.2,0.0,0.0,65,7.0,1024.0,57,8.4,340,13.68,36700.43
2006-01-26,15.4,20.7,11.6,13.6,0.0,0.0,61,7.5,1024.3,24,15.2,342,18.08,38262.56
2006-01-27,15.6,21.3,10.7,14.6,0.0,0.0,66,8.7,1019.3,31,11.6,83,18.38,38378.65
2006-01-28,16.4,23.0,10.1,16.3,0.0,0.0,77,12.0,1015.4,8,12.6,117,18.82,38416.4
2006-01-29,18.0,23.7,13.5,18.8,0.0,0.0,84,15.0,1015.6,69,14.3,138,14.04,34682.55
2006-01-30,20.9,25.5,18.0,22.4,0.4,4.0,81,17.2,1016.6,81,9.2,149,8.56,17154.13
2006-01-31,21.2,25.4,18.9,24.0,4.2,12.0,88,18.9,1018.9,80,8.4,118,8.18,21137.5
2006-02-01,20.7,26.0,18.2,22.7,3.2,11.0,89,18.5,1018.7,70,15.2,137,9.18,21397.4
2006-02-02,21.1,24.8,18.3,21.6,0.0,0.0,81,17.5,1017.6,77,20.9,149,9.01,16462.01
2006-02-03,21.3,24.8,19.4,22.6,0.5,4.0,79,17.4,1021.4,96,12.6,113,6.51,13379.7
2006-02-04,19.3,22.0,16.9,19.7,0.1,1.0,77,15.0,1023.5,81,13.4,97,7.47,16645.44
2006-02-05,17.8,19.9,16.2,18.4,0.0,0.0,78,13.8,1021.6,100,8.4,77,3.86,718.44
2006-02-06,19.4,23.1,17.1,20.4,0.3,3.0,79,15.5,1018.9,95,11.8,136,7.85,12438.43
2006-02-07,18.7,21.5,16.2,20.3,0.3,3.0,85,16.1,1020.7,82,6.4,81,4.3,679.25
2006-02-08,19.0,24.6,14.7,19.7,0.0,0.0,77,14.4,1023.1,86,9.3,116,11.93,26035.25
2006-02-09,17.8,20.0,16.0,18.9,2.8,13.0,87,15.5,1024.4,100,9.4,51,2.88,0.0
2006-02-10,14.6,15.7,13.2,14.1,3.5,10.0,82,11.6,1022.6,100,9.8,31,2.94,0.0
2006-02-11,17.2,20.3,14.6,17.6,0.0,0.0,76,12.8,1018.9,100,5.4,76,5.84,1202.56
2006-02-12,18.2,19.8,17.1,19.9,2.4,13.0,90,16.6,1018.6,100,5.9,94,2.55,0.0
2006-02-13,20.6,25.4,17.4,21.6,0.0,0.0,82,17.0,1015.2,61,15.6,153,12.41,30397.79
2006-02-14,22.2,27.4,18.3,23.6,0.7,6.0,83,18.9,1011.6,76,17.1,159,12.07,29125.34
2006-02-15,23.5,29.0,20.8,25.8,0.1,1.0,82,20.0,1009.6,61,14.8,151,15.49,31353.41
2006-02-16,23.4,28.0,20.4,26.4,1.3,4.0,85,20.5,1011.7,87,13.2,100,10.23,22737.29
2006-02-17,14.7,19.0,12.1,13.7,13.1,24.0,85,12.2,1018.9,100,14.9,24,2.97,0.0
2006-02-18,12.5,14.1,11.1,11.0,1.5,5.0,78,8.7,1021.0,97,10.8,19,3.38,0.0
2006-02-19,13.7,15.1,12.4,12.5,0.0,0.0,72,8.8,1019.8,95,8.9,27,4.23,0.0
2006-02-20,14.7,16.8,12.8,13.9,0.1,1.0,75,10.3,1019.4,89,7.6,23,5.35,710.21
2006-02-21,18.6,22.2,14.9,19.5,0.0,0.0,80,15.1,1015.2,96,8.2,125,8.4,5711.32
2006-02-22,18.6,20.7,16.6,19.2,6.0,14.0,81,15.1,1017.7,100,16.3,18,3.43,0.0
2006-02-23,16.8,19.4,15.1,16.1,0.0,0.0,68,10.8,1018.7,100,9.8,7,7.14,5510.1
2006-02-24,16.0,17.3,14.8,15.9,1.6,11.0,79,12.4,1017.6,100,8.1,21,4.13,0.0
2006-02-25,16.1,18.0,14.5,16.2,1.3,9.0,82,13.0,1015.2,96,7.9,23,4.82,929.09
2006-02-26,16.4,17.9,14.9,16.8,0.9,7.0,83,13.5,1014.3,100,6.8,33,4.06,0.0
2006-02-27,16.4,18.0,15.1,17.2,4.2,17.0,92,15.0,1013.3,100,8.8,15,3.6,0.0
2006-02-28,14.1,15.9,12.8,12.2,3.6,10.0,74,9.1,1018.4,92,14.4,26,4.45,1757.97
2006-03-01,14.0,17.5,12.1,10.9,0.0,0.0,46,2.5,1022.7,63,15.6,40,13.0,28718.27
2006-03-02,14.1,18.3,10.0,12.2,0.0,0.0,55,4.6,1022.0,51,7.6,357,19.63,40240.43
2006-03-03,15.8,22.0,9.7,14.8,0.0,0.0,67,9.3,1018.3,14,14.5,142,21.46,41234.13
2006-03-04,17.3,20.8,12.6,17.5,0.0,0.0,80,13.7,1015.9,65,9.9,123,9.92,14422.06
2006-03-05,19.0,20.9,17.1,20.6,0.2,2.0,87,16.7,1015.3,99,7.7,117,4.21,0.0
2006-03-06,20.0,21.7,18.4,22.5,1.6,9.0,90,18.2,1014.6,100,6.6,81,4.05,0.0
2006-03-07,21.1,23.9,18.9,23.4,0.5,4.0,88,19.0,1012.8,99,12.1,138,4.84,0.0
2006-03-08,21.4,23.8,19.8,24.3,2.0,13.0,91,19.9,1014.1,100,8.7,115,4.57,487.77
2006-03-09,22.0,24.4,20.0,25.1,0.2,2.0,90,20.3,1015.5,96,11.4,140,3.79,0.0
2006-03-10,22.6,26.4,19.7,24.7,0.2,2.0,88,20.3,1012.1,94,16.5,147,7.44,2156.17
2006-03-11,23.6,27.2,21.6,26.4,0.6,3.0,88,21.4,1008.0,91,18.1,144,9.15,12656.25
2006-03-12,23.5,27.3,17.4,26.3,4.7,12.0,85,20.7,1007.6,96,19.9,92,9.15,10459.76
2006-03-13,11.9,16.2,10.6,9.4,13.4,19.0,78,8.1,1021.1,100,19.2,20,2.58,0.0
2006-03-14,12.1,13.5,10.4,10.0,0.9,2.0,63,5.3,1023.6,95,9.7,4,5.58,1811.09
2006-03-15,16.2,21.8,12.1,15.9,0.0,0.0,71,10.9,1017.1,64,11.5,135,18.81,36940.43
2006-03-16,18.0,20.7,14.6,19.1,0.0,0.0,86,15.6,1012.5,90,10.2,122,6.86,0.0
2006-03-17,21.6,27.3,17.7,24.0,0.0,0.0,85,18.7,1008.9,72,12.0,136,14.01,26154.76
2006-03-18,23.5,27.3,20.7,27.4,0.6,4.0,89,21.5,1010.1,93,12.1,94,8.4,2573.53
2006-03-19,23.9,28.6,20.6,26.7,0.3,3.0,83,20.6,1012.0,70,14.2,136,12.82,28507.52
2006-03-20,22.7,26.0,19.8,25.4,1.4,6.0,89,20.7,1010.7,90,15.7,146,7.06,6482.6
2006-03-21,24.7,28.7,22.0,28.0,0.0,0.0,85,21.8,1006.6,69,15.3,149,12.5,22630.07
2006-03-22,24.7,29.8,21.2,28.7,0.0,0.0,86,22.0,1005.1,69,10.2,122,11.62,21764.64
2006-03-23,23.4,26.3,20.4,26.4,1.8,9.0,88,21.3,1005.7,99,15.9,58,7.33,2831.35
2006-03-24,18.9,20.2,17.4,19.7,2.5,11.0,81,15.5,1010.6,100,10.4,19,4.05,0.0
2006-03-25,20.0,22.4,17.6,21.6,0.5,4.0,82,16.8,1011.2,100,9.0,20,6.22,131.59
2006-03-26,20.1,22.6,17.6,22.1,1.0,6.0,86,17.7,1010.5,100,8.0,56,5.33,0.0
2006-03-27,21.2,23.3,19.1,23.7,1.8,10.0,87,18.9,1010.2,100,7.8,45,5.88,0.0
2006-03-28,22.3,26.3,19.8,24.1,0.6,3.0,75,17.3,1013.6,65,12.6,68,13.48,21231.74
2006-03-29,21.8,25.8,17.4,23.4,0.0,0.0,78,17.6,1013.2,68,11.3,136,12.44,21579.64
2006-03-30,22.3,25.5,20.1,25.6,4.8,8.0,89,20.3,1012.7,93,9.0,140,6.34,0.0
2006-03-31,23.1,26.2,20.6,26.1,0.0,0.0,87,20.6,1009.9,73,9.4,156,6.56,7200.0
2006-04-01,23.7,27.8,21.0,27.6,0.0,0.0,88,21.4,1008.3,69,9.8,134,11.91,15712.56
2006-04-02,24.3,30.1,20.1,27.9,0.0,0.0,84,21.1,1009.3,46,12.0,119,15.78,36313.03
2006-04-03,25.6,31.1,21.5,29.4,0.0,0.0,83,22.1,1008.1,37,13.2,149,19.86,41299.75
2006-04-04,26.7,32.4,22.3,31.6,0.0,0.0,82,23.1,1006.8,41,11.5,145,21.24,39861.49
2006-04-05,27.4,33.0,23.1,32.8,0.0,0.0,82,23.8,1005.9,41,13.3,126,21.01,33213.64
2006-04-06,25.8,29.4,23.2,29.5,1.9,5.0,81,22.2,1009.2,70,20.7,77,13.4,29201.7
2006-04-07,24.9,28.7,22.4,28.8,5.5,7.0,86,22.3,1011.2,94,14.3,123,13.21,26373.96
2006-04-08,25.6,29.4,22.8,29.2,1.3,4.0,86,22.9,1008.9,95,19.7,153,16.66,35317.3
2006-04-09,27.4,32.0,24.3,31.6,0.0,0.0,79,23.2,1006.4,71,16.8,168,19.19,36618.64
2006-04-10,28.7,34.7,23.6,34.0,0.0,0.0,77,23.9,1003.5,28,14.2,165,23.31,41344.21
2006-04-11,30.5,36.1,25.3,34.6,0.0,0.0,65,23.0,1000.4,3,16.4,172,25.72,43200.0
2006-04-12,30.9,37.2,25.1,36.0,0.0,0.0,66,23.6,999.6,12,14.8,172,25.91,43200.0
2006-04-13,22.6,25.5,20.9,21.8,0.0,0.0,57,13.6,1009.9,84,28.3,45,8.37,4968.11
2006-04-14,18.6,21.5,17.5,18.1,0.0,0.0,67,12.3,1016.2,100,11.2,33,6.52,24.03
2006-04-15,18.4,22.9,15.2,18.1,2.7,11.0,68,12.3,1017.8,97,10.8,9,12.45,17780.89
2006-04-16,21.1,24.8,18.1,21.8,0.0,0.0,65,13.8,1015.8,84,10.5,59,18.92,34923.68
2006-04-17,21.9,26.7,17.6,23.0,0.0,0.0,73,16.5,1012.3,76,14.1,139,17.0,29520.83
2006-04-18,23.4,27.6,19.7,26.5,0.8,6.0,84,20.5,1012.2,80,8.6,121,10.2,12768.28
2006-04-19,24.5,28.7,21.9,28.9,2.3,11.0,85,21.6,1013.9,100,4.3,144,11.77,25162.33
2006-04-20,25.8,30.4,22.3,29.1,0.0,0.0,79,21.7,1011.7,71,16.1,157,18.37,42130.21
2006-04-21,26.2,31.2,23.0,28.8,0.0,0.0,77,21.6,1007.4,76,18.4,158,17.32,30889.36
2006-04-22,27.7,33.1,22.3,32.5,0.0,0.0,77,23.0,1004.7,78,11.0,158,20.92,43004.98
2006-04-23,28.3,33.7,24.0,34.0,0.0,0.0,80,24.1,1004.9,80,10.9,130,21.67,34143.96
2006-04-24,27.2,30.7,25.0,31.7,2.4,5.0,82,23.9,1007.1,95,16.6,136,15.78,37016.63
2006-04-25,27.7,32.6,24.4,32.0,0.0,0.0,79,23.5,1005.8,94,15.3,152,18.02,29068.3
2006-04-26,28.7,33.3,24.2,34.1,0.0,0.0,77,24.0,1004.8,77,13.0,155,21.69,43200.0
2006-04-27,28.8,34.0,24.8,34.6,0.0,0.0,78,24.4,1004.9,82,9.8,122,19.22,37756.08
2006-04-28,23.2,26.5,21.6,25.2,56.5,16.0,82,19.9,1009.9,96,20.0,21,4.02,0.0
2006-04-29,23.4,26.5,20.6,25.5,1.2,4.0,73,18.0,1011.6,87,8.6,320,16.18,35593.95
2006-04-30,24.3,28.4,20.6,27.0,0.0,0.0,75,19.5,1009.1,82,11.7,168,16.61,34987.32
2006-05-01,25.9,30.5,22.2,30.6,1.7,5.0,83,22.6,1007.4,78,8.5,163,15.09,31588.65
2006-05-02,27.5,32.2,23.5,33.3,0.0,0.0,83,24.2,1006.8,45,12.1,134,21.84,36466.36
2006-05-03,27.5,32.5,24.5,32.9,2.1,4.0,84,24.5,1007.3,43,13.9,124,18.27,37553.85
2006-05-04,28.0,32.6,25.0,32.9,1.1,3.0,82,24.5,1007.4,70,16.5,152,18.39,30883.92
2006-05-05,29.1,34.0,25.1,34.3,0.0,0.0,79,24.8,1005.9,41,14.7,163,21.51,41625.29
2006-05-06,29.8,34.7,25.1,35.9,0.1,1.0,76,24.8,1004.4,14,12.0,149,24.34,43750.08
2006-05-07,29.3,33.9,25.6,35.3,3.3,4.0,79,25.0,1005.4,86,10.6,132,18.52,37733.97
2006-05-08,29.5,34.4,25.7,34.9,0.0,0.0,76,24.6,1006.4,65,13.9,152,22.63,43208.06
2006-05-09,29.5,34.2,25.7,34.9,2.1,2.0,76,24.6,1005.7,70,13.4,165,23.49,42344.4
2006-05-10,29.1,33.7,25.8,35.0,2.2,5.0,78,24.7,1006.0,60,10.8,137,22.99,43698.05
2006-05-11,27.3,29.9,25.0,32.8,21.8,18.0,88,25.0,1009.4,100,12.5,131,12.81,22280.01
2006-05-12,27.6,31.5,24.8,32.3,2.8,10.0,82,24.2,1010.7,59,15.4,146,19.74,39600.0
2006-05-13,23.4,25.5,20.3,24.1,0.9,5.0,72,17.5,1015.4,97,24.4,26,8.82,7950.2
2006-05-14,22.6,26.5,19.8,21.4,0.0,0.0,50,11.4,1017.3,56,20.2,357,24.78,43200.0
2006-05-15,24.2,29.3,19.7,25.2,0.0,0.0,59,15.2,1012.3,40,14.8,330,26.71,43290.7
2006-05-16,25.4,31.1,19.8,27.2,0.0,0.0,64,17.3,1009.5,26,13.0,334,26.23,44416.06
2006-05-17,26.1,32.3,19.5,28.1,0.0,0.0,60,17.1,1007.7,5,11.9,318,28.21,44997.88
2006-05-18,26.2,32.9,18.7,28.6,0.0,0.0,62,17.3,1006.3,51,10.0,262,26.06,45185.32
2006-05-19,26.1,32.0,21.7,28.7,0.0,0.0,67,19.0,1006.8,97,13.0,134,20.55,35226.33
2006-05-20,25.9,31.6,20.7,28.7,0.0,0.0,71,19.2,1006.9,33,16.4,128,28.14,44682.14
2006-05-21,26.3,30.1,22.8,29.9,0.1,1.0,74,21.0,1007.0,87,11.4,136,18.04,40494.63
2006-05-22,24.7,25.5,23.7,29.4,28.7,19.0,91,23.1,1008.0,99,10.1,137,4.06,1485.01
2006-05-23,24.3,25.4,23.1,29.1,19.2,17.0,91,22.7,1008.6,100,4.7,110,4.57,0.0
2006-05-24,25.2,27.3,23.6,30.1,10.6,14.0,94,24.1,1006.9,96,13.4,145,7.33,56.55
2006-05-25,27.0,30.4,24.9,32.2,3.6,9.0,88,24.8,1006.3,98,11.4,159,11.79,11344.69
2006-05-26,28.2,32.2,25.3,33.9,2.7,7.0,84,25.0,1007.3,98,11.2,159,17.92,31521.42
2006-05-27,27.8,31.1,25.6,34.1,1.7,2.0,87,25.4,1006.8,100,9.1,72,12.86,18460.41
2006-05-28,26.4,30.3,24.2,31.7,12.5,13.0,88,24.1,1006.4,98,9.6,44,9.7,7688.85
2006-05-29,24.0,24.7,23.2,28.4,28.7,21.0,92,22.6,1005.9,100,10.2,36,4.04,0.0
2006-05-30,24.5,28.1,21.9,29.0,8.3,12.0,89,22.5,1005.8,98,6.8,32,7.6,0.0
2006-05-31,26.6,31.0,23.5,32.4,3.9,7.0,88,24.4,1005.3,94,6.4,57,9.87,14400.0
2006-06-01,26.6,30.9,24.0,32.3,9.4,16.0,90,24.8,1004.6,94,9.4,90,12.43,18000.0
2006-06-02,28.6,31.7,25.6,34.8,11.1,11.0,83,25.3,1003.5,98,9.2,140,18.6,38576.13
2006-06-03,28.9,32.7,25.6,35.0,13.2,9.0,82,25.3,1002.9,100,11.9,153,17.92,32974.14
2006-06-04,29.8,33.7,26.1,35.2,0.8,1.0,75,24.6,1001.4,100,13.5,176,21.09,39253.14
2006-06-05,31.0,35.3,26.7,36.0,0.0,0.0,67,23.9,1000.0,76,15.8,207,26.32,44737.67
2006-06-06,31.5,36.0,27.5,36.4,0.0,0.0,64,23.7,999.3,87,14.2,220,25.32,44194.17
2006-06-07,31.3,34.8,28.0,36.6,0.0,0.0,66,24.1,999.8,100,11.5,219,22.13,38056.59
2006-06-08,29.1,32.5,26.3,35.0,2.4,4.0,81,25.4,1000.6,99,14.9,41,17.5,33634.51
2006-06-09,28.2,31.9,25.6,34.2,13.6,12.0,85,25.3,1000.8,99,10.4,43,12.6,15097.29
2006-06-10,25.3,27.8,22.8,29.4,13.9,14.0,83,22.1,1004.0,98,8.6,343,10.96,12162.8
2006-06-11,26.5,31.1,23.9,32.0,3.0,7.0,87,24.1,1003.2,95,9.4,138,9.58,9483.93
2006-06-12,29.6,33.9,25.6,35.9,0.0,0.0,79,25.3,1000.9,78,13.6,151,22.14,43374.71
2006-06-13,30.2,34.4,26.0,36.3,0.0,0.0,75,25.0,1000.4,99,11.7,169,22.76,43296.23
2006-06-14,29.3,34.0,25.7,35.8,27.0,8.0,83,26.0,1002.1,100,13.5,9,17.54,35767.37
2006-06-15,27.3,30.0,24.9,32.8,4.9,8.0,86,24.6,1003.4,88,10.4,72,11.21,12738.1
2006-06-16,30.3,35.0,26.2,36.8,0.9,2.0,79,25.9,1001.6,73,10.2,159,21.81,44672.31
2006-06-17,29.4,34.1,25.5,36.2,14.4,7.0,82,25.9,1002.8,99,13.6,29,18.89,36381.04
2006-06-18,26.8,30.0,24.5,32.5,12.2,14.0,88,24.6,1006.4,99,7.5,51,9.74,2732.44
2006-06-19,27.2,30.0,25.1,32.9,4.9,10.0,86,24.6,1007.6,84,12.6,146,13.15,21656.97
2006-06-20,27.6,31.5,24.7,33.4,4.3,11.0,85,24.8,1008.4,72,13.2,147,22.02,40957.14
2006-06-21,28.1,32.3,25.2,33.9,3.3,5.0,83,24.9,1007.6,80,10.3,149,21.75,39782.58
2006-06-22,28.6,32.2,25.5,34.2,2.3,2.0,81,24.8,1006.0,69,10.9,155,22.25,40926.17
2006-06-23,28.9,32.7,26.2,34.9,3.5,6.0,80,25.1,1006.3,82,11.2,158,21.54,43587.58
2006-06-24,29.0,32.9,25.7,35.0,1.7,3.0,80,25.0,1006.7,33,11.3,154,24.31,45475.35
2006-06-25,29.1,32.8,26.1,35.1,5.6,11.0,81,25.4,1006.4,69,12.4,155,21.2,44434.24
2006-06-26,28.6,32.1,26.2,34.6,3.8,6.0,83,25.4,1005.8,98,11.7,153,15.58,25798.03
2006-06-27,29.2,33.1,26.3,35.7,2.4,4.0,83,25.8,1004.3,71,10.3,145,22.82,40048.66
2006-06-28,29.4,32.2,26.4,36.0,4.2,8.0,83,26.0,1002.6,99,12.2,137,16.7,29070.45
2006-06-29,28.2,30.2,26.9,35.0,19.2,13.0,90,26.3,1000.8,100,9.0,111,9.87,1051.44
2006-06-30,27.1,28.7,25.9,33.4,34.9,20.0,92,25.8,1002.4,100,12.1,140,8.6,541.23
2006-07-01,27.6,30.7,25.5,33.6,15.1,17.0,88,25.4,1004.8,93,9.6,114,16.13,31717.93
2006-07-02,27.3,31.4,25.1,33.1,4.8,7.0,85,24.5,1005.3,86,10.4,111,15.4,33930.97
2006-07-03,27.3,30.8,25.0,33.4,3.5,7.0,86,24.8,1003.3,88,10.5,41,15.77,29597.54
2006-07-04,28.0,31.9,26.1,34.7,10.5,15.0,88,25.7,1000.0,68,10.0,337,18.29,36814.01
2006-07-05,27.4,31.3,25.4,33.9,17.0,17.0,90,25.5,1000.5,84,7.1,124,12.25,22126.67
2006-07-06,29.1,32.2,26.4,36.3,4.1,5.0,86,26.5,999.2,87,8.4,131,16.45,32447.9
2006-07-07,30.4,34.3,26.9,36.9,0.4,1.0,78,25.9,997.1,92,11.1,186,22.02,43292.03
2006-07-08,31.0,34.1,28.0,36.8,0.0,0.0,71,24.9,996.4,99,12.7,219,23.22,42825.92
2006-07-09,29.7,31.5,28.4,35.5,0.0,0.0,76,25.0,997.0,99,12.0,245,10.25,3964.78
2006-07-10,30.4,34.7,26.7,37.4,0.5,1.0,78,26.0,997.6,94,9.0,234,23.23,42870.3
2006-07-11,28.4,31.8,26.7,35.3,9.9,11.0,89,26.3,999.1,100,8.6,86,12.38,8870.88
2006-07-12,28.5,32.7,26.4,35.6,4.0,10.0,88,26.3,999.1,91,10.0,124,16.21,25200.0
2006-07-13,29.9,33.9,26.4,37.1,0.9,5.0,83,26.4,997.7,86,8.0,270,22.42,43200.0
2006-07-14,31.0,34.7,27.5,37.5,0.0,0.0,75,25.7,996.0,82,11.9,250,20.85,34674.18
2006-07-15,31.0,34.9,27.0,37.9,0.0,0.0,76,26.0,996.5,96,12.0,251,21.81,40449.58
2006-07-16,30.9,33.7,28.8,36.8,0.0,0.0,72,25.3,995.9,100,10.8,209,16.74,23725.4
2006-07-17,27.8,29.5,26.5,32.9,11.4,18.0,83,24.7,996.5,100,14.0,169,4.8,0.0
2006-07-18,28.5,31.6,26.3,33.0,6.8,12.0,79,24.3,1001.4,100,14.1,153,9.35,751.52
2006-07-19,29.1,33.0,26.5,35.4,13.2,8.0,79,24.9,1005.0,61,10.5,162,22.96,41785.79
2006-07-20,29.2,33.0,25.8,35.7,0.0,0.0,80,25.1,1004.5,18,8.4,140,24.76,44624.4
2006-07-21,29.4,33.8,26.3,36.1,0.5,1.0,80,25.5,1003.5,79,12.4,136,23.49,43343.34
2006-07-22,29.9,33.4,27.1,36.7,1.2,7.0,80,25.9,1002.9,43,9.7,147,22.6,43200.0
2006-07-23,29.7,33.4,26.6,36.7,0.4,2.0,82,26.1,1003.0,20,7.7,128,22.41,44245.78
2006-07-24,30.1,34.0,26.4,37.2,0.5,3.0,80,26.0,1002.8,8,6.8,138,22.95,44427.17
2006-07-25,29.1,33.6,26.5,35.9,1.2,5.0,85,26.2,1002.8,66,12.5,322,17.63,25384.22
2006-07-26,29.9,34.2,26.0,36.6,0.6,3.0,80,25.8,1002.0,78,10.0,313,23.52,43745.94
2006-07-27,29.8,33.7,26.0,36.5,0.0,0.0,80,25.7,999.7,100,7.4,279,19.3,30724.23
2006-07-28,29.1,32.1,26.7,35.6,0.1,1.0,81,25.5,998.8,100,5.8,147,12.96,7212.2
2006-07-29,26.3,27.9,25.1,31.7,100.9,22.0,93,25.1,1000.6,100,19.1,305,2.52,0.0
2006-07-30,25.3,27.5,24.3,29.7,51.4,24.0,94,24.2,1005.4,100,26.2,83,7.7,5780.27
2006-07-31,25.5,27.1,24.0,30.7,15.5,22.0,92,24.1,1007.3,100,11.0,77,7.5,2074.8
2006-08-01,26.4,30.4,23.9,32.0,6.2,13.0,89,24.3,1006.4,99,6.6,295,12.83,23774.23
2006-08-02,28.5,33.0,24.2,35.0,0.6,3.0,83,25.0,1002.7,87,6.9,309,24.3,40225.14
2006-08-03,28.5,32.7,25.9,34.1,8.2,6.0,82,24.9,1000.5,88,13.9,322,22.35,41011.07
2006-08-04,27.8,31.0,26.0,32.0,2.1,4.0,77,23.3,998.8,98,14.1,283,10.81,13067.92
2006-08-05,27.7,30.1,25.9,33.2,3.0,7.0,82,24.3,1000.5,100,9.2,138,12.49,24963.29
2006-08-06,26.1,29.6,24.4,31.9,24.1,23.0,93,24.7,1002.0,100,8.3,85,11.59,13178.55
2006-08-07,25.6,27.8,24.3,31.0,27.8,23.0,94,24.5,1002.2,100,9.5,91,6.0,0.0
2006-08-08,25.5,27.9,24.3,31.2,4.4,8.0,94,24.4,1003.1,100,7.8,86,6.98,1023.29
2006-08-09,27.9,31.6,24.9,34.0,0.9,5.0,84,24.7,1002.9,61,6.4,12,20.3,41406.81
2006-08-10,28.8,33.4,25.1,36.0,0.2,1.0,85,25.9,1001.6,74,9.2,101,22.86,36000.0
2006-08-11,28.7,32.4,26.1,35.8,2.6,9.0,88,26.3,1001.6,84,7.4,322,16.76,30211.62
2006-08-12,27.2,31.0,25.5,33.7,13.7,14.0,90,25.4,1002.6,98,11.2,27,14.06,17122.72
2006-08-13,26.8,30.5,25.0,32.6,9.6,13.0,89,24.7,1003.8,97,8.6,355,12.0,23513.82
2006-08-14,28.1,32.3,24.9,34.2,0.3,2.0,83,24.8,1002.9,36,9.1,327,23.72,43200.0
2006-08-15,27.4,31.6,25.2,33.6,12.5,5.0,87,24.9,1001.6,71,9.4,26,17.18,28800.0
2006-08-16,25.8,28.6,24.7,31.4,36.0,24.0,94,24.7,1002.1,100,11.3,346,7.03,2483.51
2006-08-17,25.3,26.2,24.6,30.3,123.6,21.0,96,24.5,1002.8,100,15.6,339,1.56,0.0
2006-08-18,26.3,29.8,24.8,32.5,11.4,22.0,93,25.1,1003.7,100,7.0,148,9.5,5665.63
2006-08-19,25.7,28.4,24.2,31.7,27.5,19.0,94,24.6,1005.4,100,6.8,64,6.56,3504.35
2006-08-20,26.6,30.4,24.7,32.5,5.3,17.0,90,24.8,1005.1,100,7.7,291,12.94,18787.63
2006-08-21,27.2,32.6,24.5,33.4,1.7,6.0,88,25.0,1003.9,78,12.8,338,20.47,38031.38
2006-08-22,28.0,32.4,24.5,33.6,4.9,5.0,81,24.2,1004.4,69,11.7,336,23.71,43200.0
2006-08-23,27.6,31.2,25.1,32.6,0.1,1.0,76,22.6,1005.4,55,8.6,13,21.37,42741.12
2006-08-24,27.4,30.7,24.6,32.3,0.0,0.0,81,23.7,1005.9,62,12.5,316,18.55,43200.0
2006-08-25,28.1,31.6,25.1,33.3,0.2,1.0,77,23.4,1005.7,90,8.9,284,21.72,41295.2
2006-08-26,27.4,30.0,25.6,33.3,7.2,9.0,87,25.0,1004.4,98,10.3,141,12.82,25634.0
2006-08-27,26.6,29.9,24.6,32.3,12.4,15.0,91,24.9,1005.3,97,10.7,104,10.71,14100.06
2006-08-28,26.9,30.2,24.6,32.6,5.7,11.0,88,24.5,1006.6,94,7.7,129,14.93,36032.91
2006-08-29,26.3,30.0,24.5,31.9,5.2,8.0,89,24.2,1008.1,97,9.8,94,12.36,22141.4
2006-08-30,26.2,29.5,24.4,31.6,8.4,15.0,89,24.2,1008.7,80,11.0,115,11.85,22905.28
2006-08-31,27.5,31.3,24.6,33.1,1.2,5.0,84,24.4,1007.0,35,12.4,142,19.22,43200.0
2006-09-01,28.3,32.5,24.5,34.2,0.0,0.0,81,24.6,1005.6,46,9.0,165,20.42,43200.0
2006-09-02,29.4,33.5,25.5,35.9,0.0,0.0,79,25.2,1005.2,22,9.6,165,23.53,43200.0
2006-09-03,30.0,34.2,26.2,37.1,0.0,0.0,80,26.0,1004.0,58,9.0,154,23.21,43200.0
2006-09-04,29.5,33.6,27.3,36.7,1.1,1.0,84,26.3,1003.7,91,8.4,136,20.84,42155.54
2006-09-05,27.5,30.2,25.2,33.8,14.0,14.0,89,25.4,1005.2,97,9.1,93,12.17,19160.71
2006-09-06,27.9,31.6,25.1,34.4,5.4,6.0,87,25.5,1005.8,86,9.5,100,16.55,41442.54
2006-09-07,29.0,32.9,26.0,35.5,0.3,3.0,85,26.0,1004.9,75,11.1,145,18.51,43200.0
2006-09-08,29.1,33.5,25.8,35.8,21.2,8.0,85,26.2,1005.2,97,12.2,126,19.58,36237.58
2006-09-09,24.5,25.5,23.3,27.1,15.7,13.0,82,21.0,1011.3,100,17.2,8,4.78,0.0
2006-09-10,23.4,24.6,22.5,23.7,0.0,0.0,62,15.6,1014.5,99,16.7,4,9.41,14167.28
2006-09-11,23.8,28.1,19.9,25.2,0.0,0.0,64,16.3,1011.8,64,13.0,3,24.67,43200.0
2006-09-12,24.2,28.9,20.1,26.3,0.0,0.0,68,17.4,1011.9,19,11.4,359,24.89,43147.72
2006-09-13,25.2,30.2,20.8,28.1,0.0,0.0,71,19.3,1011.8,16,11.4,7,23.76,42657.17
2006-09-14,26.3,29.9,23.1,29.9,0.0,0.0,72,20.6,1010.9,42,9.3,11,20.76,43032.28
2006-09-15,26.4,30.0,22.8,30.2,0.0,0.0,74,21.1,1010.9,50,10.8,32,20.66,42974.39
2006-09-16,26.6,30.7,22.7,30.9,0.0,0.0,75,21.6,1011.1,66,8.2,25,22.14,42916.5
2006-09-17,27.2,31.0,23.9,31.6,0.0,0.0,76,22.2,1010.0,64,8.9,91,20.15,37170.5
2006-09-18,26.9,30.8,23.6,30.8,0.0,0.0,73,21.3,1010.3,78,9.8,108,20.07,40927.39
2006-09-19,26.6,30.4,23.6,30.2,0.0,0.0,74,21.1,1011.9,78,9.8,9,17.15,37195.01
2006-09-20,25.5,29.1,22.4,28.8,0.0,0.0,75,20.6,1011.8,91,9.7,321,16.3,29966.85
2006-09-21,26.0,29.4,23.5,30.3,0.3,1.0,79,21.8,1010.7,55,8.2,112,16.13,40264.64
2006-09-22,26.1,30.2,22.3,30.3,0.1,1.0,77,21.5,1011.1,23,8.0,353,21.29,42573.57
2006-09-23,26.4,31.4,22.0,29.6,0.0,0.0,70,20.0,1010.6,43,11.4,320,22.03,42517.89
2006-09-24,27.7,32.8,23.0,30.4,0.0,0.0,63,19.6,1008.8,74,15.6,336,21.46,40274.66
2006-09-25,25.7,28.0,24.4,29.6,12.7,18.0,83,22.5,1008.6,100,17.2,346,6.15,9971.49
2006-09-26,25.4,28.0,23.7,30.6,19.5,22.0,91,23.7,1008.1,98,10.4,33,8.81,14088.73
2006-09-27,25.2,27.5,23.8,30.5,14.2,18.0,92,23.8,1008.7,99,7.6,332,6.27,5181.29
2006-09-28,26.6,30.8,23.4,31.7,1.8,8.0,83,23.3,1010.3,58,8.4,123,16.19,37829.24
2006-09-29,26.3,31.4,22.0,31.4,0.0,0.0,80,22.3,1010.2,41,6.6,197,21.32,35456.88
2006-09-30,27.8,32.6,23.4,32.5,0.3,2.0,77,22.9,1009.2,80,12.6,343,20.32,41299.38
2006-10-01,26.4,28.5,24.3,29.4,3.5,12.0,74,21.3,1009.4,87,13.4,7,8.21,19865.57
2006-10-02,25.1,27.9,23.0,27.9,7.3,16.0,78,20.9,1009.8,95,15.8,343,8.05,15638.35
2006-10-03,25.9,28.9,24.0,29.5,4.6,6.0,75,21.1,1010.4,75,8.7,319,12.16,29947.53
2006-10-04,26.1,30.7,23.0,31.2,2.9,2.0,85,23.1,1009.5,46,8.5,198,17.29,38840.08
2006-10-05,26.5,30.5,23.6,31.7,1.3,3.0,85,23.7,1008.9,40,12.0,144,17.01,38852.04
2006-10-06,26.6,30.4,24.2,31.2,1.7,8.0,84,23.5,1009.4,42,14.0,149,16.7,39989.25
2006-10-07,26.6,30.1,24.0,30.8,1.2,7.0,83,23.3,1009.4,34,15.3,149,16.5,36381.34
2006-10-08,26.2,29.1,24.2,30.9,2.7,10.0,86,23.5,1011.6,76,12.5,127,12.91,35673.38
2006-10-09,25.3,28.3,23.3,28.7,1.4,3.0,78,21.0,1013.9,93,8.7,339,11.32,24410.69
2006-10-10,25.1,29.5,21.9,29.2,3.7,6.0,82,21.6,1014.7,51,8.1,308,17.35,39600.0
2006-10-11,25.3,29.6,22.4,29.8,1.0,3.0,85,22.3,1015.3,43,7.7,336,15.65,36283.74
2006-10-12,25.7,29.7,22.7,30.5,0.9,5.0,85,22.9,1015.6,32,6.7,308,15.12,37872.49
2006-10-13,26.3,30.3,22.9,31.2,0.0,0.0,83,23.0,1015.8,29,9.2,151,16.98,39680.03
2006-10-14,26.6,31.3,22.5,31.2,0.0,0.0,81,22.7,1013.3,25,10.8,154,20.19,39954.29
2006-10-15,26.9,31.4,23.7,31.4,0.1,1.0,82,23.2,1011.8,52,12.0,154,18.08,39207.81
2006-10-16,26.9,31.1,23.8,30.7,0.0,0.0,79,22.7,1012.5,54,15.2,161,18.93,39600.0
2006-10-17,26.9,31.1,23.8,31.3,0.0,0.0,81,23.0,1013.1,44,10.8,158,18.1,39600.0
2006-10-18,26.7,30.9,23.4,31.0,0.2,1.0,81,23.0,1012.9,42,12.7,157,17.42,39600.0
2006-10-19,26.5,30.3,23.7,31.2,3.2,2.0,84,23.4,1014.1,41,11.5,145,15.21,39234.4
2006-10-20,25.9,29.6,23.0,30.8,1.1,3.0,86,23.1,1015.9,34,10.4,130,15.33,39534.11
2006-10-21,26.3,30.8,22.7,31.2,0.0,0.0,82,22.6,1015.1,40,9.0,172,18.08,38902.7
2006-10-22,26.0,31.0,21.6,30.7,0.0,0.0,83,22.6,1014.5,16,8.0,149,17.63,39600.0
2006-10-23,25.9,30.6,22.1,30.6,0.5,1.0,83,22.5,1014.9,38,6.9,161,16.14,34134.0
2006-10-24,25.6,30.6,21.6,30.3,0.9,5.0,84,22.4,1016.0,35,10.0,149,17.06,39600.0
2006-10-25,25.0,29.0,22.6,29.5,3.0,10.0,87,22.5,1017.4,56,9.4,301,11.89,33257.73
2006-10-26,24.3,28.8,22.8,28.4,3.3,8.0,89,22.2,1017.7,61,10.0,311,9.98,23296.81
2006-10-27,24.8,29.0,22.1,27.5,0.2,1.0,74,19.4,1017.7,58,10.5,359,16.2,37591.93
2006-10-28,24.5,29.8,19.9,27.7,0.0,0.0,76,19.5,1016.1,33,6.5,321,18.47,39560.3
2006-10-29,25.1,29.9,20.8,28.2,0.0,0.0,75,19.9,1014.8,14,10.5,344,17.31,39532.45
2006-10-30,25.0,30.3,20.6,28.3,0.2,1.0,77,20.2,1014.6,29,9.0,300,16.66,39504.11
2006-10-31,25.7,31.1,21.4,28.7,0.0,0.0,72,19.7,1014.8,17,9.8,332,17.43,39475.27
2006-11-01,25.4,30.2,21.9,25.7,0.0,0.0,52,14.4,1016.1,6,17.3,357,19.35,39445.91
2006-11-02,22.9,28.8,18.4,23.3,0.0,0.0,58,13.4,1015.4,6,12.2,350,20.1,39416.05
2006-11-03,22.2,28.6,15.8,22.5,0.0,0.0,60,12.9,1015.5,13,9.0,328,20.06,39385.67
2006-11-04,21.9,28.6,15.0,22.8,0.0,0.0,65,14.1,1014.6,9,8.7,166,19.9,39354.69
2006-11-05,22.0,28.5,15.8,23.7,0.0,0.0,74,16.3,1013.5,2,8.4,140,19.54,39323.01
2006-11-06,23.9,29.4,18.9,24.6,0.0,0.0,62,15.2,1016.4,45,16.1,14,16.63,39290.69
2006-11-07,23.1,28.3,18.9,23.0,0.0,0.0,53,12.6,1018.4,15,11.9,332,18.62,39257.76
2006-11-08,22.5,28.4,15.8,24.1,0.0,0.0,70,16.2,1017.9,28,7.5,206,18.15,39224.25
2006-11-09,24.5,29.2,19.6,28.1,0.1,1.0,80,20.5,1017.5,60,10.0,146,12.8,39190.2
2006-11-10,25.7,29.7,22.1,29.7,0.0,0.0,81,21.7,1016.5,62,8.2,140,11.53,32965.07
2006-11-11,25.9,30.5,22.6,28.9,1.2,4.0,74,20.4,1017.5,45,13.7,359,14.36,37591.11
2006-11-12,25.1,28.3,22.9,27.8,1.0,4.0,72,19.5,1016.1,73,11.7,143,13.55,34848.41
2006-11-13,24.4,28.8,20.5,26.9,0.0,0.0,75,19.5,1013.7,41,14.1,138,12.86,34959.26
2006-11-14,24.4,28.9,20.6,27.4,0.1,1.0,78,20.0,1015.4,35,9.8,135,13.1,36322.28
2006-11-15,24.7,29.2,20.6,27.6,0.0,0.0,77,19.9,1015.7,42,11.4,147,14.03,38213.64
2006-11-16,25.4,29.7,22.6,29.2,0.3,3.0,80,21.4,1013.0,71,12.2,139,11.38,28449.61
2006-11-17,26.1,30.9,23.3,29.8,0.0,0.0,81,22.3,1011.6,55,12.6,156,14.54,35327.74
2006-11-18,26.3,30.8,22.1,29.7,4.7,3.0,79,22.0,1011.1,42,12.8,161,14.93,37490.17
2006-11-19,22.1,23.8,21.2,25.0,22.4,19.0,91,20.6,1012.9,97,12.0,59,4.41,7997.14
2006-11-20,22.5,25.9,20.5,26.1,10.0,17.0,92,21.0,1012.0,93,8.9,61,6.24,12832.9
2006-11-21,22.8,27.9,21.0,26.7,32.1,14.0,92,21.5,1008.5,70,13.1,103,7.08,13194.45
2006-11-22,20.5,22.2,18.7,21.8,2.6,7.0,78,16.5,1011.8,98,14.6,12,5.24,1802.06
2006-11-23,21.2,23.3,20.0,23.4,1.5,3.0,81,17.8,1013.4,98,6.8,4,5.51,3932.25
2006-11-24,22.8,26.1,20.6,25.7,0.4,2.0,81,19.2,1013.3,98,5.6,42,9.09,13226.69
2006-11-25,24.7,29.3,21.0,28.5,0.0,0.0,84,21.4,1010.5,42,10.3,156,14.24,33323.69
2006-11-26,25.6,29.5,22.6,30.1,0.0,0.0,84,22.4,1008.0,43,9.6,169,14.87,32400.0
2006-11-27,21.2,23.6,19.4,22.8,2.6,7.0,83,18.0,1011.1,90,13.8,42,4.43,0.0
2006-11-28,19.1,19.9,18.6,19.2,0.0,0.0,68,13.2,1014.7,98,10.0,16,3.7,0.0
2006-11-29,20.2,22.0,18.8,21.1,0.0,0.0,74,15.4,1015.3,97,8.9,13,4.87,0.0
2006-11-30,18.2,19.4,16.7,18.7,3.0,14.0,81,15.0,1015.9,99,10.6,21,3.62,0.0
2006-12-01,16.1,17.2,15.3,15.5,2.6,12.0,78,12.3,1018.0,100,10.6,7,2.57,0.0
2006-12-02,16.7,17.7,15.8,16.0,0.0,0.0,70,11.2,1018.8,98,9.7,2,4.19,98.17
2006-12-03,16.6,17.8,15.6,16.0,0.0,0.0,72,11.5,1021.4,100,9.7,353,3.37,0.0
2006-12-04,17.6,20.2,16.0,17.2,0.0,0.0,68,11.5,1022.5,90,9.4,359,8.15,16956.86
2006-12-05,18.2,20.6,15.1,18.8,0.0,0.0,76,13.8,1020.8,83,6.4,337,5.32,1136.56
2006-12-06,19.9,22.9,17.7,21.6,0.0,0.0,82,16.6,1017.1,77,9.2,172,5.07,597.74
2006-12-07,22.1,26.6,18.4,25.2,0.0,0.0,88,19.8,1015.0,64,7.9,147,8.51,19216.72
2006-12-08,23.7,27.8,21.4,27.4,1.8,9.0,88,21.5,1016.1,64,10.2,131,11.39,36000.0
2006-12-09,18.5,21.7,15.8,18.4,2.0,6.0,77,14.2,1020.2,99,15.5,25,3.38,2372.36
2006-12-10,15.3,16.2,14.1,14.0,0.6,3.0,69,9.7,1021.7,99,10.5,11,2.83,0.0
2006-12-11,16.2,18.0,15.0,15.3,0.0,0.0,68,10.3,1019.6,100,8.3,11,4.37,76.86
2006-12-12,16.7,19.1,14.9,16.9,0.0,0.0,78,12.8,1018.0,93,6.4,4,5.66,8936.72
2006-12-13,18.4,21.4,16.4,18.1,0.0,0.0,72,13.2,1019.3,85,15.1,7,7.98,17930.53
2006-12-14,16.9,20.8,13.9,15.5,0.0,0.0,60,9.0,1019.5,38,12.6,352,13.64,36000.0
2006-12-15,17.1,22.4,12.1,16.4,0.0,0.0,69,10.8,1019.4,7,8.4,354,15.59,36171.56
2006-12-16,17.5,21.3,14.4,15.4,0.0,0.0,54,8.0,1025.6,22,18.4,360,14.01,36000.0
2006-12-17,15.3,20.6,10.7,13.6,0.0,0.0,56,6.1,1025.3,0,8.8,22,17.08,36205.58
2006-12-18,14.3,20.0,8.9,12.5,0.0,0.0,60,6.1,1024.7,27,8.6,357,15.25,36222.31
2006-12-19,15.2,20.5,11.2,12.4,0.0,0.0,48,4.1,1026.1,18,15.6,360,16.23,36000.0
2006-12-20,14.6,21.1,8.9,12.6,0.0,0.0,60,6.5,1026.1,1,13.3,342,16.96,36254.95
2006-12-21,15.3,21.6,10.4,13.5,0.0,0.0,62,7.3,1024.2,0,13.3,347,16.95,36000.0
2006-12-22,14.5,20.9,8.5,12.6,0.0,0.0,58,5.6,1022.1,0,8.6,335,17.41,36286.24
2006-12-23,14.7,21.2,7.4,13.5,0.0,0.0,65,7.4,1019.6,8,7.0,357,16.28,36027.72
2006-12-24,15.3,22.2,8.9,14.1,0.0,0.0,68,8.7,1018.7,1,11.8,314,16.66,36042.3
2006-12-25,16.1,22.6,9.3,15.6,0.0,0.0,71,10.4,1016.5,3,10.0,135,16.66,36056.38
2006-12-26,17.2,22.8,11.3,17.5,0.0,0.0,77,12.9,1016.1,37,8.0,72,10.79,26419.03
2006-12-27,19.2,22.9,15.4,19.9,0.0,0.0,75,14.3,1016.6,73,7.9,114,9.64,27803.36
2006-12-28,18.9,22.6,15.9,18.9,0.0,0.0,66,12.0,1019.8,84,7.1,93,5.29,6914.74
2006-12-29,17.9,21.2,14.3,16.8,0.0,0.0,59,9.6,1021.6,59,9.3,97,11.38,30516.89
2006-12-30,16.6,21.2,12.4,16.3,0.0,0.0,71,11.1,1020.9,69,6.6,312,10.3,27851.01
2006-12-31,17.6,20.8,14.4,18.2,0.0,0.0,78,13.4,1019.6,78,7.0,81,7.58,17696.14
2007-01-01,17.7,19.3,15.7,18.9,0.5,4.0,84,15.0,1017.2,90,6.2,1,2.97,0.0
2007-01-02,19.6,23.6,17.1,21.2,0.0,0.0,85,16.8,1014.3,83,11.1,125,7.08,11575.36
2007-01-03,20.2,24.5,16.5,21.7,3.2,12.0,87,17.9,1014.0,90,15.6,101,5.8,14400.0
2007-01-04,14.1,15.9,13.1,12.8,4.1,15.0,76,10.0,1019.7,100,13.5,8,2.9,0.0
2007-01-05,13.9,15.6,12.3,12.1,0.2,2.0,65,7.4,1023.2,100,10.2,358,3.43,0.0
2007-01-06,14.3,15.7,13.3,11.8,0.0,0.0,54,5.0,1026.1,98,13.9,15,3.02,0.0
2007-01-07,14.0,16.9,12.3,11.0,0.0,0.0,44,1.7,1024.9,76,11.8,15,10.42,26862.69
2007-01-08,14.0,17.2,11.7,10.8,0.0,0.0,41,0.9,1026.1,60,12.8,2,10.41,21003.94
2007-01-09,14.1,18.3,11.3,11.6,0.0,0.0,47,2.7,1025.2,55,11.7,350,14.91,35446.24
2007-01-10,14.5,20.8,8.5,13.2,0.0,0.0,65,7.4,1021.6,4,12.5,131,17.41,36511.03
2007-01-11,15.5,21.5,9.2,15.4,0.0,0.0,78,11.4,1019.4,56,6.9,105,12.42,29861.52
2007-01-12,17.3,21.0,14.1,17.7,0.1,1.0,81,13.8,1020.3,86,8.9,333,5.17,4405.71
2007-01-13,16.9,18.6,15.8,16.4,0.0,0.0,66,10.5,1020.5,98,6.4,20,4.33,54.41
2007-01-14,16.3,18.0,14.6,16.0,0.2,1.0,72,11.2,1020.3,97,7.8,38,4.23,391.23
2007-01-15,17.8,20.6,15.5,18.8,0.4,4.0,85,15.2,1018.3,99,9.9,122,3.24,0.0
2007-01-16,20.0,24.5,17.0,21.4,1.7,8.0,84,17.1,1016.9,72,13.0,134,9.97,29349.22
2007-01-17,16.0,18.2,14.4,14.1,0.1,1.0,63,8.8,1020.7,97,13.6,17,5.81,14262.52
2007-01-18,13.2,14.1,12.3,11.2,0.1,1.0,67,7.3,1022.7,99,10.5,9,3.46,0.0
2007-01-19,13.0,14.5,11.6,11.2,0.3,2.0,65,6.5,1021.8,95,9.0,8,4.51,645.77
2007-01-20,14.0,15.6,12.5,13.1,0.8,6.0,74,9.5,1018.4,96,8.3,15,4.91,0.0
2007-01-21,14.0,16.0,12.3,12.5,0.4,3.0,71,8.7,1020.8,95,10.8,11,4.51,309.1
2007-01-22,14.7,16.9,12.8,13.4,0.0,0.0,65,8.1,1021.4,91,7.6,357,5.98,4377.4
2007-01-23,14.5,15.7,13.2,12.9,0.1,1.0,67,8.4,1024.5,98,12.1,7,4.04,81.35
2007-01-24,15.5,18.2,13.1,14.1,0.0,0.0,60,7.7,1024.3,83,9.8,341,8.21,12264.49
2007-01-25,16.1,20.0,12.0,15.5,0.0,0.0,68,10.0,1022.7,83,6.4,129,8.88,18393.56
2007-01-26,16.1,17.9,15.0,15.2,0.0,0.0,68,10.2,1023.8,99,10.9,359,3.05,0.0
2007-01-27,16.1,20.0,12.1,14.3,0.0,0.0,56,7.1,1026.2,66,10.2,336,9.72,22717.28
2007-01-28,15.0,21.8,9.3,12.9,0.0,0.0,53,4.4,1027.9,11,10.5,347,19.21,38404.43
2007-01-29,15.1,22.0,8.9,13.7,0.0,0.0,65,7.7,1023.6,0,11.7,144,19.48,38442.9
2007-01-30,14.8,21.1,8.2,14.1,0.0,0.0,73,9.1,1024.5,27,8.0,95,16.51,38433.17
2007-01-31,15.6,23.2,9.3,14.7,0.0,0.0,67,8.0,1023.7,51,9.8,147,18.77,38519.12
2007-02-01,17.6,24.9,11.7,16.2,0.0,0.0,56,7.9,1025.8,77,12.7,11,15.59,35613.6
2007-02-02,16.0,22.4,10.0,13.8,0.0,0.0,49,3.7,1025.4,9,10.1,341,19.04,38594.13
2007-02-03,15.7,22.6,9.0,14.1,0.0,0.0,58,5.9,1022.0,3,12.5,154,19.55,38631.09
2007-02-04,15.9,23.2,9.1,15.6,0.0,0.0,77,11.1,1018.3,28,10.7,139,18.98,38667.64
2007-02-05,18.2,23.3,13.9,18.8,0.3,3.0,84,15.2,1017.5,73,14.2,138,8.4,19305.55
2007-02-06,20.1,25.0,17.0,20.6,2.1,8.0,80,16.3,1017.1,79,17.9,148,10.63,26422.75
2007-02-07,20.5,24.7,17.2,21.4,0.9,6.0,81,16.9,1018.1,78,14.5,145,9.06,23526.2
2007-02-08,20.5,26.0,16.9,21.0,0.0,0.0,76,15.6,1018.5,75,12.0,146,10.84,25706.86
2007-02-09,19.8,26.1,14.8,21.0,0.0,0.0,81,16.0,1017.0,57,9.7,146,10.74,23794.1
2007-02-10,20.4,24.7,16.4,22.3,0.0,0.0,85,17.5,1016.1,76,8.0,100,8.73,7942.24
2007-02-11,20.9,25.8,16.9,21.6,0.0,0.0,77,16.2,1017.2,75,17.1,148,12.82,34433.86
2007-02-12,20.7,26.0,16.3,21.3,0.0,0.0,81,16.9,1013.5,63,17.4,152,10.23,25016.58
2007-02-13,23.1,29.8,19.4,25.5,0.0,0.0,81,19.3,1010.9,63,13.8,148,14.25,30916.28
2007-02-14,22.8,25.9,20.3,25.6,1.7,9.0,86,20.2,1013.9,96,13.2,96,6.81,1643.32
2007-02-15,22.5,27.2,20.2,24.2,1.2,3.0,84,19.6,1011.7,83,18.6,147,6.47,6359.12
2007-02-16,24.1,29.3,21.3,27.2,0.1,1.0,80,20.2,1008.4,68,11.1,156,11.81,26789.87
2007-02-17,24.2,30.0,20.8,27.4,0.0,0.0,81,20.4,1008.5,80,10.7,134,12.91,27826.65
2007-02-18,23.8,29.5,20.9,26.9,0.0,0.0,83,20.4,1009.9,75,15.1,115,12.17,19857.15
2007-02-19,23.4,26.4,21.5,25.4,1.0,6.0,82,19.9,1010.6,94,18.1,131,9.11,20792.77
2007-02-20,23.7,27.4,21.8,25.8,1.1,7.0,80,20.0,1011.3,91,17.9,136,8.65,13501.04
2007-02-21,23.1,25.5,21.4,25.6,1.8,8.0,85,20.3,1011.7,99,14.5,134,5.73,1815.25
2007-02-22,23.6,26.4,22.1,26.7,1.4,6.0,88,21.6,1010.3,99,14.5,129,6.96,14356.87
2007-02-23,22.6,25.4,20.8,25.3,3.0,10.0,89,20.7,1010.5,100,15.1,120,3.86,0.0
2007-02-24,24.3,28.2,22.4,27.1,0.9,7.0,86,21.7,1010.2,87,18.5,144,10.69,26477.38
2007-02-25,21.4,22.8,19.9,23.5,4.2,11.0,83,18.4,1011.8,99,14.5,63,4.03,0.0
2007-02-26,23.0,26.6,20.5,24.8,0.5,3.0,83,19.7,1011.5,98,19.2,141,7.28,11821.16
2007-02-27,22.5,24.0,21.7,24.6,1.9,7.0,89,20.6,1011.3,100,17.1,141,3.98,658.9
2007-02-28,23.3,25.8,21.9,25.3,2.0,5.0,85,20.7,1010.3,91,20.7,154,8.14,14573.94
2007-03-01,23.7,27.4,21.9,25.7,0.9,5.0,83,20.6,1010.6,75,24.0,151,11.72,21199.67
2007-03-02,24.1,27.9,21.5,26.3,0.4,3.0,84,21.0,1010.2,86,21.9,151,11.74,20281.58
2007-03-03,24.9,28.8,22.9,27.6,0.0,0.0,84,21.9,1008.8,96,21.9,149,11.57,27359.65
2007-03-04,25.5,30.4,23.2,29.2,0.1,1.0,82,22.0,1008.0,74,14.0,125,14.01,30970.99
2007-03-05,21.6,24.8,16.0,23.2,9.2,18.0,85,18.9,1011.5,99,18.1,76,6.1,3407.84
2007-03-06,14.0,15.6,12.4,12.6,6.3,23.0,84,11.2,1016.9,100,14.4,19,3.56,0.0
2007-03-07,12.3,13.5,11.1,10.7,1.9,11.0,79,8.7,1017.0,99,10.3,20,3.94,0.0
2007-03-08,13.6,15.8,11.7,12.5,0.2,1.0,77,9.6,1016.6,97,9.2,19,4.99,0.0
2007-03-09,15.8,18.8,12.8,15.8,0.2,1.0,77,11.8,1016.8,95,6.2,31,6.93,1609.17
2007-03-10,19.1,22.1,16.3,20.4,0.0,0.0,81,15.6,1015.2,100,7.6,38,7.66,3794.7
2007-03-11,19.2,21.4,17.1,20.9,1.4,10.0,87,16.9,1015.9,100,7.4,56,4.67,0.0
2007-03-12,20.4,23.0,17.9,22.9,0.5,4.0,89,18.6,1015.0,100,12.0,98,5.44,1360.02
2007-03-13,22.4,25.1,20.8,25.2,5.9,15.0,92,21.0,1011.8,93,18.2,140,4.81,5354.13
2007-03-14,25.0,31.0,21.8,28.3,0.0,0.0,84,21.8,1006.3,59,17.3,147,17.7,30681.02
2007-03-15,25.5,32.1,21.1,29.8,0.0,0.0,83,22.2,1004.0,42,12.0,118,20.03,31948.46
2007-03-16,25.2,30.6,21.6,29.1,0.0,0.0,84,22.1,1006.2,66,14.8,103,13.67,24346.0
2007-03-17,20.2,23.3,15.8,21.6,24.6,16.0,87,17.9,1010.8,100,16.4,46,3.11,0.0
2007-03-18,14.8,15.6,14.4,14.3,11.0,19.0,89,13.1,1014.2,100,14.7,7,2.89,0.0
2007-03-19,15.5,17.8,13.6,14.9,1.1,8.0,79,11.8,1017.5,100,10.1,13,5.04,74.38
2007-03-20,16.4,20.3,13.9,15.7,1.1,6.0,71,10.9,1020.9,86,8.8,5,11.4,18383.14
2007-03-21,18.6,22.7,13.4,19.1,0.0,0.0,78,14.6,1016.9,80,11.6,135,14.08,21366.97
2007-03-22,20.9,24.3,18.5,23.1,0.6,4.0,87,18.6,1015.9,87,11.8,138,6.47,2621.46
2007-03-23,22.5,27.1,18.9,24.7,1.3,4.0,85,19.7,1013.6,82,17.1,144,12.3,23855.63
2007-03-24,24.5,28.7,21.5,27.6,0.0,0.0,83,21.2,1009.5,71,13.6,144,14.01,34261.77
2007-03-25,25.1,30.0,22.1,28.9,0.3,3.0,85,22.3,1006.5,79,12.3,133,12.59,21688.25
2007-03-26,26.1,32.0,22.1,30.3,0.0,0.0,84,22.8,1005.5,49,12.6,132,19.06,32830.27
2007-03-27,23.6,25.2,22.4,26.5,0.8,3.0,82,20.2,1010.2,88,15.3,43,5.93,0.0
2007-03-28,24.9,28.7,22.5,28.5,0.0,0.0,82,21.5,1011.6,86,12.8,144,10.7,20979.56
2007-03-29,25.2,28.4,22.8,29.1,0.5,3.0,87,22.9,1010.3,88,14.5,145,9.6,19264.99
2007-03-30,25.8,29.9,23.2,29.8,0.0,0.0,87,23.3,1008.7,81,16.4,145,11.05,20215.18
2007-03-31,27.5,33.7,23.3,32.5,0.0,0.0,82,24.1,1005.4,39,17.9,138,20.48,34009.45
2007-04-01,30.2,37.3,23.8,35.2,0.0,0.0,68,23.1,1001.3,8,10.9,170,25.03,43200.0
2007-04-02,25.9,30.1,19.6,26.8,0.0,0.0,60,17.6,1005.6,35,28.5,37,21.25,42538.37
2007-04-03,17.1,19.3,15.9,15.4,0.8,3.0,63,9.9,1019.0,100,13.0,24,4.34,0.0
2007-04-04,15.7,17.4,14.1,14.2,0.0,0.0,62,8.3,1021.1,90,12.4,26,9.05,10975.66
2007-04-05,17.3,19.8,15.0,16.8,0.0,0.0,69,11.5,1019.7,90,8.9,25,10.14,13691.71
2007-04-06,19.6,23.3,16.4,20.3,0.0,0.0,70,14.0,1018.2,96,6.5,20,12.35,18492.5
2007-04-07,21.1,24.4,18.3,22.6,0.0,0.0,75,16.3,1016.5,97,8.1,129,11.52,12886.66
2007-04-08,20.0,21.5,18.7,20.5,1.1,6.0,70,14.2,1018.1,92,10.3,25,9.17,6151.64
2007-04-09,21.0,25.3,17.9,22.2,0.0,0.0,72,15.6,1016.2,77,11.1,137,16.55,21228.52
2007-04-10,20.1,22.7,18.2,21.6,9.7,9.0,82,16.8,1017.1,88,11.3,2,7.34,5260.68
2007-04-11,21.0,25.8,16.9,22.8,2.0,4.0,77,16.5,1015.8,70,9.2,95,18.23,34434.68
2007-04-12,22.0,26.9,17.0,24.2,0.0,0.0,82,18.5,1013.2,63,11.5,143,16.13,30039.27
2007-04-13,23.1,27.6,19.6,26.1,0.3,2.0,86,20.4,1012.9,81,11.8,136,13.74,31083.64
2007-04-14,24.9,29.2,21.2,28.4,0.1,1.0,83,21.7,1009.7,97,12.8,159,14.06,26962.01
2007-04-15,25.3,30.2,21.7,29.6,0.0,0.0,84,22.1,1008.6,97,10.1,106,13.73,20203.46
2007-04-16,25.2,28.4,23.2,29.3,0.0,0.0,88,22.9,1007.5,97,12.0,131,7.76,7735.62
2007-04-17,26.9,30.9,23.4,30.8,0.1,1.0,76,22.0,1006.8,97,15.8,81,15.18,24720.65
2007-04-18,23.9,28.3,19.2,24.4,0.0,0.0,53,13.5,1014.0,39,13.8,114,26.49,43200.0
2007-04-19,22.3,28.4,16.2,22.8,0.0,0.0,64,14.4,1012.4,44,14.8,141,24.06,43200.0
2007-04-20,24.6,30.1,20.2,27.7,0.0,0.0,81,21.0,1009.8,63,16.1,144,16.15,31568.9
2007-04-21,26.9,31.9,23.0,31.2,0.1,1.0,82,23.4,1006.9,72,14.5,148,14.97,25771.99
2007-04-22,28.8,34.6,23.7,34.6,0.0,0.0,78,24.4,1004.3,39,12.4,152,22.69,43159.2
2007-04-23,29.5,35.8,23.6,35.3,0.0,0.0,76,24.5,1002.8,23,13.0,109,25.42,43200.0
2007-04-24,28.1,32.3,24.2,31.8,0.2,1.0,74,22.7,1006.1,71,17.4,53,18.03,38939.3
2007-04-25,21.9,25.9,19.8,23.9,30.7,18.0,80,18.4,1014.0,94,15.8,17,7.37,551.03
2007-04-26,24.1,27.8,21.7,27.3,0.5,4.0,82,20.8,1014.2,95,13.6,153,10.21,11532.32
2007-04-27,25.0,28.7,21.6,28.6,0.3,3.0,83,21.7,1013.8,78,12.2,137,14.38,34636.6
2007-04-28,24.8,28.7,22.9,28.8,5.0,16.0,86,22.2,1012.0,88,15.5,121,15.37,24539.23
2007-04-29,21.1,22.9,19.3,22.7,9.1,13.0,83,18.0,1013.6,98,13.5,17,5.75,3886.88
2007-04-30,23.5,27.9,19.9,25.2,0.0,0.0,67,16.7,1014.4,70,10.1,358,25.24,43200.0
2007-05-01,23.8,30.0,17.4,26.7,0.0,0.0,75,18.5,1013.5,78,11.8,134,26.52,43321.67
2007-05-02,24.2,30.5,18.0,27.1,0.0,0.0,75,19.0,1011.2,76,14.0,139,27.16,43200.0
2007-05-03,25.3,30.5,20.8,28.6,0.0,0.0,79,21.0,1008.9,94,17.3,154,25.06,43200.0
2007-05-04,22.1,23.9,19.4,24.9,26.9,21.0,91,20.6,1011.2,100,18.9,334,3.89,0.0
2007-05-05,21.1,24.8,19.1,23.6,9.0,14.0,88,18.9,1010.5,100,9.5,248,9.28,2045.89
2007-05-06,23.6,29.5,19.2,26.8,0.0,0.0,79,19.3,1009.1,65,12.0,297,25.84,36000.0
2007-05-07,24.3,30.9,17.6,27.4,0.0,0.0,75,18.9,1008.9,49,10.4,149,27.95,43741.16
2007-05-08,23.6,30.1,17.4,26.0,0.0,0.0,73,17.7,1009.7,68,10.8,125,26.06,42549.62
2007-05-09,23.7,29.6,17.4,26.9,0.0,0.0,79,19.4,1010.2,34,9.3,162,22.35,43200.0
2007-05-10,25.2,29.7,20.3,29.4,1.1,6.0,82,21.7,1009.5,49,9.5,117,20.13,43060.26
2007-05-11,26.4,30.4,24.1,31.5,1.9,11.0,84,23.4,1008.5,67,11.9,100,16.11,36741.29
2007-05-12,24.1,25.0,23.2,25.7,4.0,6.0,74,18.8,1013.2,91,18.8,13,8.76,8055.02
2007-05-13,23.6,26.9,21.8,24.5,0.0,0.0,61,15.5,1013.4,94,12.6,354,9.63,16358.01
2007-05-14,24.4,26.9,21.9,28.3,0.1,1.0,81,20.9,1011.5,98,5.4,236,7.55,10326.9
2007-05-15,26.3,30.5,23.0,30.9,1.6,7.0,85,23.5,1009.8,74,16.7,150,19.34,39902.8
2007-05-16,27.0,31.6,24.2,32.3,20.2,11.0,87,24.5,1009.7,98,13.0,140,18.67,32585.58
2007-05-17,25.2,27.8,22.6,29.1,8.3,7.0,82,21.7,1010.0,100,9.7,346,11.29,13837.79
2007-05-18,26.3,30.4,23.9,32.1,31.5,14.0,89,24.3,1008.1,96,7.1,85,15.58,30788.17
2007-05-19,24.4,25.5,23.8,29.6,32.9,23.0,96,23.7,1007.7,100,8.3,62,4.92,495.93
2007-05-20,26.5,29.3,23.9,32.2,4.1,14.0,90,24.5,1004.5,99,11.3,140,8.75,979.23
2007-05-21,28.3,31.7,25.2,33.6,0.4,3.0,81,24.7,1001.3,91,10.9,184,12.42,22175.65
2007-05-22,29.5,32.9,26.6,33.9,0.0,0.0,72,23.8,999.3,52,15.3,187,18.59,42762.68
2007-05-23,30.8,35.8,26.5,35.3,0.0,0.0,65,23.3,998.0,6,17.6,211,26.7,45163.34
2007-05-24,30.8,35.9,26.2,36.0,16.0,4.0,67,23.6,998.1,17,14.0,259,26.73,45157.4
2007-05-25,27.8,30.9,24.8,32.1,4.0,5.0,73,22.2,1004.1,63,11.7,9,23.03,43570.49
2007-05-26,27.6,31.5,25.1,32.9,7.3,10.0,84,24.6,1005.1,74,11.6,141,16.5,34215.54
2007-05-27,26.9,31.4,24.9,33.0,14.2,19.0,91,25.2,1004.4,89,10.5,126,12.19,16160.58
2007-05-28,25.9,28.7,24.6,31.6,15.4,17.0,93,24.6,1005.1,98,8.0,69,8.54,2673.97
2007-05-29,26.2,30.1,23.9,31.7,6.6,12.0,89,24.2,1005.5,88,12.4,119,13.44,21914.77
2007-05-30,26.6,30.5,24.2,32.3,18.3,16.0,90,24.6,1005.9,99,9.3,123,13.47,16732.33
2007-05-31,28.2,32.2,25.0,34.3,4.5,3.0,85,25.3,1004.4,98,11.0,155,17.27,29607.19
2007-06-01,29.7,33.7,25.7,35.9,0.3,2.0,78,25.3,1001.5,95,12.1,172,21.88,44082.31
2007-06-02,29.9,33.7,26.4,36.5,1.9,2.0,79,25.8,1001.4,81,8.6,81,17.34,43200.0
2007-06-03,30.1,34.4,26.4,36.8,5.8,5.0,80,25.9,1003.2,82,12.7,104,20.34,44758.7
2007-06-04,28.2,32.1,25.2,34.5,14.7,10.0,86,25.4,1004.7,77,7.2,335,15.47,21589.03
2007-06-05,28.3,31.3,25.7,35.0,16.9,12.0,88,26.0,1003.4,82,9.6,128,13.48,31994.11
2007-06-06,29.3,33.5,26.5,36.1,0.7,4.0,84,26.1,1002.8,95,9.2,144,17.46,27537.83
2007-06-07,30.7,34.5,26.7,37.1,0.0,0.0,75,25.4,1001.9,90,10.5,191,24.2,43569.4
2007-06-08,31.4,35.8,27.3,37.0,0.0,0.0,69,24.7,1001.2,65,13.1,195,25.21,44715.29
2007-06-09,31.4,36.3,27.1,37.4,15.2,6.0,70,24.9,1000.7,99,13.1,219,24.81,43552.2
2007-06-10,27.8,31.5,25.4,33.1,8.9,12.0,82,24.2,1003.2,100,11.7,12,15.24,21834.45
2007-06-11,27.2,29.6,25.4,33.0,9.3,17.0,88,24.9,1002.9,99,10.6,140,12.85,22072.76
2007-06-12,28.2,32.6,25.3,34.1,7.1,14.0,87,25.6,1001.0,100,11.8,151,11.56,11137.98
2007-06-13,26.6,28.3,24.7,31.4,1.2,7.0,85,23.9,1002.3,100,13.8,341,8.61,1862.07
2007-06-14,26.5,30.5,23.0,31.1,4.3,9.0,80,22.6,1004.2,89,9.0,255,16.42,36737.54
2007-06-15,26.7,29.7,24.8,32.4,15.5,16.0,89,24.6,1003.3,93,9.7,119,14.82,28035.02
2007-06-16,26.9,30.7,24.7,32.8,14.2,13.0,90,25.0,1002.4,99,10.7,122,13.27,17631.1
2007-06-17,28.0,32.4,25.0,34.0,9.7,17.0,87,25.5,1001.4,99,12.9,144,15.29,26049.66
2007-06-18,28.9,32.8,26.7,34.8,2.7,9.0,83,25.7,1002.2,97,14.3,148,18.76,32981.74
2007-06-19,28.6,32.1,25.7,34.0,3.4,10.0,83,25.2,1004.2,90,16.6,144,19.03,44006.21
2007-06-20,28.8,32.3,25.7,34.5,0.2,2.0,82,25.2,1005.5,62,14.5,152,21.78,45204.48
2007-06-21,29.0,33.4,25.4,34.6,0.0,0.0,79,24.7,1005.3,8,14.0,158,26.42,46282.26
2007-06-22,29.2,33.9,25.6,34.4,0.0,0.0,77,24.4,1005.2,4,14.9,153,27.38,46012.65
2007-06-23,29.6,33.9,26.0,35.4,0.0,0.0,79,25.4,1006.4,10,13.4,152,25.46,46013.05
2007-06-24,29.7,33.5,26.5,35.6,0.4,1.0,79,25.5,1005.7,23,14.2,154,22.73,45744.62
2007-06-25,30.1,33.6,26.8,36.6,0.2,1.0,79,26.0,1002.7,88,13.7,162,18.53,40385.18
2007-06-26,30.4,34.2,27.3,37.0,3.4,5.0,79,26.1,999.9,100,13.7,176,19.09,36629.21
2007-06-27,29.7,33.0,26.6,35.7,8.4,14.0,77,25.2,1000.2,100,9.8,188,17.62,28613.74
2007-06-28,30.5,34.5,26.9,36.3,0.0,0.0,74,25.1,1000.6,98,13.0,194,23.7,43682.27
2007-06-29,29.9,33.4,26.5,36.7,0.5,2.0,79,25.8,1000.4,98,10.9,106,21.82,42430.71
2007-06-30,27.5,29.3,26.0,33.9,17.4,17.0,90,25.6,1000.2,99,8.9,43,7.76,1050.02
2007-07-01,26.0,28.0,24.7,31.9,35.6,24.0,95,25.1,1001.1,100,7.6,87,5.33,192.3
2007-07-02,26.9,30.2,24.9,32.6,14.7,17.0,90,25.0,1002.3,99,10.5,117,10.72,13578.26
2007-07-03,27.9,31.1,25.4,34.2,4.2,8.0,86,25.4,1003.1,84,10.1,133,14.84,29881.34
2007-07-04,28.6,33.1,25.0,35.3,0.7,5.0,85,25.6,1000.9,54,11.5,140,21.18,42866.8
2007-07-05,27.2,30.7,25.9,33.5,17.9,19.0,91,25.6,998.7,81,10.3,294,9.77,13772.47
2007-07-06,28.1,32.3,25.5,33.8,15.8,16.0,85,25.2,1000.6,85,11.6,150,15.93,29828.8
2007-07-07,29.2,33.1,26.3,35.8,2.8,8.0,81,25.5,1004.0,71,11.1,123,22.97,44998.49
2007-07-08,29.3,32.8,26.5,35.7,2.6,9.0,83,26.0,1002.7,42,10.7,145,22.06,45006.89
2007-07-09,30.0,34.2,27.1,36.5,0.7,2.0,80,26.1,1000.1,50,13.9,149,22.71,45016.0
2007-07-10,30.0,33.9,26.5,37.2,4.6,3.0,81,26.2,1000.0,73,8.9,168,23.21,43957.67
2007-07-11,30.5,34.6,26.9,37.5,2.4,3.0,79,26.1,998.6,83,11.0,193,22.44,45035.53
2007-07-12,30.5,34.7,27.3,37.8,1.3,3.0,81,26.6,996.9,89,8.0,155,21.96,39507.72
2007-07-13,29.9,33.7,26.3,36.8,6.5,5.0,82,26.3,996.8,94,9.8,341,20.37,43402.66
2007-07-14,29.6,33.3,26.4,36.6,9.3,8.0,83,26.2,998.2,71,9.5,69,20.78,41331.63
2007-07-15,31.0,35.4,27.1,38.1,7.5,6.0,79,26.5,999.8,45,15.3,161,24.08,44284.22
2007-07-16,30.6,34.9,26.8,36.7,0.9,2.0,76,25.8,1000.2,73,12.8,174,20.94,41190.84
2007-07-17,31.3,35.4,28.1,37.0,0.0,0.0,72,25.4,999.8,90,13.9,165,23.08,43565.23
2007-07-18,30.8,34.9,28.1,36.1,0.8,1.0,71,24.9,1000.7,100,13.2,165,20.46,32351.58
2007-07-19,31.0,34.8,28.2,36.7,0.0,0.0,72,25.3,1002.2,97,12.7,180,21.14,36960.9
2007-07-20,30.6,34.3,27.5,36.4,0.0,0.0,72,24.9,1003.5,96,9.1,176,21.22,36537.6
2007-07-21,29.8,33.3,26.8,36.2,0.8,1.0,77,25.2,1004.7,84,8.2,160,21.7,37548.7
2007-07-22,28.9,31.9,26.5,35.1,0.2,1.0,82,25.3,1005.3,89,9.7,150,14.84,26702.13
2007-07-23,29.6,33.1,26.4,35.8,0.7,3.0,79,25.4,1006.1,33,14.6,160,22.83,43455.85
2007-07-24,29.6,34.5,26.6,35.8,6.5,3.0,78,25.1,1006.4,58,12.9,166,25.18,43200.0
2007-07-25,29.5,34.0,26.2,35.2,0.2,1.0,78,25.0,1006.4,77,14.3,156,23.5,43735.32
2007-07-26,29.5,33.8,27.0,35.2,1.8,2.0,79,25.3,1005.5,96,14.0,154,19.64,31704.9
2007-07-27,26.7,28.7,23.8,32.5,23.6,12.0,89,24.8,1007.0,100,9.7,130,8.79,3074.46
2007-07-28,27.8,31.2,25.1,33.7,3.7,6.0,86,25.2,1006.4,96,14.1,142,16.14,32659.99
2007-07-29,28.4,31.3,26.2,34.4,11.7,14.0,84,25.4,1006.2,90,11.2,147,17.72,39269.0
2007-07-30,28.5,32.7,25.5,34.7,5.0,12.0,83,25.1,1006.4,62,10.1,137,22.38,42623.99
2007-07-31,28.1,32.3,25.8,34.4,6.5,7.0,84,25.0,1005.4,75,10.6,148,21.92,41250.76
2007-08-01,27.4,30.4,25.0,33.6,8.5,11.0,87,25.0,1004.7,65,10.6,124,16.89,34205.61
2007-08-02,27.0,30.8,24.2,33.2,21.4,17.0,89,24.9,1004.6,93,8.5,62,15.06,23291.57
2007-08-03,27.9,32.6,24.5,34.6,8.8,15.0,86,25.3,1003.9,84,7.1,357,21.05,36572.86
2007-08-04,28.5,32.0,25.5,35.5,4.0,5.0,87,26.0,1002.7,51,10.3,107,20.63,43200.0
2007-08-05,28.1,31.6,25.4,34.4,5.3,9.0,85,25.3,1003.4,54,9.2,308,19.39,39748.01
2007-08-06,28.1,32.7,25.8,34.2,5.8,6.0,85,25.1,1002.8,89,9.8,342,17.94,37060.33
2007-08-07,28.2,31.5,26.2,33.9,4.3,3.0,84,25.0,1000.6,91,13.2,10,14.59,40816.99
2007-08-08,27.6,31.8,24.9,33.6,8.5,12.0,87,25.1,998.9,67,12.9,295,17.51,36668.65
2007-08-09,28.4,33.3,24.6,35.2,2.5,6.0,87,25.8,997.6,96,9.4,249,18.62,26261.75
2007-08-10,29.0,32.9,26.3,35.7,3.0,10.0,86,26.3,996.4,98,11.4,248,16.17,32700.5
2007-08-11,30.2,34.3,26.8,37.1,1.1,4.0,80,26.1,995.8,99,12.9,224,21.26,38765.49
2007-08-12,29.3,31.9,27.2,35.9,0.0,0.0,82,25.8,998.4,100,9.1,299,13.55,14556.28
2007-08-13,29.8,33.4,27.0,37.1,1.5,3.0,83,26.4,999.0,98,8.9,260,18.55,34035.27
2007-08-14,28.4,31.2,26.3,34.8,1.5,8.0,85,25.6,1000.4,98,9.5,353,14.2,26647.83
2007-08-15,29.4,33.6,25.8,36.3,0.8,5.0,82,25.7,999.7,56,7.9,321,23.31,41956.92
2007-08-16,29.0,33.6,25.2,35.6,0.0,0.0,81,25.2,1000.7,30,7.9,349,23.38,43200.0
2007-08-17,28.8,32.8,24.8,34.5,0.2,1.0,79,24.5,1002.0,46,10.8,339,23.97,43200.0
2007-08-18,27.6,31.1,25.0,33.4,6.3,12.0,84,24.5,1003.4,73,11.3,343,18.47,36054.76
2007-08-19,28.9,32.7,25.2,34.8,1.5,2.0,78,24.5,1002.9,38,6.9,277,22.0,43200.0
2007-08-20,29.6,34.3,25.0,36.7,0.3,1.0,81,25.8,1002.9,57,10.0,157,24.75,43200.0
2007-08-21,29.7,33.9,26.1,36.9,0.0,0.0,82,26.2,1002.7,94,8.0,132,22.46,43200.0
2007-08-22,28.1,31.6,26.2,34.8,4.6,7.0,88,25.9,1003.3,97,10.2,259,13.97,21093.97
2007-08-23,28.6,32.7,25.7,35.6,7.3,7.0,87,26.0,1003.4,99,8.9,123,18.46,33441.31
2007-08-24,27.7,30.4,25.8,34.3,4.3,7.0,90,25.8,1005.8,100,7.2,59,9.84,1262.27
2007-08-25,27.1,30.3,24.6,33.2,29.8,12.0,89,25.0,1007.4,98,9.1,101,11.41,8963.38
2007-08-26,27.7,31.8,24.9,34.0,6.4,10.0,87,25.1,1007.1,69,6.6,88,17.56,39252.35
2007-08-27,27.3,31.5,24.8,33.7,6.6,11.0,88,25.0,1007.5,82,12.5,97,18.54,35021.36
2007-08-28,25.9,28.6,24.4,31.5,7.3,15.0,90,24.1,1008.1,98,11.9,32,9.46,10031.73
2007-08-29,26.1,29.2,24.4,31.7,9.8,13.0,89,24.1,1007.7,88,9.4,347,11.42,22924.05
2007-08-30,26.9,30.3,24.6,32.9,4.9,6.0,89,24.8,1005.9,60,10.3,147,15.4,38264.37
2007-08-31,28.0,32.2,25.0,34.3,0.5,1.0,86,25.3,1004.4,53,8.1,150,20.31,43200.0
2007-09-01,27.9,31.6,25.2,34.4,3.2,12.0,88,25.5,1003.8,92,7.0,70,15.64,35787.08
2007-09-02,27.6,31.5,25.3,34.1,6.8,12.0,90,25.6,1004.5,97,7.3,1,15.52,26159.54
2007-09-03,26.6,29.5,24.7,32.5,25.8,21.0,91,25.0,1004.7,100,8.5,31,9.84,8285.04
2007-09-04,24.3,25.2,22.9,27.8,33.4,18.0,87,21.9,1007.3,100,14.9,343,5.89,0.0
2007-09-05,23.6,24.8,22.4,26.7,11.8,16.0,85,20.9,1009.4,99,9.6,306,7.07,5982.83
2007-09-06,25.2,28.8,21.9,29.1,0.0,0.0,81,21.5,1008.3,97,7.7,310,14.25,22512.01
2007-09-07,26.8,31.1,23.3,32.4,7.0,7.0,85,24.0,1005.3,98,9.1,149,18.99,33875.18
2007-09-08,27.8,31.7,25.2,34.1,13.4,10.0,88,25.7,1003.2,94,14.6,130,16.47,32537.36
2007-09-09,26.5,29.5,24.5,32.5,22.9,17.0,92,25.1,1003.8,100,9.6,81,10.41,12477.77
2007-09-10,24.7,25.5,24.1,29.3,11.7,23.0,92,23.4,1006.4,100,10.4,350,3.17,0.0
2007-09-11,24.4,25.9,23.3,28.7,36.3,21.0,91,22.9,1007.4,100,10.5,323,4.47,5375.72
2007-09-12,26.1,29.0,23.6,30.8,0.2,1.0,84,23.0,1006.8,91,9.8,357,14.89,36803.26
2007-09-13,25.9,29.3,24.2,31.7,12.6,11.0,91,24.3,1007.1,89,10.0,17,10.78,18443.18
2007-09-14,27.1,31.8,24.1,32.8,4.7,8.0,86,24.4,1007.1,80,9.7,325,19.98,37741.54
2007-09-15,27.8,31.5,24.6,32.8,0.0,0.0,78,23.3,1006.1,42,9.7,331,23.08,42986.04
2007-09-16,28.1,32.4,24.2,34.3,0.1,1.0,83,24.7,1005.1,65,9.8,130,21.8,42929.49
2007-09-17,27.8,32.2,24.4,34.4,20.0,11.0,88,25.5,1006.2,57,8.0,82,19.11,42173.96
2007-09-18,25.4,29.1,23.3,28.0,3.4,5.0,76,20.7,1008.2,85,16.4,317,16.27,30589.48
2007-09-19,26.1,30.7,22.1,29.1,0.0,0.0,70,19.6,1006.6,11,14.3,343,24.18,42761.97
2007-09-20,24.8,30.3,20.5,26.7,0.0,0.0,68,18.0,1009.4,6,17.2,19,24.65,42706.12
2007-09-21,24.8,29.6,20.5,26.4,0.0,0.0,65,17.3,1010.7,10,17.0,358,24.59,42649.79
2007-09-22,25.0,29.5,22.7,27.0,0.0,0.0,67,18.3,1010.0,52,11.7,339,12.85,23682.84
2007-09-23,25.6,30.0,21.6,27.9,0.0,0.0,66,18.4,1007.6,43,15.2,346,23.91,38936.08
2007-09-24,24.8,30.3,21.6,26.8,11.6,8.0,73,19.2,1005.4,89,19.0,348,19.32,32797.76
2007-09-25,23.4,25.5,22.5,25.7,59.1,21.0,88,21.3,1006.0,100,17.2,332,3.65,1689.23
2007-09-26,24.7,28.2,23.0,29.2,30.9,21.0,92,23.2,1008.2,100,14.8,112,7.44,9038.87
2007-09-27,25.1,28.4,23.5,30.5,17.9,17.0,92,23.7,1009.7,84,7.9,117,8.96,18807.12
2007-09-28,25.9,30.2,23.0,31.1,3.8,4.0,87,23.4,1010.1,59,8.4,15,15.06,36396.38
2007-09-29,26.2,31.0,21.5,31.2,0.0,0.0,84,23.0,1011.0,42,8.7,330,19.88,42005.71
2007-09-30,27.6,31.6,23.3,32.9,0.2,1.0,81,23.7,1008.5,42,8.8,310,20.54,41788.57
2007-10-01,27.8,31.3,24.8,32.7,1.2,1.0,79,23.6,1005.3,93,10.9,343,19.58,40336.3
2007-10-02,26.5,29.6,25.5,29.9,1.9,6.0,79,22.4,1004.7,90,15.9,331,8.46,10183.72
2007-10-03,25.8,27.3,24.6,28.8,26.2,24.0,84,22.8,1004.1,100,20.0,1,3.27,2537.12
2007-10-04,25.2,27.0,24.2,28.9,31.0,24.0,92,23.7,1006.8,100,19.8,53,4.79,0.0
2007-10-05,25.2,27.5,24.0,30.1,32.5,21.0,93,23.9,1007.9,98,12.5,60,5.64,6347.65
2007-10-06,26.3,30.3,23.3,31.3,1.7,3.0,85,23.2,1005.9,56,6.1,275,16.9,40478.65
2007-10-07,27.1,31.7,23.3,32.9,0.0,0.0,84,23.9,1005.7,50,7.2,169,19.82,38907.31
2007-10-08,27.3,32.2,23.9,33.2,2.9,3.0,85,24.4,1008.3,45,11.6,334,19.38,39373.67
2007-10-09,26.2,29.8,23.9,30.5,1.3,6.0,81,22.3,1011.0,45,10.5,52,17.6,39500.42
2007-10-10,25.5,28.4,23.2,29.8,1.9,9.0,84,22.4,1011.9,58,12.8,110,13.66,39185.95
2007-10-11,25.3,29.0,23.1,29.7,0.5,3.0,82,21.9,1013.6,75,5.6,320,13.53,30522.97
2007-10-12,25.0,28.0,23.4,29.6,11.8,17.0,87,22.7,1015.2,84,10.5,31,10.17,26962.37
2007-10-13,25.6,29.5,22.7,29.8,0.1,1.0,81,21.9,1015.7,54,9.0,332,17.77,39582.36
2007-10-14,25.2,27.7,22.7,26.7,0.0,0.0,65,18.1,1017.3,64,15.6,18,15.39,39600.0
2007-10-15,23.3,25.0,22.3,24.0,0.2,1.0,64,16.1,1019.8,100,13.0,345,7.27,12336.64
2007-10-16,23.1,26.5,20.4,23.5,0.0,0.0,61,15.0,1020.0,93,16.3,17,19.93,39998.19
2007-10-17,22.5,26.7,19.4,23.9,0.0,0.0,68,16.0,1018.4,33,11.2,353,20.85,39773.54
2007-10-18,22.9,27.5,17.5,25.3,0.0,0.0,74,17.6,1016.4,14,6.2,12,20.08,39600.0
2007-10-19,23.1,27.0,19.5,23.8,0.0,0.0,64,15.4,1018.7,21,16.9,16,19.78,39600.0
2007-10-20,22.5,27.2,18.2,23.5,0.0,0.0,63,14.7,1017.3,3,11.6,348,20.99,39600.0
2007-10-21,22.8,27.9,17.0,24.9,0.0,0.0,72,16.9,1015.6,13,7.9,100,20.91,39600.0
2007-10-22,23.2,27.2,18.7,26.3,0.2,1.0,82,19.7,1014.3,55,8.9,134,13.37,39167.21
2007-10-23,24.3,28.0,21.4,27.7,0.0,0.0,79,20.2,1014.6,52,6.8,147,14.54,37331.97
2007-10-24,23.7,29.1,18.8,27.0,0.0,0.0,79,19.4,1015.4,41,6.1,250,18.44,39090.41
2007-10-25,24.9,30.2,20.4,28.2,0.0,0.0,77,20.2,1015.0,36,10.8,306,19.45,39600.0
2007-10-26,25.3,30.6,20.5,28.5,0.0,0.0,75,20.1,1013.6,40,9.7,307,19.4,39600.0
2007-10-27,24.9,30.2,20.6,28.1,0.0,0.0,78,20.4,1011.4,26,14.0,144,19.21,39596.63
2007-10-28,24.4,28.6,20.9,28.0,0.0,0.0,83,21.2,1011.5,49,10.7,118,12.7,30443.04
2007-10-29,24.6,29.2,20.7,28.2,0.2,2.0,81,20.8,1013.0,29,8.0,106,16.75,37823.82
2007-10-30,23.9,27.4,20.5,25.0,0.2,1.0,63,16.1,1015.4,65,13.1,19,17.67,39512.9
2007-10-31,20.6,23.2,19.1,21.9,16.7,17.0,79,16.8,1016.8,100,10.4,5,2.87,0.0
2007-11-01,18.2,19.1,16.4,18.5,30.9,24.0,87,16.1,1020.1,100,15.1,359,1.83,0.0
2007-11-02,17.6,19.0,16.5,16.3,0.2,1.0,64,10.6,1020.6,99,15.1,360,6.49,7386.76
2007-11-03,18.2,20.0,17.2,17.1,0.3,1.0,63,11.2,1019.6,100,15.4,338,5.7,1512.16
2007-11-04,17.5,18.8,16.4,16.6,1.0,3.0,71,12.1,1020.4,82,13.5,342,4.97,6792.89
2007-11-05,19.1,24.0,15.6,19.1,0.0,0.0,71,13.3,1018.0,20,13.1,327,18.32,37712.66
2007-11-06,19.4,25.7,14.3,19.4,0.0,0.0,71,13.2,1016.6,0,13.0,334,19.61,39296.89
2007-11-07,19.1,26.0,14.1,18.9,0.0,0.0,67,12.1,1015.7,1,12.2,340,19.93,39263.99
2007-11-08,18.7,26.3,12.2,18.4,0.0,0.0,69,12.1,1014.7,0,13.0,331,19.91,39230.65
2007-11-09,19.6,26.9,13.8,19.8,0.0,0.0,70,13.4,1015.2,4,13.0,341,19.44,39196.9
2007-11-10,20.5,26.5,15.6,20.9,0.0,0.0,67,13.7,1015.3,36,8.7,328,13.54,27448.74
2007-11-11,20.7,26.7,15.6,21.9,0.0,0.0,72,14.9,1015.8,72,8.0,337,17.82,38636.51
2007-11-12,21.5,26.8,16.2,23.1,0.0,0.0,75,16.4,1015.0,45,8.5,150,16.83,38202.67
2007-11-13,21.9,26.5,18.7,24.1,0.0,0.0,80,18.1,1014.6,77,7.9,125,10.27,19533.28
2007-11-14,21.8,26.8,18.1,23.8,0.0,0.0,79,17.6,1015.7,31,7.4,125,13.55,33288.12
2007-11-15,21.2,26.6,16.1,23.1,0.0,0.0,78,16.7,1017.7,22,8.6,129,16.12,33068.35
2007-11-16,20.9,27.0,14.5,22.4,0.0,0.0,74,15.4,1016.8,17,6.0,242,18.32,38951.68
2007-11-17,21.7,27.8,15.8,23.3,0.0,0.0,73,16.2,1013.9,19,8.2,145,17.25,38520.41
2007-11-18,21.9,24.7,18.3,22.6,0.0,0.0,70,15.7,1017.2,70,13.6,21,5.98,10843.24
2007-11-19,20.6,23.9,18.3,20.1,0.0,0.0,57,11.7,1021.0,68,12.1,12,15.89,32400.0
2007-11-20,20.7,24.5,16.8,20.8,0.0,0.0,61,12.8,1020.4,31,11.1,2,16.21,36728.85
2007-11-21,19.9,25.2,14.6,20.4,0.0,0.0,69,13.4,1019.7,1,7.6,332,17.46,38619.2
2007-11-22,20.0,26.1,15.0,20.1,0.0,0.0,69,13.4,1019.3,69,11.9,337,17.31,38644.48
2007-11-23,19.7,25.6,15.8,19.0,0.0,0.0,60,11.0,1017.8,41,13.7,349,17.68,36260.74
2007-11-24,19.5,25.6,14.5,18.8,0.0,0.0,57,10.1,1017.6,4,12.5,353,17.81,38651.44
2007-11-25,18.6,25.2,12.7,18.1,0.0,0.0,62,10.3,1017.1,10,8.1,346,16.74,38184.02
2007-11-26,19.2,25.8,13.8,17.5,0.0,0.0,52,8.4,1018.5,0,17.1,2,17.83,38477.63
2007-11-27,18.7,23.7,14.3,16.7,0.0,0.0,47,7.0,1018.2,0,18.7,0,17.84,38502.74
2007-11-28,16.4,22.2,10.5,14.8,0.0,0.0,53,5.5,1017.5,0,7.8,16,18.05,38258.19
2007-11-29,15.2,21.8,7.6,13.5,0.0,0.0,54,4.4,1020.2,0,6.7,15,18.38,38282.68
2007-11-30,15.9,22.3,9.1,15.0,0.0,0.0,64,8.3,1022.0,5,8.0,123,17.81,38036.79
2007-12-01,17.4,23.9,11.7,17.4,0.0,0.0,78,13.1,1019.0,26,13.0,147,13.6,37519.4
2007-12-02,18.8,23.4,14.6,19.9,0.9,4.0,84,15.9,1020.0,58,9.4,343,11.29,35719.03
2007-12-03,18.7,22.0,15.0,18.7,0.1,1.0,70,12.9,1021.2,72,8.0,354,7.69,21600.0
2007-12-04,18.5,23.4,13.5,18.9,0.0,0.0,75,13.6,1021.7,75,8.4,38,10.93,31657.6
2007-12-05,19.5,23.8,16.5,19.4,0.0,0.0,62,11.7,1022.2,42,8.4,48,15.12,36000.0
2007-12-06,18.8,23.8,14.7,18.3,0.0,0.0,62,10.9,1021.7,24,10.7,3,13.98,36542.15
2007-12-07,18.3,23.4,13.8,18.0,0.0,0.0,68,11.8,1019.7,28,10.3,82,13.12,36562.02
2007-12-08,19.7,24.6,15.2,20.1,0.0,0.0,71,13.9,1017.4,53,13.0,130,13.99,29109.01
2007-12-09,20.9,25.6,17.1,22.4,0.0,0.0,80,17.1,1014.8,55,10.9,144,8.76,23014.98
2007-12-10,21.7,25.9,19.0,23.7,0.2,2.0,85,18.9,1013.7,81,13.5,145,8.92,27287.74
2007-12-11,22.3,26.6,19.6,24.2,0.5,3.0,84,19.1,1012.6,56,13.8,149,10.02,25691.21
2007-12-12,22.2,26.9,19.5,24.7,0.0,0.0,82,18.6,1011.4,53,10.0,154,13.01,36000.0
2007-12-13,20.8,22.2,19.7,22.3,1.5,4.0,80,17.0,1013.2,85,15.3,69,5.85,11448.82
2007-12-14,20.6,24.5,18.7,21.4,0.0,0.0,77,16.2,1013.1,74,14.1,119,6.39,10481.63
2007-12-15,21.3,24.2,18.8,23.2,0.8,4.0,83,18.4,1014.3,88,12.4,114,6.09,14914.63
2007-12-16,22.3,25.2,20.1,24.4,0.5,2.0,83,19.3,1016.0,87,13.2,130,4.66,3055.21
2007-12-17,22.5,25.9,20.0,24.5,0.4,3.0,82,19.1,1016.1,87,13.4,127,6.66,5857.68
2007-12-18,21.7,24.8,19.6,23.7,0.0,0.0,82,18.4,1016.6,87,12.0,113,5.0,1450.86
2007-12-19,18.1,19.4,17.2,18.1,0.0,0.0,72,12.9,1017.5,95,10.8,48,3.01,0.0
2007-12-20,20.5,24.4,16.9,21.5,0.0,0.0,77,16.3,1013.8,92,14.6,146,5.88,2059.44
2007-12-21,23.2,26.8,21.5,26.0,0.5,3.0,87,20.7,1011.8,82,12.5,157,6.47,9852.77
2007-12-22,21.0,24.6,16.5,23.1,6.3,16.0,91,19.5,1011.3,99,18.3,71,4.97,4004.59
2007-12-23,17.3,19.4,15.6,17.1,6.1,11.0,80,13.6,1014.4,100,12.0,14,3.17,2266.7
2007-12-24,16.6,17.7,15.3,16.4,2.6,9.0,71,11.3,1016.4,100,6.8,7,3.22,0.0
2007-12-25,16.5,17.5,15.6,16.9,2.1,9.0,83,13.5,1016.4,98,7.2,355,2.51,0.0
2007-12-26,16.7,18.5,15.1,17.2,2.4,5.0,83,13.7,1017.2,97,5.9,13,3.4,0.0
2007-12-27,18.1,20.5,16.2,19.1,0.1,1.0,80,14.5,1015.0,100,6.4,71,4.91,3851.52
2007-12-28,17.6,19.2,14.8,18.5,7.7,22.0,91,16.1,1014.0,100,12.5,25,2.04,0.0
2007-12-29,15.7,17.3,14.4,14.8,0.1,1.0,69,9.9,1017.2,96,9.6,357,3.53,48.28
2007-12-30,15.8,16.8,15.0,14.1,0.0,0.0,58,7.4,1019.4,99,10.9,16,3.75,448.15
2007-12-31,13.9,14.9,12.3,10.7,0.0,0.0,45,1.9,1023.1,91,13.1,12,4.47,4723.6
2008-01-01,13.3,17.0,10.4,9.8,0.0,0.0,41,0.2,1025.8,41,14.1,14,14.75,36000.0
2008-01-02,12.3,17.2,7.5,9.7,0.0,0.0,50,1.5,1025.4,15,10.8,5,17.42,36000.0
2008-01-03,12.6,18.5,5.7,11.0,0.0,0.0,62,4.8,1022.6,2,5.2,11,17.46,36119.3
2008-01-04,14.1,20.6,6.8,13.1,0.0,0.0,69,8.0,1020.2,1,8.7,100,17.13,36099.17
2008-01-05,15.2,20.2,10.4,14.7,0.0,0.0,75,10.4,1020.2,53,7.6,317,11.45,36000.0
2008-01-06,17.2,23.3,11.6,17.4,0.0,0.0,75,12.4,1017.9,44,9.9,134,15.74,36000.0
2008-01-07,18.1,22.0,13.8,19.1,0.0,0.0,82,14.8,1018.0,78,7.5,110,7.11,5515.08
2008-01-08,19.0,22.0,15.8,20.5,0.0,0.0,85,16.2,1015.7,86,6.7,96,7.2,12760.74
2008-01-09,19.3,23.6,15.0,20.5,0.1,1.0,83,16.1,1013.9,58,10.2,138,8.94,19715.18
2008-01-10,20.5,26.1,16.5,22.0,0.5,3.0,87,17.9,1010.2,55,11.6,150,8.39,17909.1
2008-01-11,21.6,28.0,18.2,24.3,0.0,0.0,86,18.8,1008.3,44,7.9,130,13.94,26382.86
2008-01-12,22.0,27.3,17.8,24.4,0.0,0.0,85,19.0,1009.6,51,13.0,80,14.21,36469.03
2008-01-13,18.5,21.7,14.4,18.1,0.7,5.0,74,13.7,1015.7,100,21.2,51,3.74,0.0
2008-01-14,13.9,17.4,12.6,11.8,0.2,2.0,64,7.2,1020.1,99,10.8,25,8.05,11977.64
2008-01-15,12.1,13.5,11.2,9.5,0.0,0.0,66,5.9,1023.6,100,12.7,16,3.82,0.0
2008-01-16,12.0,14.0,9.9,9.2,0.0,0.0,55,3.3,1026.7,97,13.7,359,5.29,500.82
2008-01-17,13.2,14.9,11.9,10.8,0.0,0.0,56,4.4,1025.3,80,11.1,16,8.75,15027.29
2008-01-18,13.8,16.1,10.8,12.8,0.0,0.0,68,8.1,1020.1,90,5.9,53,6.21,4890.65
2008-01-19,15.4,17.2,13.7,15.8,2.1,10.0,85,12.8,1016.6,99,5.2,20,3.83,100.78
2008-01-20,18.3,21.8,15.3,19.4,0.0,0.0,84,15.4,1014.4,95,8.8,94,7.15,9493.49
2008-01-21,15.4,18.1,13.5,15.0,3.0,8.0,85,12.7,1015.1,100,13.2,44,2.73,0.0
2008-01-22,12.3,14.0,11.1,10.8,1.5,9.0,80,9.0,1018.8,100,10.6,22,3.06,0.0
2008-01-23,12.7,16.1,10.3,11.1,0.1,1.0,72,7.8,1021.3,93,9.5,10,8.4,17193.52
2008-01-24,11.8,12.6,10.7,9.5,0.1,1.0,68,5.9,1023.3,99,10.5,15,3.01,0.0
2008-01-25,11.3,12.6,10.3,9.7,0.0,0.0,74,6.8,1021.4,99,7.2,17,2.56,0.0
2008-01-26,11.8,13.0,10.4,10.3,0.6,5.0,79,8.3,1020.4,99,9.2,19,2.49,0.0
2008-01-27,10.2,11.5,8.9,8.2,0.1,1.0,75,6.1,1020.3,99,9.0,36,3.79,0.0
2008-01-28,11.1,13.7,9.0,9.8,2.1,8.0,82,8.0,1016.2,99,9.7,34,4.32,0.0
2008-01-29,10.1,10.9,8.9,8.3,0.9,6.0,82,7.1,1016.7,99,11.6,22,2.18,0.0
2008-01-30,9.8,10.9,8.7,8.0,1.6,9.0,83,7.0,1018.7,100,11.7,15,2.39,0.0
2008-01-31,7.4,8.6,6.9,5.0,8.2,17.0,84,4.9,1022.1,100,10.5,12,1.47,0.0
2008-02-01,6.7,8.0,6.0,4.1,5.9,24.0,88,4.8,1020.9,100,13.3,3,2.72,0.0
2008-02-02,9.3,13.4,6.2,7.0,4.7,7.0,75,4.8,1020.8,80,10.9,352,11.03,30639.14
2008-02-03,10.6,12.9,8.2,8.2,0.0,0.0,61,3.2,1020.7,79,9.1,18,8.33,27098.83
2008-02-04,12.1,15.2,9.3,10.2,0.0,0.0,62,4.9,1019.0,81,6.7,43,10.95,28919.51
2008-02-05,12.4,13.9,11.4,10.6,0.1,1.0,71,7.2,1019.3,91,12.0,10,6.06,2776.69
2008-02-06,12.0,14.1,10.7,9.5,0.0,0.0,59,4.3,1020.5,83,11.1,21,10.05,30147.08
2008-02-07,11.3,12.8,10.0,9.1,0.0,0.0,62,4.2,1019.8,92,8.3,13,5.08,4226.53
2008-02-08,11.7,14.1,10.3,8.9,0.0,0.0,55,3.0,1022.1,92,11.4,15,6.27,13363.75
2008-02-09,11.8,14.8,9.5,9.2,0.0,0.0,49,1.2,1022.0,72,10.0,23,13.28,33723.03
2008-02-10,11.2,12.8,9.0,8.7,0.0,0.0,57,2.9,1021.1,80,9.1,33,6.48,8621.37
2008-02-11,10.8,11.8,10.1,8.0,0.0,0.0,56,2.5,1021.6,92,11.3,18,4.82,922.58
2008-02-12,10.8,12.8,9.4,7.4,0.0,0.0,46,-0.4,1024.4,86,13.3,12,9.83,33905.5
2008-02-13,11.3,13.2,9.7,8.3,0.0,0.0,46,0.1,1024.2,91,9.9,12,7.42,18494.16
2008-02-14,11.1,13.2,9.8,8.0,0.0,0.0,50,0.8,1026.2,90,13.8,353,7.04,12235.8
2008-02-15,12.2,14.9,9.7,10.0,0.0,0.0,56,3.7,1024.4,91,8.9,341,6.77,11047.95
2008-02-16,13.3,17.1,9.4,11.8,0.7,2.0,66,6.9,1021.9,72,7.9,37,10.57,22968.29
2008-02-17,11.9,13.6,11.1,10.9,5.4,19.0,88,10.0,1023.2,100,9.8,354,2.73,0.0
2008-02-18,11.9,13.2,10.9,10.6,6.9,14.0,87,9.8,1025.3,100,11.8,355,2.3,0.0
2008-02-19,12.4,13.9,11.2,11.0,1.4,8.0,82,9.2,1026.2,100,10.8,353,3.14,70.22
2008-02-20,13.9,17.1,12.0,12.8,0.0,0.0,72,9.0,1024.5,81,7.3,333,8.74,16311.21
2008-02-21,15.7,21.6,9.5,15.4,0.0,0.0,76,11.0,1020.6,46,9.3,301,15.61,26612.91
2008-02-22,17.1,23.7,10.0,17.3,0.0,0.0,76,12.3,1018.1,41,8.4,86,17.94,38376.3
2008-02-23,18.5,25.1,11.9,19.2,0.0,0.0,77,13.8,1016.5,33,11.3,133,18.31,36254.32
2008-02-24,18.8,23.5,14.8,19.7,0.2,2.0,87,16.4,1014.6,74,16.3,132,8.29,7991.81
2008-02-25,20.6,24.9,18.3,22.1,0.6,4.0,86,18.1,1013.3,96,14.2,131,8.42,9160.18
2008-02-26,15.8,19.2,12.8,14.8,6.1,11.0,76,11.4,1019.8,100,21.2,38,4.35,0.0
2008-02-27,13.8,15.9,12.3,10.8,0.0,0.0,50,3.5,1026.3,100,14.1,13,6.61,1937.0
2008-02-28,14.5,16.3,13.4,12.4,0.0,0.0,53,5.1,1023.2,98,8.3,356,5.7,0.0
2008-02-29,14.7,19.2,11.3,13.4,3.1,6.0,66,8.2,1020.2,64,10.4,321,16.16,31796.33
2008-03-01,15.0,22.0,8.9,14.6,0.0,0.0,73,9.5,1018.1,12,11.8,118,22.42,40497.6
2008-03-02,16.3,23.8,9.4,15.8,0.0,0.0,69,9.7,1019.7,0,8.3,328,23.16,41491.64
2008-03-03,17.7,25.1,10.1,17.4,0.0,0.0,66,10.4,1019.0,4,9.7,118,22.39,40491.76
2008-03-04,18.0,25.7,11.0,17.3,0.0,0.0,60,8.9,1018.2,1,14.8,138,23.44,41979.91
2008-03-05,18.1,23.5,12.1,18.1,0.1,1.0,74,13.2,1018.9,56,11.2,131,13.11,38639.25
2008-03-06,18.7,23.4,13.8,19.7,0.0,0.0,82,15.3,1018.4,60,8.9,129,11.21,23779.9
2008-03-07,19.7,24.1,14.9,21.1,0.0,0.0,80,15.8,1018.8,82,8.7,129,11.43,23586.55
2008-03-08,20.1,24.5,16.7,21.1,0.3,2.0,77,15.6,1019.1,63,10.2,100,12.52,29071.87
2008-03-09,19.0,23.3,15.3,20.1,0.1,1.0,81,15.4,1018.1,68,8.1,144,8.59,16063.38
2008-03-10,19.6,24.4,15.6,21.0,0.0,0.0,80,15.8,1016.2,85,7.8,124,12.01,16359.76
2008-03-11,20.7,25.5,16.6,22.1,0.0,0.0,78,16.4,1015.2,81,12.3,143,11.91,18516.01
2008-03-12,21.0,27.1,16.9,21.9,0.0,0.0,79,16.8,1013.2,81,15.8,143,15.48,29208.99
2008-03-13,20.4,22.8,17.8,22.5,0.1,1.0,86,18.0,1013.7,98,7.6,96,4.32,0.0
2008-03-14,21.5,24.5,19.5,23.7,0.2,2.0,82,18.2,1014.0,89,10.1,102,5.8,1762.3
2008-03-15,21.7,25.2,18.4,23.4,0.3,3.0,85,18.8,1012.7,89,14.5,145,7.32,699.24
2008-03-16,22.5,26.0,20.1,24.8,0.3,2.0,86,19.9,1010.6,83,13.7,146,5.76,0.0
2008-03-17,23.4,27.6,20.2,25.9,0.0,0.0,84,20.3,1008.0,67,14.8,150,9.1,9112.22
2008-03-18,23.5,26.4,21.6,26.5,0.4,2.0,87,21.0,1008.4,96,13.5,141,6.67,641.99
2008-03-19,22.7,26.1,20.6,25.2,1.8,6.0,84,19.8,1011.3,94,10.7,137,7.23,8656.87
2008-03-20,23.9,28.4,20.8,26.2,0.8,7.0,83,20.6,1009.5,89,19.0,151,11.68,22135.49
2008-03-21,24.6,28.0,22.8,27.5,0.5,5.0,85,21.9,1008.5,98,18.3,150,8.97,9579.38
2008-03-22,23.0,24.2,22.0,25.4,7.9,8.0,81,19.5,1010.3,96,23.5,37,9.1,9204.6
2008-03-23,21.8,26.2,17.6,22.5,0.0,0.0,62,13.6,1014.8,25,11.4,41,24.29,43114.91
2008-03-24,20.8,26.4,14.9,21.7,0.0,0.0,71,14.7,1014.7,36,11.7,131,21.64,39569.98
2008-03-25,20.3,23.6,16.9,21.9,0.4,2.0,81,16.9,1012.8,78,9.6,86,6.54,6649.74
2008-03-26,21.0,24.3,19.0,22.2,0.7,5.0,75,16.1,1012.8,64,10.6,54,11.43,21600.0
2008-03-27,21.7,25.5,18.3,23.3,0.0,0.0,81,18.2,1009.3,71,12.0,145,10.51,11932.99
2008-03-28,24.2,29.9,19.8,27.6,0.0,0.0,83,20.8,1006.5,69,10.5,138,14.39,28131.21
2008-03-29,26.2,32.1,21.5,30.9,0.0,0.0,82,22.7,1006.3,52,11.9,121,19.34,36991.33
2008-03-30,25.8,31.7,21.7,29.8,9.1,8.0,82,22.2,1006.6,91,16.8,60,16.42,31809.62
2008-03-31,21.4,24.1,18.0,23.5,17.4,12.0,84,18.5,1010.2,100,9.5,81,5.41,0.0
2008-04-01,19.9,20.9,18.8,21.4,1.4,8.0,84,17.1,1013.3,100,8.9,45,3.88,0.0
2008-04-02,18.4,19.6,17.3,19.3,1.9,12.0,84,15.7,1015.2,100,11.2,27,4.51,0.0
2008-04-03,20.2,24.0,17.1,21.8,0.9,4.0,83,17.1,1012.8,95,10.2,120,9.56,5905.25
2008-04-04,22.6,26.9,18.7,25.8,0.0,0.0,87,20.3,1010.6,96,9.7,136,10.21,6817.07
2008-04-05,24.3,27.7,22.0,28.1,0.2,2.0,89,22.3,1012.3,100,14.3,146,7.21,312.12
2008-04-06,25.6,30.4,22.5,29.0,0.0,0.0,83,22.2,1011.4,99,15.9,155,15.21,21646.22
2008-04-07,26.8,32.2,23.2,31.2,0.0,0.0,81,23.1,1006.7,72,14.5,153,17.96,32400.0
2008-04-08,28.9,35.3,22.8,34.3,0.0,0.0,76,23.9,1001.5,48,13.7,170,24.44,41972.94
2008-04-09,29.5,35.7,23.7,35.1,0.0,0.0,72,23.7,1001.3,48,12.8,129,25.42,43200.0
2008-04-10,27.9,33.3,23.5,32.8,0.0,0.0,79,23.7,1003.6,75,14.0,118,19.47,43200.0
2008-04-11,28.0,33.6,24.2,33.0,0.0,0.0,80,24.1,1003.4,97,14.1,132,16.41,32570.27
2008-04-12,27.6,32.5,24.7,32.3,20.1,4.0,82,24.2,1005.3,95,22.6,120,15.05,31161.0
2008-04-13,24.5,27.0,23.5,29.0,20.0,15.0,93,23.3,1008.9,96,16.5,107,5.47,2437.2
2008-04-14,25.4,29.9,22.8,28.7,2.1,4.0,85,22.4,1008.9,80,17.8,155,12.84,21948.66
2008-04-15,25.7,29.4,22.9,29.0,0.2,2.0,84,22.6,1008.3,62,18.7,154,15.29,34343.85
2008-04-16,25.4,29.5,22.5,29.0,1.4,4.0,83,22.2,1008.8,61,13.3,143,14.36,27677.69
2008-04-17,25.1,29.4,21.7,29.0,0.2,2.0,82,21.6,1008.9,50,12.5,117,17.77,42430.19
2008-04-18,25.8,30.5,21.0,29.5,0.0,0.0,77,21.2,1007.5,21,14.0,145,22.4,43200.0
2008-04-19,26.4,31.8,22.1,29.8,0.0,0.0,77,21.8,1004.6,26,17.3,152,22.24,43200.0
2008-04-20,28.3,33.5,23.6,33.6,0.0,0.0,78,23.8,1002.7,37,13.0,132,20.71,43200.0
2008-04-21,27.9,32.4,24.7,32.8,0.1,1.0,82,24.5,1004.4,57,14.3,126,14.35,33298.35
2008-04-22,24.3,27.0,21.8,27.8,17.5,14.0,87,21.9,1010.2,98,21.7,75,5.13,1236.93
2008-04-23,21.4,22.9,19.7,21.9,0.2,2.0,71,16.0,1016.8,100,15.9,6,5.53,242.43
2008-04-24,21.7,25.2,19.3,22.5,0.0,0.0,64,14.4,1017.2,82,8.9,21,17.56,34014.78
2008-04-25,21.4,24.2,19.4,22.9,0.0,0.0,74,16.5,1016.7,83,10.2,357,8.85,15729.78
2008-04-26,22.5,26.1,18.1,24.4,0.0,0.0,77,18.0,1012.9,51,11.3,139,13.92,19587.08
2008-04-27,24.2,27.9,20.4,27.5,6.2,4.0,82,20.8,1009.6,75,9.5,120,11.19,17370.42
2008-04-28,24.4,28.7,21.4,26.8,7.5,5.0,71,18.4,1011.0,62,10.8,359,20.51,31986.05
2008-04-29,24.5,29.0,20.3,27.4,0.0,0.0,76,19.8,1009.7,93,11.2,138,19.4,32137.33
2008-04-30,25.0,28.1,22.2,28.1,0.0,0.0,80,21.2,1008.1,95,14.4,157,16.41,24315.02
2008-05-01,25.9,29.8,23.2,30.6,2.1,7.0,88,23.7,1004.8,75,14.1,141,14.66,31191.22
2008-05-02,27.2,31.0,24.4,32.1,0.4,4.0,84,24.1,1002.3,87,13.2,134,16.68,33166.53
2008-05-03,27.7,32.0,24.5,32.4,0.3,2.0,81,24.0,1003.3,88,14.2,137,18.29,40499.84
2008-05-04,26.9,31.4,24.6,32.6,23.1,16.0,88,24.6,1005.2,98,8.5,106,13.29,17756.82
2008-05-05,23.5,24.5,22.3,26.1,15.0,9.0,83,20.3,1007.1,100,14.0,355,6.54,336.65
2008-05-06,24.4,28.1,21.2,28.3,0.8,4.0,83,21.3,1006.5,80,8.4,80,13.97,22111.19
2008-05-07,27.4,31.9,23.9,32.5,0.1,1.0,84,24.3,1004.5,36,12.3,151,19.98,43200.0
2008-05-08,27.9,31.6,25.1,33.7,6.7,8.0,86,25.3,1003.1,61,12.0,150,18.86,42103.14
2008-05-09,26.5,30.8,23.6,31.8,16.9,16.0,87,24.1,1003.7,77,18.2,31,14.48,25200.0
2008-05-10,22.3,24.2,20.5,24.4,12.8,15.0,82,18.9,1009.5,98,13.2,333,6.29,1544.55
2008-05-11,22.8,25.5,20.0,24.6,1.4,2.0,72,17.4,1009.8,82,8.0,347,15.81,35439.57
2008-05-12,24.3,29.1,19.4,27.1,0.0,0.0,74,19.0,1009.8,50,10.2,59,23.05,43408.87
2008-05-13,25.0,29.1,20.5,28.4,0.1,1.0,76,20.2,1011.1,51,8.3,102,20.21,41260.33
2008-05-14,24.8,29.7,19.6,28.0,0.0,0.0,75,19.5,1011.0,23,13.0,146,26.36,43386.72
2008-05-15,24.9,29.4,19.3,28.5,0.0,0.0,77,20.3,1010.0,27,10.0,128,23.7,44418.7
2008-05-16,26.1,30.7,21.6,29.8,0.0,0.0,76,21.2,1008.2,62,12.4,149,23.58,43627.76
2008-05-17,26.5,30.3,23.6,30.4,1.2,3.0,78,22.3,1004.8,93,12.5,147,18.19,35220.49
2008-05-18,26.6,31.5,24.2,32.2,55.7,15.0,89,24.6,1002.5,94,9.9,116,15.94,23126.82
2008-05-19,23.5,24.9,21.9,26.0,13.4,14.0,85,20.8,1008.2,99,16.8,325,6.61,5983.15
2008-05-20,24.8,28.3,21.7,27.8,0.2,1.0,75,19.9,1007.8,70,11.6,3,18.76,41326.38
2008-05-21,25.6,29.8,21.1,29.4,0.0,0.0,78,21.3,1006.0,66,12.4,142,22.09,42512.81
2008-05-22,26.5,30.6,22.5,31.2,1.9,5.0,84,23.5,1005.3,65,10.5,141,17.97,40459.76
2008-05-23,27.4,31.3,24.6,33.1,4.7,7.0,87,24.9,1004.6,87,12.7,140,18.4,36712.84
2008-05-24,27.8,31.8,25.0,34.1,8.5,6.0,87,25.2,1002.5,93,7.9,135,18.36,37636.91
2008-05-25,28.2,32.3,25.4,34.3,10.3,10.0,85,25.4,1002.4,95,11.6,127,17.49,37683.56
2008-05-26,29.0,32.8,25.8,35.1,0.0,0.0,81,25.3,1002.8,87,13.3,155,16.88,29521.22
2008-05-27,30.6,35.3,26.3,35.9,0.0,0.0,71,24.4,1000.1,62,13.0,186,25.93,44885.35
2008-05-28,30.9,35.4,26.8,36.5,0.0,0.0,69,24.3,998.2,95,11.6,208,25.58,44353.23
2008-05-29,29.8,33.9,26.7,36.3,0.5,2.0,80,25.6,999.5,97,8.7,59,18.64,36946.02
2008-05-30,27.7,31.6,26.0,32.6,12.2,5.0,82,24.2,1003.3,100,14.8,348,14.05,23567.74
2008-05-31,25.2,28.0,23.6,28.1,2.6,7.0,72,19.8,1006.6,81,11.2,37,13.24,23874.18
2008-06-01,25.9,29.3,22.9,30.6,3.7,2.0,83,22.7,1004.7,91,6.8,129,13.59,27938.18
2008-06-02,25.6,29.7,24.0,30.6,34.7,22.0,90,23.7,1005.5,100,9.7,6,9.63,11009.82
2008-06-03,27.0,31.1,23.4,31.5,1.4,2.0,78,22.6,1006.5,90,9.0,271,19.4,43200.0
2008-06-04,26.2,28.4,24.0,31.9,21.2,16.0,91,24.5,1006.7,98,9.2,110,11.02,16489.3
2008-06-05,25.8,29.6,23.5,31.3,6.2,17.0,90,23.9,1004.2,100,6.6,67,12.87,17217.86
2008-06-06,26.3,30.7,23.5,31.6,5.3,11.0,88,24.0,1003.5,86,11.9,103,16.93,31430.04
2008-06-07,27.6,32.5,25.0,33.6,14.9,11.0,85,24.8,1004.1,98,9.8,169,18.09,27580.29
2008-06-08,27.9,31.8,25.3,33.0,10.9,9.0,82,24.5,1004.3,97,15.4,167,12.74,16465.14
2008-06-09,28.3,31.7,26.5,32.7,0.0,0.0,78,23.9,1004.2,100,15.5,164,15.2,16953.61
2008-06-10,26.9,29.2,25.4,32.4,1.1,3.0,88,24.7,1004.8,99,9.0,101,9.23,1771.45
2008-06-11,28.1,32.2,25.2,34.3,4.0,6.0,86,25.4,1004.4,69,15.7,143,18.8,36181.92
2008-06-12,28.1,30.7,26.5,34.2,7.0,14.0,86,25.6,1001.4,99,12.6,160,9.38,8329.46
2008-06-13,26.6,29.2,24.2,32.6,13.6,21.0,91,25.0,1000.4,94,11.9,345,11.11,17992.44
2008-06-14,27.1,30.4,24.7,33.1,16.3,15.0,88,24.8,1001.4,84,8.2,109,16.99,35237.29
2008-06-15,27.7,31.0,25.6,34.2,7.6,18.0,89,25.6,1000.8,100,6.6,140,9.29,1505.67
2008-06-16,27.5,30.2,25.5,33.8,2.9,8.0,89,25.3,1001.1,96,6.5,49,10.65,4668.2
2008-06-17,26.2,28.9,24.8,32.2,15.8,22.0,92,24.8,1001.9,99,7.9,6,7.43,935.97
2008-06-18,26.4,30.0,24.2,32.2,25.2,20.0,91,24.8,1002.6,99,9.7,107,10.95,13213.66
2008-06-19,27.7,32.3,25.2,32.6,6.0,15.0,83,24.5,1002.8,91,17.4,154,18.66,35587.57
2008-06-20,28.6,32.5,25.8,34.1,9.9,10.0,82,25.1,1003.0,76,14.3,155,20.8,39996.94
2008-06-21,29.5,33.7,25.8,35.5,0.1,1.0,78,25.1,1001.7,15,11.2,154,24.79,45473.37
2008-06-22,30.5,34.9,26.7,37.2,0.0,0.0,77,25.8,1000.1,50,11.6,154,24.03,45743.36
2008-06-23,31.0,35.0,27.2,38.1,1.0,2.0,77,26.3,998.5,89,10.3,172,24.28,45205.11
2008-06-24,28.8,33.4,25.4,34.9,20.7,9.0,83,25.4,999.8,94,10.9,327,17.19,28973.6
2008-06-25,28.6,31.5,25.7,34.8,6.1,8.0,84,25.5,1001.7,99,11.3,327,16.59,36125.95
2008-06-26,30.1,34.6,26.9,37.2,7.6,5.0,82,26.4,1001.4,97,10.8,184,18.95,40807.53
2008-06-27,28.3,31.2,25.8,34.9,19.6,10.0,87,25.8,1002.0,100,9.2,349,13.09,11331.11
2008-06-28,25.4,26.7,23.7,30.8,25.5,16.0,93,24.0,1003.2,92,8.2,345,5.38,10468.22
2008-06-29,27.5,31.9,23.3,33.1,0.6,4.0,84,24.4,1002.6,61,11.9,145,20.3,44145.42
2008-06-30,28.9,33.2,25.7,35.5,0.9,3.0,83,25.5,1002.7,44,11.0,133,21.58,44688.16
2008-07-01,28.8,32.2,26.3,34.9,7.6,13.0,82,25.4,1004.3,87,13.4,143,19.44,40226.45
2008-07-02,28.7,32.7,26.3,34.7,10.6,12.0,82,25.3,1004.9,81,10.9,145,19.99,35613.03
2008-07-03,28.8,32.5,26.5,34.6,2.7,4.0,81,25.0,1005.5,81,12.5,148,21.56,42343.64
2008-07-04,29.0,32.5,26.5,34.6,1.0,2.0,81,25.2,1004.8,100,12.6,146,18.87,37602.33
2008-07-05,29.0,32.8,26.9,35.2,5.4,9.0,82,25.5,1003.2,99,11.9,153,18.0,28254.46
2008-07-06,26.4,28.7,25.0,32.1,35.8,21.0,91,24.7,1002.4,99,8.6,352,7.12,2631.3
2008-07-07,26.6,29.9,24.7,32.5,16.0,11.0,89,24.6,1000.3,97,8.7,114,13.23,23855.64
2008-07-08,27.5,31.1,24.6,33.5,2.9,4.0,85,24.6,1001.6,98,9.2,53,21.49,42979.21
2008-07-09,27.6,31.5,25.2,33.9,1.7,3.0,87,25.2,1004.0,99,10.0,136,17.92,26507.41
2008-07-10,28.3,31.9,25.8,35.0,3.2,11.0,87,25.9,1003.3,97,10.9,146,16.66,34875.01
2008-07-11,29.3,34.1,25.7,35.9,1.6,3.0,80,25.2,999.8,85,9.9,179,23.98,43040.61
2008-07-12,26.8,29.4,24.8,32.7,10.7,15.0,90,25.0,1000.1,99,10.0,38,9.46,7680.91
2008-07-13,27.9,31.5,25.4,34.3,4.0,9.0,88,25.6,1001.5,98,10.1,154,15.6,25406.58
2008-07-14,29.3,33.5,25.7,35.8,0.4,2.0,80,25.4,1001.8,97,8.2,193,21.34,41218.63
2008-07-15,29.2,32.4,26.7,35.9,1.1,4.0,83,25.9,999.8,95,14.1,144,18.76,34475.2
2008-07-16,26.5,29.0,24.8,32.6,43.0,23.0,93,25.2,999.3,100,7.4,91,9.72,10315.51
2008-07-17,26.4,29.7,24.3,32.4,38.1,18.0,92,24.9,1000.2,99,8.2,89,9.63,5702.82
2008-07-18,27.3,31.8,24.6,33.7,17.1,16.0,89,25.2,1002.3,90,8.9,71,18.42,27638.09
2008-07-19,27.9,30.5,25.5,33.8,1.2,4.0,85,25.1,1003.4,95,11.7,182,10.15,20096.17
2008-07-20,29.2,33.2,26.0,35.5,0.0,0.0,80,25.2,1003.8,80,11.6,168,20.64,35792.5
2008-07-21,30.2,34.0,26.7,35.4,0.1,1.0,72,24.4,1001.8,94,14.4,181,24.24,43974.03
2008-07-22,30.7,34.7,27.3,36.0,0.0,0.0,70,24.4,999.7,97,13.2,193,23.34,38302.44
2008-07-23,29.5,32.0,27.5,35.0,0.0,0.0,75,24.5,1000.5,100,10.0,182,10.5,1479.45
2008-07-24,28.4,31.2,26.0,34.3,4.2,5.0,82,24.9,1002.8,100,10.0,153,12.1,9581.09
2008-07-25,26.7,30.5,24.2,32.3,30.3,18.0,89,24.7,1004.4,99,9.8,130,12.2,15234.4
2008-07-26,27.7,31.4,24.7,33.7,2.3,12.0,83,24.4,1004.7,80,7.4,127,20.43,40600.35
2008-07-27,28.2,32.2,25.6,34.8,4.2,3.0,84,25.1,1003.7,49,8.8,164,21.96,43240.66
2008-07-28,28.7,32.9,25.4,35.8,1.0,4.0,84,25.6,1001.7,75,8.3,250,22.42,42017.04
2008-07-29,28.8,33.1,25.7,35.8,1.5,5.0,85,25.8,1000.4,54,7.9,235,21.79,43200.0
2008-07-30,29.0,33.4,25.8,36.4,1.1,4.0,85,26.1,1000.0,61,9.1,156,23.58,41616.51
2008-07-31,28.3,31.4,26.4,35.2,18.3,19.0,89,26.1,1002.8,89,10.1,89,14.72,29178.77
2008-08-01,26.9,30.2,24.9,33.1,12.6,16.0,90,25.0,1006.1,99,7.3,34,11.22,10073.15
2008-08-02,27.0,31.0,25.0,32.8,5.8,9.0,87,24.6,1006.0,98,11.2,112,15.32,28067.43
2008-08-03,28.1,32.3,25.0,34.5,0.1,1.0,85,25.1,1004.3,97,10.4,103,19.14,36041.88
2008-08-04,28.0,32.4,24.9,34.5,6.3,7.0,85,25.1,1004.0,91,9.7,159,20.93,40855.39
2008-08-05,28.3,32.6,25.2,35.1,1.0,4.0,85,25.4,1001.7,90,7.2,273,22.13,41670.95
2008-08-06,29.1,33.5,25.6,35.5,0.0,0.0,82,25.6,997.4,98,11.5,317,24.18,42075.55
2008-08-07,26.5,27.6,25.1,31.0,58.3,22.0,88,24.4,993.1,100,20.3,286,4.18,0.0
2008-08-08,26.3,28.6,25.1,31.3,46.3,24.0,91,24.7,996.6,100,14.3,131,5.22,0.0
2008-08-09,27.0,30.6,24.8,32.9,19.7,18.0,90,25.1,1000.9,99,10.0,88,12.2,13172.63
2008-08-10,25.2,27.0,24.2,30.5,16.2,20.0,94,24.1,1001.5,100,10.7,339,4.6,1979.8
2008-08-11,27.3,31.6,24.4,32.2,0.8,4.0,83,23.9,1001.7,98,12.6,339,19.11,42646.01
2008-08-12,26.2,27.5,25.3,31.3,11.1,9.0,89,24.2,1003.6,100,12.2,329,8.09,12249.05
2008-08-13,27.9,31.8,24.9,33.5,1.3,3.0,83,24.7,1006.2,87,11.5,139,21.39,41622.41
2008-08-14,28.7,32.4,25.6,34.7,0.2,1.0,82,25.1,1004.2,83,12.6,147,22.2,42240.61
2008-08-15,30.0,34.0,26.5,36.2,0.0,0.0,78,25.6,1000.7,67,12.4,176,23.85,43200.0
2008-08-16,30.7,34.9,26.7,37.1,0.0,0.0,75,25.4,999.5,84,11.0,195,24.48,43200.0
2008-08-17,30.0,33.8,26.7,37.0,0.2,1.0,79,25.8,1001.6,100,5.4,192,19.66,34427.93
2008-08-18,27.8,31.1,25.8,34.4,17.2,18.0,89,25.8,1005.5,83,10.5,93,12.81,23493.6
2008-08-19,26.6,30.8,24.5,32.6,14.2,20.0,90,24.7,1007.4,85,5.5,79,15.6,30596.86
2008-08-20,26.9,31.0,24.2,32.6,8.1,13.0,88,24.6,1005.9,61,8.9,84,15.52,28800.0
2008-08-21,28.6,32.7,24.6,35.0,0.0,0.0,82,25.0,1003.8,30,9.9,152,22.52,43200.0
2008-08-22,30.0,34.3,26.1,37.0,0.0,0.0,80,26.1,1001.4,79,10.5,194,22.86,43200.0
2008-08-23,30.2,33.5,26.7,37.3,0.0,0.0,82,26.7,1001.5,100,11.8,107,14.84,19071.75
2008-08-24,27.5,29.0,26.1,33.8,7.6,12.0,91,25.8,1004.8,99,9.8,120,8.1,1011.56
2008-08-25,27.8,31.4,25.8,34.4,7.6,13.0,89,25.8,1006.1,98,9.5,82,16.04,25353.48
2008-08-26,26.4,29.8,24.6,32.3,23.8,21.0,92,24.9,1006.5,99,8.6,89,9.35,11206.09
2008-08-27,26.8,31.0,24.5,32.4,10.1,16.0,90,24.9,1006.7,96,12.8,132,14.2,23930.86
2008-08-28,28.1,32.2,25.2,34.1,1.0,5.0,86,25.5,1006.4,43,12.8,150,20.52,43200.0
2008-08-29,29.1,33.1,25.8,35.6,0.3,1.0,83,25.7,1004.8,85,11.2,152,21.72,42318.24
2008-08-30,29.4,33.3,26.4,36.5,8.8,5.0,83,26.0,1004.8,89,8.9,106,21.73,43149.63
2008-08-31,26.6,29.8,24.7,31.9,31.1,16.0,89,24.5,1008.4,100,11.5,349,9.53,8486.64
2008-09-01,26.4,29.8,24.5,31.8,27.8,14.0,87,23.9,1009.0,78,7.5,342,14.38,37127.9
2008-09-02,27.1,31.3,24.3,32.9,10.9,10.0,88,24.8,1007.8,91,11.8,135,16.92,30079.34
2008-09-03,27.7,31.5,25.5,34.1,13.8,12.0,89,25.7,1006.5,96,10.0,146,15.06,23171.88
2008-09-04,25.1,26.5,24.3,30.3,7.7,19.0,94,24.1,1007.8,99,9.5,35,4.73,0.0
2008-09-05,25.8,29.2,24.1,31.3,6.8,17.0,90,24.0,1007.9,99,8.0,65,13.59,29855.69
2008-09-06,24.5,26.5,23.7,29.6,31.8,23.0,95,23.7,1009.0,100,7.6,98,3.48,5291.22
2008-09-07,25.0,28.0,23.4,30.2,22.7,16.0,93,23.7,1010.5,97,5.9,116,8.43,14733.24
2008-09-08,26.4,30.9,23.2,32.2,1.5,6.0,87,23.9,1009.9,95,9.1,85,18.84,39301.39
2008-09-09,26.9,31.5,23.9,32.7,1.0,4.0,86,24.1,1008.6,61,10.2,125,20.36,43200.0
2008-09-10,27.0,31.4,24.0,33.3,3.0,3.0,87,24.6,1007.9,79,8.4,61,20.08,39085.5
2008-09-11,27.5,31.5,24.6,33.0,0.1,1.0,85,24.5,1007.5,87,12.0,310,18.03,42788.61
2008-09-12,27.8,31.2,24.8,34.0,0.9,4.0,85,24.9,1006.5,42,7.9,313,19.34,42652.75
2008-09-13,27.6,32.4,24.1,33.9,1.5,3.0,86,24.8,1006.8,46,7.6,285,21.01,38714.28
2008-09-14,27.6,32.2,24.5,33.5,0.6,2.0,85,24.6,1007.4,45,9.2,299,19.18,42379.34
2008-09-15,28.3,32.5,24.6,33.7,0.1,1.0,79,23.8,1006.4,12,10.1,326,22.49,42949.14
2008-09-16,28.1,31.8,24.3,33.7,0.1,1.0,79,23.8,1005.7,18,6.9,62,20.95,42892.45
2008-09-17,28.3,32.3,24.0,34.1,0.0,0.0,80,24.2,1006.2,15,9.4,123,20.93,42835.33
2008-09-18,28.0,32.3,24.1,34.1,0.5,3.0,83,24.8,1006.9,25,9.6,121,20.21,42777.86
2008-09-19,27.6,32.0,24.6,34.1,5.7,4.0,87,25.2,1007.7,67,9.5,118,19.49,39600.0
2008-09-20,28.0,32.0,24.7,34.2,0.3,3.0,84,24.9,1007.7,56,8.8,117,19.77,40282.17
2008-09-21,28.2,31.7,25.0,34.1,0.1,1.0,83,24.9,1006.0,46,9.6,139,19.76,42535.07
2008-09-22,28.7,32.5,24.6,34.9,0.0,0.0,80,24.5,1004.3,10,9.4,144,22.38,42546.2
2008-09-23,29.5,34.4,24.5,36.0,0.0,0.0,79,25.2,1001.6,68,8.4,286,23.27,42488.25
2008-09-24,28.9,33.3,26.2,34.4,9.2,10.0,80,25.0,997.4,100,12.8,297,9.66,16172.55
2008-09-25,26.0,27.0,25.4,30.8,69.4,24.0,91,24.5,998.9,100,15.5,195,3.39,0.0
2008-09-26,27.0,28.9,25.3,31.6,13.0,13.0,88,24.9,1003.8,100,21.4,126,9.56,6379.35
2008-09-27,25.4,28.1,24.0,30.8,16.9,22.0,91,23.8,1008.7,92,7.2,46,5.99,11100.26
2008-09-28,26.3,30.0,23.8,31.4,2.1,7.0,84,23.2,1008.5,46,7.2,343,18.34,40847.99
2008-09-29,26.7,30.4,24.0,29.8,0.0,0.0,72,21.0,1008.0,44,16.1,13,21.34,42146.6
2008-09-30,23.9,25.0,21.8,25.5,22.4,16.0,77,19.4,1010.0,99,17.8,1,3.72,625.81
2008-10-01,24.8,27.7,23.1,27.8,2.6,6.0,78,20.7,1012.4,96,11.2,320,7.23,8963.49
2008-10-02,26.4,30.3,23.3,30.9,0.2,1.0,79,22.5,1011.2,46,9.5,157,17.16,35752.96
2008-10-03,27.2,31.4,23.4,32.4,0.0,0.0,82,23.6,1009.1,62,10.8,146,20.01,40660.65
2008-10-04,27.1,30.9,24.0,33.0,2.2,6.0,86,24.4,1006.9,97,8.9,40,16.19,31535.69
2008-10-05,24.9,26.6,23.7,28.7,12.8,16.0,88,22.7,1009.9,100,14.0,305,6.54,3821.94
2008-10-06,25.7,30.4,22.2,28.7,0.0,0.0,72,20.0,1011.0,62,8.4,355,16.82,39522.66
2008-10-07,25.0,29.7,20.5,28.5,0.0,0.0,76,20.1,1012.1,32,9.2,84,20.87,40772.2
2008-10-08,25.3,28.8,22.3,29.4,0.4,3.0,83,22.1,1011.8,42,11.4,120,14.87,39600.0
2008-10-09,25.6,29.0,22.6,30.2,3.3,6.0,84,22.6,1013.8,38,10.1,108,14.59,39834.79
2008-10-10,26.2,29.9,22.8,30.8,0.4,3.0,81,22.4,1015.1,37,6.3,70,16.8,40110.5
2008-10-11,26.6,30.3,23.8,31.1,0.0,0.0,80,22.6,1015.0,44,9.8,336,17.35,39272.1
2008-10-12,25.8,29.5,22.8,29.1,0.2,1.0,76,20.9,1013.1,86,13.0,10,16.36,39637.63
2008-10-13,24.9,29.0,22.1,26.3,0.8,2.0,67,18.1,1012.9,90,19.7,7,13.96,34547.01
2008-10-14,22.7,23.9,21.4,24.4,23.4,18.0,79,18.8,1014.9,99,15.3,343,4.94,1530.1
2008-10-15,22.6,24.1,21.1,25.3,15.7,19.0,88,20.5,1015.0,95,11.1,321,3.34,0.0
2008-10-16,25.4,30.4,21.2,29.0,0.0,0.0,79,21.2,1013.4,30,10.2,316,18.48,39600.0
2008-10-17,26.1,31.3,21.1,29.9,0.0,0.0,77,21.2,1011.9,52,9.5,349,19.15,39600.0
2008-10-18,26.3,31.0,21.7,29.7,0.0,0.0,73,20.7,1013.3,31,11.2,20,18.11,37289.01
2008-10-19,25.9,29.0,23.8,30.1,0.3,1.0,77,21.6,1013.4,74,5.8,322,9.34,19385.75
2008-10-20,25.4,29.1,23.0,30.1,1.1,7.0,85,22.5,1012.4,69,5.9,132,10.97,25845.29
2008-10-21,25.8,29.8,22.1,30.7,0.2,1.0,86,23.0,1011.5,39,7.0,125,14.94,36208.13
2008-10-22,26.7,30.8,23.9,31.7,1.1,3.0,84,23.5,1010.5,55,11.2,147,16.5,37986.8
2008-10-23,25.5,29.7,23.0,29.9,17.8,15.0,87,23.0,1012.7,70,16.3,69,10.19,31278.52
2008-10-24,24.6,28.0,21.6,27.9,0.6,4.0,80,20.8,1016.1,86,9.7,359,11.11,35552.78
2008-10-25,24.6,27.5,21.9,28.1,0.1,1.0,78,20.5,1016.0,81,8.1,36,10.59,27484.51
2008-10-26,24.6,26.8,23.5,29.2,7.9,18.0,89,22.7,1015.5,90,6.9,22,5.93,8533.91
2008-10-27,24.8,28.5,22.3,28.4,2.2,10.0,82,21.4,1016.5,43,9.5,39,14.82,37543.04
2008-10-28,24.5,28.3,21.8,27.8,0.0,0.0,77,20.2,1014.8,36,7.7,81,14.73,37819.16
2008-10-29,24.9,27.8,22.1,29.4,0.3,2.0,85,22.1,1012.4,83,6.2,45,8.5,25790.03
2008-10-30,24.5,26.8,23.5,29.3,8.4,21.0,92,23.1,1012.3,100,8.5,356,4.55,7715.2
2008-10-31,24.1,25.9,23.1,28.9,27.5,24.0,96,23.5,1011.4,100,14.9,86,3.14,0.0
2008-11-01,24.0,25.6,23.3,29.0,20.1,21.0,97,23.5,1011.6,100,10.0,109,3.46,0.0
2008-11-02,21.9,23.4,20.1,24.7,48.5,23.0,94,20.8,1012.6,100,19.5,16,2.3,0.0
2008-11-03,20.3,21.3,19.6,21.9,8.0,17.0,87,18.1,1016.5,100,11.3,336,3.16,231.6
2008-11-04,21.0,22.0,20.1,23.2,4.2,12.0,87,18.7,1014.9,100,9.3,327,3.72,0.0
2008-11-05,22.6,24.5,21.0,26.2,3.8,6.0,90,20.8,1013.0,93,6.0,355,4.58,3914.58
2008-11-06,25.0,29.5,21.7,29.5,2.0,5.0,88,22.7,1010.9,74,11.4,141,13.2,30654.67
2008-11-07,22.5,24.5,20.5,25.0,15.0,12.0,86,19.9,1013.3,96,22.1,2,5.14,2800.7
2008-11-08,21.2,25.7,17.6,21.5,1.7,4.0,67,14.4,1016.0,41,17.3,7,18.33,34102.92
2008-11-09,19.4,24.6,15.5,18.9,0.0,0.0,63,12.0,1018.0,25,15.2,17,19.5,39173.49
2008-11-10,17.9,22.8,14.0,17.5,0.0,0.0,68,11.7,1020.2,2,11.8,8,19.38,39139.72
2008-11-11,17.0,22.9,12.3,17.0,0.0,0.0,73,11.6,1019.6,0,7.6,335,19.23,39105.63
2008-11-12,17.2,23.3,11.5,17.3,0.0,0.0,76,12.4,1017.2,2,9.2,138,19.06,39071.23
2008-11-13,17.4,23.7,11.7,17.7,0.0,0.0,74,12.1,1017.6,2,8.4,2,18.84,39036.29
2008-11-14,18.2,24.4,12.0,18.8,0.0,0.0,77,13.7,1016.1,33,7.9,306,18.52,39000.61
2008-11-15,20.5,25.3,16.2,22.2,0.0,0.0,81,16.8,1013.7,37,6.9,42,11.37,25087.73
2008-11-16,22.3,25.9,18.8,25.4,1.1,5.0,88,20.1,1012.1,69,9.5,133,8.75,23949.36
2008-11-17,23.1,26.9,20.4,26.4,1.6,8.0,88,20.8,1012.3,56,11.9,112,10.35,35452.48
2008-11-18,20.7,23.8,17.3,20.9,0.0,0.0,73,15.5,1017.6,88,16.2,31,13.71,33414.05
2008-11-19,17.4,18.9,16.4,15.4,0.0,0.0,58,9.0,1024.0,93,15.0,14,3.41,0.0
2008-11-20,17.1,20.4,14.4,15.8,0.0,0.0,55,7.9,1022.6,34,10.1,25,15.74,37280.4
2008-11-21,17.9,22.2,12.8,17.9,0.0,0.0,72,12.6,1019.5,45,9.3,69,13.55,32957.29
2008-11-22,20.5,23.4,17.7,22.3,0.0,0.0,79,16.8,1017.6,81,7.3,90,7.98,15004.73
2008-11-23,20.6,23.8,18.2,21.7,0.0,0.0,78,16.5,1018.3,90,15.5,18,6.18,8658.86
2008-11-24,19.2,23.2,16.9,18.6,0.0,0.0,63,11.9,1020.2,33,13.8,2,15.76,36838.14
2008-11-25,18.8,23.5,15.1,18.3,0.0,0.0,66,12.1,1021.2,35,12.6,349,15.19,37398.4
2008-11-26,19.3,24.1,16.3,19.0,0.0,0.0,65,12.3,1020.9,33,10.5,347,14.99,36883.49
2008-11-27,19.0,23.1,14.7,17.2,0.0,0.0,55,9.5,1024.1,9,20.6,9,16.92,36905.94
2008-11-28,15.8,21.3,11.2,14.5,0.0,0.0,62,7.9,1023.2,0,9.2,45,18.0,38007.59
2008-11-29,15.0,21.9,9.2,13.4,0.0,0.0,65,7.5,1024.8,34,11.5,341,18.0,38030.92
2008-11-30,15.5,22.2,9.7,14.0,0.0,0.0,62,7.5,1024.0,0,8.8,324,17.9,38053.89
2008-12-01,16.0,22.4,8.4,15.1,0.0,0.0,65,8.5,1021.6,0,7.3,330,17.78,37805.65
2008-12-02,16.2,22.7,9.9,15.7,0.0,0.0,70,10.0,1017.8,0,8.9,174,17.58,37556.41
2008-12-03,18.0,24.3,11.7,18.4,0.0,0.0,79,14.0,1012.4,14,11.1,146,15.28,37035.08
2008-12-04,19.9,24.7,15.3,20.5,0.3,2.0,77,15.4,1017.3,48,11.2,332,11.01,32019.55
2008-12-05,17.7,20.1,15.0,15.0,0.0,0.0,48,6.4,1024.5,53,16.6,24,10.79,26460.06
2008-12-06,15.9,19.9,13.1,13.8,0.0,0.0,49,5.0,1024.1,40,12.0,2,15.28,36281.69
2008-12-07,16.1,18.5,13.5,14.7,0.0,0.0,55,6.9,1021.8,81,5.9,8,6.72,7008.24
2008-12-08,16.4,20.1,12.3,14.4,0.0,0.0,56,7.3,1023.0,61,16.6,342,12.36,29523.21
2008-12-09,15.4,21.4,9.3,14.6,0.0,0.0,71,9.6,1018.3,1,10.2,11,17.06,36614.93
2008-12-10,16.5,22.1,10.5,16.4,0.0,0.0,78,12.3,1016.9,44,9.1,122,13.93,27743.22
2008-12-11,17.8,23.3,13.2,17.8,0.0,0.0,75,12.7,1018.1,24,9.3,313,14.32,36381.82
2008-12-12,18.2,25.0,12.1,18.4,0.0,0.0,75,13.2,1013.2,9,10.0,148,16.27,36401.2
2008-12-13,18.7,24.1,13.6,19.1,0.0,0.0,76,14.0,1017.2,31,8.3,320,12.52,36146.97
2008-12-14,18.5,22.7,15.8,17.6,0.0,0.0,62,10.8,1020.5,18,11.9,7,13.64,36165.52
2008-12-15,16.9,20.7,13.2,15.9,0.0,0.0,60,9.0,1020.0,42,7.9,34,10.52,23888.44
2008-12-16,16.7,22.0,10.8,16.5,0.0,0.0,73,11.2,1019.2,31,8.0,10,14.75,34223.18
2008-12-17,17.4,22.8,11.7,17.5,0.0,0.0,74,12.2,1020.4,22,8.0,318,13.78,34269.41
2008-12-18,17.2,23.6,11.1,17.3,0.0,0.0,74,11.8,1019.8,13,8.2,318,16.57,36000.0
2008-12-19,17.5,23.9,10.1,17.1,0.0,0.0,69,10.8,1018.8,27,8.9,307,16.87,36000.0
2008-12-20,19.1,22.6,16.6,19.4,0.0,0.0,69,13.1,1017.0,55,7.8,180,9.25,24489.72
2008-12-21,19.4,23.5,16.0,21.5,1.1,7.0,89,17.4,1016.3,61,6.8,104,7.28,20680.83
2008-12-22,15.2,19.2,11.0,13.6,4.2,9.0,70,9.4,1021.6,79,21.7,19,3.87,9924.17
2008-12-23,12.3,13.7,10.4,9.6,0.0,0.0,54,3.3,1023.4,89,9.8,25,5.25,2224.21
2008-12-24,12.9,15.6,11.2,10.9,0.0,0.0,64,6.1,1021.7,72,9.0,5,7.78,23533.82
2008-12-25,14.4,19.3,9.5,13.0,0.2,1.0,70,8.6,1021.0,63,11.2,336,13.55,36000.0
2008-12-26,15.7,17.8,14.2,15.4,0.3,1.0,75,11.3,1019.7,95,9.0,348,3.69,2043.36
2008-12-27,15.1,16.7,13.9,15.8,6.8,13.0,90,13.4,1016.9,92,5.4,51,2.65,0.0
2008-12-28,18.2,21.7,14.7,19.6,0.0,0.0,87,15.8,1015.7,92,6.4,25,7.08,15843.56
2008-12-29,19.0,22.6,16.5,20.2,0.3,2.0,84,16.1,1016.6,75,10.6,50,8.44,22238.56
2008-12-30,15.9,17.1,13.6,14.9,1.4,7.0,73,10.9,1019.6,98,9.9,33,4.31,234.38
2008-12-31,13.4,14.7,12.0,11.8,3.0,10.0,69,7.7,1023.1,100,11.4,12,3.03,0.0
2009-01-01,15.0,17.4,13.2,12.8,0.0,0.0,53,5.4,1024.6,94,11.2,15,10.71,29715.03
2009-01-02,14.7,17.6,12.2,12.5,0.0,0.0,52,4.8,1024.7,59,9.7,29,11.81,36000.0
2009-01-03,14.3,18.3,10.8,13.2,0.0,0.0,69,8.5,1021.7,59,8.1,96,9.53,27194.22
2009-01-04,16.2,20.8,12.2,16.2,0.0,0.0,78,12.2,1018.4,68,10.5,117,8.94,12891.44
2009-01-05,17.5,22.5,13.8,18.4,0.1,1.0,87,15.1,1016.9,67,11.1,127,7.39,16785.62
2009-01-06,18.8,22.8,16.2,20.1,2.9,14.0,86,16.2,1018.1,94,10.7,117,8.0,19424.66
2009-01-07,15.0,17.1,13.5,13.2,0.0,0.0,65,8.4,1022.2,98,12.7,33,3.61,0.0
2009-01-08,13.9,16.3,12.7,11.3,0.0,0.0,56,5.2,1026.0,98,11.9,16,8.54,24479.02
2009-01-09,14.6,18.3,11.3,11.3,0.0,0.0,44,2.4,1028.4,57,16.6,352,13.03,25448.6
2009-01-10,12.7,17.7,8.4,9.9,0.0,0.0,46,0.6,1026.6,8,12.4,1,17.45,36497.89
2009-01-11,12.5,18.9,5.3,10.5,0.0,0.0,58,3.5,1023.3,2,9.8,117,18.16,36746.7
2009-01-12,13.2,20.4,6.5,11.2,0.0,0.0,62,4.7,1026.9,2,8.5,26,18.01,36725.24
2009-01-13,13.4,18.8,8.7,11.0,0.0,0.0,50,2.6,1029.7,2,10.8,11,18.15,36972.46
2009-01-14,12.7,18.9,6.1,10.6,0.0,0.0,58,3.4,1028.6,9,8.1,19,18.3,36950.04
2009-01-15,13.2,19.5,6.9,11.2,0.0,0.0,56,3.6,1027.1,1,8.7,358,18.33,37195.69
2009-01-16,14.0,20.5,7.3,12.9,0.0,0.0,67,7.3,1024.0,0,8.7,134,18.3,37172.41
2009-01-17,15.5,22.0,10.3,15.1,0.0,0.0,78,11.2,1020.1,32,13.0,139,14.85,34366.97
2009-01-18,16.9,19.6,13.8,18.2,0.5,5.0,93,15.6,1017.9,86,8.1,96,4.37,172.79
2009-01-19,19.2,23.8,16.6,19.9,1.4,7.0,85,16.3,1014.1,73,15.3,153,8.3,16260.88
2009-01-20,19.5,24.0,16.9,20.7,2.0,9.0,86,17.0,1013.1,82,12.5,138,6.87,12843.34
2009-01-21,17.8,19.6,16.1,17.5,1.7,3.0,76,13.2,1017.6,82,19.6,27,5.46,10425.92
2009-01-22,17.6,22.3,13.7,17.1,0.0,0.0,66,11.0,1014.2,54,11.6,123,14.5,35918.97
2009-01-23,16.1,17.9,12.1,15.8,4.2,15.0,84,13.3,1017.6,97,15.5,37,2.4,0.0
2009-01-24,10.1,11.4,8.9,6.9,1.7,6.0,61,2.5,1025.6,100,14.2,22,2.45,0.0
2009-01-25,11.3,13.7,9.2,9.0,0.0,0.0,57,2.9,1021.2,88,7.0,64,8.53,19407.46
2009-01-26,11.3,12.1,10.3,9.0,0.3,3.0,69,5.7,1021.3,95,13.4,5,2.95,877.74
2009-01-27,12.8,16.0,10.5,10.6,0.0,0.0,54,3.7,1020.7,83,7.3,359,11.54,31610.57
2009-01-28,14.1,17.6,9.6,13.1,0.0,0.0,72,9.1,1016.5,83,10.0,116,8.5,13038.15
2009-01-29,14.9,17.3,12.1,14.0,0.0,0.0,76,10.6,1018.2,72,10.1,334,5.19,8922.11
2009-01-30,15.6,22.5,8.8,15.1,0.0,0.0,74,10.3,1017.0,5,10.3,314,19.04,38505.17
2009-01-31,16.4,22.9,10.6,15.7,0.0,0.0,76,11.5,1015.4,26,15.0,129,16.84,35855.84
2009-02-01,16.9,20.3,13.0,17.8,0.0,0.0,85,14.3,1017.7,75,6.0,98,6.66,14858.85
2009-02-02,19.2,22.4,16.9,20.5,0.5,4.0,84,16.3,1017.2,89,8.4,133,5.92,113.4
2009-02-03,19.4,23.5,16.2,20.5,0.0,0.0,83,16.2,1016.1,94,10.2,140,7.62,8666.82
2009-02-04,20.2,24.1,17.7,21.8,1.6,5.0,85,17.4,1015.1,84,11.7,138,6.61,2857.57
2009-02-05,20.1,23.8,17.7,21.1,0.2,1.0,81,16.6,1016.4,95,12.2,129,6.79,7909.5
2009-02-06,20.0,25.5,16.1,21.1,0.0,0.0,77,15.5,1017.7,64,11.0,137,13.6,32739.07
2009-02-07,18.6,24.7,14.0,19.2,0.0,0.0,82,14.9,1016.5,64,11.9,135,13.46,33178.14
2009-02-08,19.6,24.5,16.5,20.6,0.0,0.0,80,15.6,1017.5,77,9.4,143,10.92,27222.49
2009-02-09,19.7,25.4,15.7,21.1,0.0,0.0,79,15.5,1017.7,61,6.7,149,13.75,34745.2
2009-02-10,20.7,27.2,15.0,22.3,0.0,0.0,78,16.2,1016.0,29,9.8,152,17.94,38890.9
2009-02-11,21.1,28.7,15.5,22.0,0.0,0.0,77,16.1,1011.6,33,16.6,152,19.33,35983.54
2009-02-12,23.4,30.8,18.2,25.3,0.0,0.0,76,18.4,1004.2,18,14.1,148,18.81,38955.98
2009-02-13,25.5,34.2,18.1,27.3,0.0,0.0,65,17.0,1002.4,34,11.3,191,20.31,38987.86
2009-02-14,23.9,32.1,16.8,26.1,0.0,0.0,73,17.5,1004.4,36,13.7,107,20.83,39166.21
2009-02-15,23.9,30.5,19.3,26.7,0.0,0.0,82,20.2,1007.4,46,13.0,131,16.85,36061.56
2009-02-16,24.3,29.6,21.3,26.9,0.6,4.0,81,20.4,1011.0,86,18.9,143,12.79,29540.51
2009-02-17,23.4,27.0,20.9,25.3,3.4,14.0,84,20.4,1012.8,70,21.2,142,7.93,15642.73
2009-02-18,23.0,27.6,20.6,24.7,1.2,5.0,84,19.9,1012.3,84,20.1,146,8.14,18996.69
2009-02-19,24.2,29.2,21.7,26.4,0.9,5.0,82,20.6,1010.5,77,17.8,151,11.67,26083.31
2009-02-20,20.2,22.8,17.3,20.9,3.5,6.0,75,15.3,1015.6,100,21.4,53,4.26,0.0
2009-02-21,20.8,24.2,18.1,22.1,0.2,1.0,78,16.8,1011.1,89,14.9,139,5.4,0.0
2009-02-22,25.1,31.3,21.4,28.7,0.0,0.0,81,21.4,1005.8,75,12.0,140,13.65,29802.06
2009-02-23,25.9,32.3,21.0,29.9,0.0,0.0,80,21.9,1006.3,76,11.8,113,16.56,32863.73
2009-02-24,26.3,32.7,21.9,29.7,0.0,0.0,77,21.7,1006.7,32,17.0,139,19.01,39068.89
2009-02-25,25.8,31.8,22.4,29.3,0.0,0.0,81,22.0,1007.8,63,17.1,135,13.6,29065.6
2009-02-26,25.2,29.1,23.2,28.0,0.4,4.0,83,22.0,1009.3,89,19.9,139,8.33,9149.12
2009-02-27,24.5,27.8,22.2,26.7,0.9,6.0,81,20.9,1010.5,94,19.5,141,7.53,2820.71
2009-02-28,22.1,25.1,18.3,24.0,5.4,15.0,84,19.2,1012.5,98,13.4,87,3.89,0.0
2009-03-01,16.4,17.8,15.5,15.8,2.8,17.0,78,12.6,1016.4,100,11.3,17,3.21,0.0
2009-03-02,15.8,17.0,14.8,15.6,4.2,19.0,83,12.8,1017.0,99,10.2,12,3.19,0.0
2009-03-03,17.3,19.9,15.1,17.9,1.1,6.0,80,13.8,1014.2,99,7.3,35,5.35,1603.99
2009-03-04,19.6,22.6,16.9,21.8,2.5,11.0,92,18.2,1009.5,99,8.4,57,4.86,0.0
2009-03-05,19.7,23.4,15.7,20.3,1.5,8.0,80,15.9,1009.0,99,19.7,10,8.65,6901.07
2009-03-06,16.5,18.4,15.4,15.2,0.3,2.0,66,10.1,1015.1,94,13.0,23,7.08,4077.08
2009-03-07,16.4,18.7,14.2,15.0,0.0,0.0,59,8.4,1016.7,72,9.8,29,11.09,34354.83
2009-03-08,17.6,19.9,15.2,18.0,0.0,0.0,74,13.0,1014.4,92,6.5,51,6.94,586.34
2009-03-09,19.3,24.0,16.3,19.4,0.4,2.0,67,12.7,1016.7,51,10.9,25,16.47,29345.86
2009-03-10,20.1,24.8,15.2,21.2,0.0,0.0,81,16.7,1012.0,58,13.0,142,14.25,36948.97
2009-03-11,23.2,28.2,19.9,26.3,1.0,8.0,86,20.5,1008.9,79,11.6,122,10.08,19065.45
2009-03-12,24.5,28.9,22.3,28.1,0.5,4.0,87,22.1,1008.9,88,15.0,128,9.73,13690.01
2009-03-13,20.4,24.0,17.4,20.8,11.2,9.0,75,15.3,1017.0,100,37.9,42,6.84,7253.37
2009-03-14,16.9,21.5,12.9,14.9,0.0,0.0,48,5.4,1023.6,93,13.2,41,23.04,41872.74
2009-03-15,17.0,23.0,10.9,16.3,0.0,0.0,68,10.6,1017.6,97,12.7,146,21.65,40251.49
2009-03-16,19.3,24.3,13.6,20.2,0.0,0.0,82,15.9,1014.2,92,13.9,135,11.24,17235.89
2009-03-17,22.1,26.0,19.6,24.5,0.9,6.0,84,19.2,1011.2,94,13.2,149,8.51,5120.15
2009-03-18,24.4,28.9,21.5,27.7,0.0,0.0,82,20.9,1009.2,93,11.8,153,13.81,25457.4
2009-03-19,24.5,29.1,21.6,28.4,0.4,2.0,86,21.9,1009.3,98,12.7,126,9.6,8067.28
2009-03-20,24.9,28.0,23.0,28.8,3.6,9.0,89,22.9,1009.6,98,16.5,146,9.24,10305.05
2009-03-21,26.4,32.1,22.9,30.6,0.0,0.0,82,22.8,1006.3,58,16.0,149,18.41,40370.08
2009-03-22,27.1,33.1,22.0,31.9,0.0,0.0,80,23.0,1005.5,29,11.2,115,21.92,36495.61
2009-03-23,27.6,33.8,21.5,32.6,0.0,0.0,79,23.2,1006.3,38,12.7,99,23.67,43106.64
2009-03-24,24.6,25.8,23.6,27.3,0.3,2.0,76,20.0,1009.5,99,13.6,50,3.82,0.0
2009-03-25,22.8,24.0,21.5,25.7,4.7,19.0,85,20.1,1012.9,100,12.8,36,4.4,0.0
2009-03-26,22.8,26.1,20.6,25.6,0.5,3.0,85,20.0,1011.5,99,13.5,136,6.3,1622.14
2009-03-27,25.8,31.5,21.8,29.1,0.0,0.0,79,21.6,1009.6,67,13.6,160,15.18,28723.61
2009-03-28,26.4,32.4,21.8,31.2,0.4,2.0,81,22.6,1007.8,29,9.4,160,21.79,43185.81
2009-03-29,22.7,25.4,19.6,23.8,0.7,2.0,70,16.8,1011.7,72,22.0,49,8.52,1849.69
2009-03-30,21.2,23.1,18.3,22.6,2.0,10.0,76,16.9,1014.6,100,12.5,50,4.51,0.0
2009-03-31,18.4,19.9,16.9,19.1,4.0,14.0,81,15.1,1017.0,100,9.3,0,3.65,0.0
2009-04-01,17.1,18.5,16.2,17.7,19.4,24.0,89,15.2,1018.0,100,9.1,17,3.09,0.0
2009-04-02,17.4,19.3,15.5,18.2,8.3,13.0,87,15.2,1016.8,96,8.7,4,5.73,77.7
2009-04-03,20.7,23.4,17.9,23.0,1.1,7.0,88,18.7,1013.8,96,12.9,84,7.76,3434.9
2009-04-04,24.1,28.0,21.1,27.4,0.4,4.0,86,21.3,1012.6,74,11.6,143,12.4,25615.3
2009-04-05,21.2,22.8,19.7,22.1,7.5,5.0,78,16.9,1015.5,94,17.1,33,7.44,1825.45
2009-04-06,20.6,23.9,18.5,20.3,0.0,0.0,58,11.9,1015.4,61,9.2,31,16.19,28935.63
2009-04-07,20.9,25.3,16.6,22.5,0.0,0.0,77,16.4,1014.2,67,11.8,145,15.77,23500.04
2009-04-08,21.9,25.3,18.3,24.4,0.6,2.0,87,19.4,1013.4,69,12.8,133,9.23,10368.87
2009-04-09,23.9,28.0,21.0,26.9,0.3,2.0,86,21.2,1011.7,74,17.9,142,13.11,23704.92
2009-04-10,24.4,27.9,22.3,27.6,6.3,14.0,88,22.2,1010.7,86,17.3,143,12.0,23326.04
2009-04-11,24.8,28.9,22.6,28.2,2.4,3.0,87,22.4,1010.1,86,18.8,149,12.52,26987.03
2009-04-12,26.2,30.7,23.3,30.3,0.0,0.0,83,22.9,1007.0,66,13.7,152,16.1,26804.82
2009-04-13,25.9,30.8,23.0,30.8,2.8,5.0,86,23.2,1004.9,56,10.5,114,16.7,30078.6
2009-04-14,25.9,30.1,23.0,30.9,3.5,7.0,85,23.1,1006.8,52,10.2,142,17.27,35255.77
2009-04-15,25.8,29.2,23.0,30.3,0.0,0.0,86,23.2,1005.0,60,12.1,144,12.29,22781.61
2009-04-16,26.7,31.0,23.1,31.5,0.0,0.0,82,23.1,1002.3,55,9.0,64,17.56,31597.37
2009-04-17,26.6,30.2,23.5,30.6,0.0,0.0,84,23.5,1002.0,66,17.6,132,12.8,22675.35
2009-04-18,28.3,33.3,24.4,33.2,0.0,0.0,81,24.5,1002.1,70,14.9,141,17.1,33330.66
2009-04-19,29.7,35.0,24.5,35.8,0.4,2.0,75,24.5,1000.1,37,13.2,57,25.42,43200.0
2009-04-20,27.3,31.2,23.4,30.1,3.8,5.0,66,19.9,1004.2,30,15.2,13,22.83,43114.39
2009-04-21,26.6,30.8,22.1,30.2,0.0,0.0,70,20.4,1004.9,31,11.2,137,22.41,43200.0
2009-04-22,26.5,31.0,22.6,30.1,0.0,0.0,75,21.6,1005.2,32,17.7,136,22.34,43200.0
2009-04-23,27.6,32.3,24.2,31.9,0.0,0.0,81,23.8,1004.3,48,14.3,146,16.93,30976.45
2009-04-24,28.4,33.0,24.7,33.7,11.1,7.0,81,24.7,1004.1,74,15.0,101,15.98,29160.46
2009-04-25,23.7,26.9,21.3,25.3,15.7,11.0,72,18.3,1011.4,98,15.0,24,8.68,14718.28
2009-04-26,24.0,28.4,20.3,25.4,0.0,0.0,61,15.8,1013.7,26,14.1,47,26.0,43200.0
2009-04-27,23.4,27.4,18.7,25.7,0.0,0.0,78,19.2,1012.6,75,15.0,130,14.85,32338.36
2009-04-28,23.5,25.2,22.2,26.6,3.0,10.0,86,21.0,1012.7,92,13.8,120,5.29,179.07
2009-04-29,23.4,25.5,22.4,27.4,20.7,18.0,93,22.2,1011.9,100,13.3,115,4.38,1037.86
2009-04-30,23.8,25.6,22.0,26.4,2.2,8.0,86,21.2,1011.8,86,18.2,127,8.9,15180.81
2009-05-01,24.0,27.6,21.4,27.1,0.5,2.0,84,21.0,1013.0,80,15.3,125,12.66,27621.32
2009-05-02,24.7,28.6,21.0,27.4,0.0,0.0,74,19.5,1014.2,62,11.5,49,16.35,38391.56
2009-05-03,24.9,29.1,21.5,27.0,0.0,0.0,66,17.8,1014.1,53,9.6,354,22.01,43200.0
2009-05-04,24.7,29.8,19.9,28.1,0.1,1.0,77,20.0,1012.0,44,13.4,127,23.73,43263.94
2009-05-05,25.1,30.0,21.4,28.3,0.0,0.0,80,21.0,1010.2,50,15.3,137,22.49,40783.31
2009-05-06,25.3,28.3,22.8,28.3,2.7,8.0,82,21.8,1008.1,77,14.9,139,12.12,31260.12
2009-05-07,25.4,28.4,23.3,28.7,8.8,19.0,85,22.6,1006.0,85,20.4,138,12.3,32304.48
2009-05-08,24.8,26.8,23.7,28.0,13.4,13.0,89,22.8,1004.8,100,19.3,111,8.68,7156.06
2009-05-09,25.2,27.3,23.7,28.9,7.0,17.0,90,23.4,1004.4,98,19.1,117,9.83,5082.75
2009-05-10,26.6,30.2,24.6,31.1,4.4,12.0,88,24.4,1004.9,78,17.4,141,15.94,34358.75
2009-05-11,26.6,29.4,24.6,31.3,9.0,11.0,89,24.6,1006.6,82,15.2,142,14.6,24791.34
2009-05-12,26.8,29.7,24.6,31.6,1.9,8.0,86,24.2,1008.1,55,17.2,143,18.81,39725.25
2009-05-13,26.6,30.7,23.7,31.5,1.9,5.0,84,23.6,1007.3,34,14.5,146,20.37,43400.27
2009-05-14,26.4,30.1,24.1,31.1,2.9,9.0,87,23.9,1007.1,58,16.4,146,19.97,40655.71
2009-05-15,25.4,28.2,24.0,29.9,13.5,18.0,92,24.0,1008.6,96,17.6,146,8.57,10444.29
2009-05-16,26.6,29.3,24.7,31.6,15.3,14.0,90,24.8,1009.1,96,14.7,151,14.02,28743.29
2009-05-17,27.2,30.8,25.3,32.6,10.1,16.0,89,25.1,1008.7,96,13.8,158,15.15,24671.89
2009-05-18,27.2,30.1,25.5,33.0,3.0,8.0,91,25.4,1006.9,99,11.8,146,10.82,11513.96
2009-05-19,27.8,32.9,25.1,33.8,27.6,10.0,88,25.4,1004.3,95,10.0,155,16.62,29214.8
2009-05-20,25.9,28.9,23.1,29.8,27.2,8.0,81,22.1,1005.6,87,16.6,36,17.81,32582.03
2009-05-21,25.3,27.7,23.6,29.9,8.1,14.0,87,22.9,1007.8,74,9.4,121,11.17,31715.52
2009-05-22,24.9,28.1,23.0,29.5,12.7,11.0,89,22.9,1007.9,65,9.8,95,13.45,25934.97
2009-05-23,26.1,30.7,23.1,31.1,3.5,10.0,85,23.3,1006.7,43,10.3,326,22.31,43200.0
2009-05-24,27.8,31.6,24.3,32.8,0.3,3.0,78,23.2,1004.8,16,10.2,33,23.69,44876.98
2009-05-25,27.6,32.0,24.0,32.5,0.2,2.0,78,23.1,1004.8,44,13.5,73,22.54,43569.49
2009-05-26,27.8,31.5,25.1,33.4,0.8,6.0,83,24.4,1004.1,62,10.4,112,20.49,43200.0
2009-05-27,28.1,32.0,24.9,34.0,0.2,1.0,84,24.9,1002.0,66,15.3,130,23.0,43463.87
2009-05-28,27.5,30.1,25.5,33.5,27.6,19.0,90,25.7,1003.4,97,22.0,63,13.01,21977.56
2009-05-29,23.3,25.2,22.7,25.6,39.0,13.0,83,20.2,1010.8,100,21.3,339,5.42,0.0
2009-05-30,25.5,29.0,22.8,28.2,0.0,0.0,71,19.6,1010.9,69,12.6,350,17.28,36158.9
2009-05-31,26.4,30.3,23.3,30.6,0.0,0.0,77,21.9,1008.2,79,12.4,155,18.81,37059.25
2009-06-01,27.4,32.0,23.9,32.0,4.0,9.0,81,23.8,1002.9,87,14.3,154,21.06,39328.27
2009-06-02,28.7,32.7,25.3,35.3,44.5,9.0,85,25.8,998.9,97,10.5,142,19.85,38769.79
2009-06-03,24.7,27.4,22.8,27.9,12.7,14.0,82,21.3,1001.2,99,15.1,333,13.3,25755.85
2009-06-04,26.4,31.7,20.7,31.2,0.0,0.0,78,21.9,1001.4,70,8.9,162,25.57,43200.0
2009-06-05,27.1,31.4,23.3,32.9,0.3,3.0,87,24.5,1002.4,99,9.1,155,13.98,12965.04
2009-06-06,27.5,31.7,24.4,33.0,8.7,19.0,85,24.7,1000.9,97,10.8,166,16.8,27773.64
2009-06-07,29.3,33.8,26.4,34.6,1.6,4.0,78,24.9,998.5,84,14.9,187,17.73,33575.81
2009-06-08,30.7,35.6,26.8,35.8,0.0,0.0,70,24.2,999.1,94,13.8,188,24.94,43639.14
2009-06-09,31.0,34.9,27.4,36.4,0.0,0.0,69,24.5,1000.6,100,10.7,195,24.23,42250.55
2009-06-10,30.1,33.9,26.4,36.5,9.0,3.0,77,25.4,1002.1,99,13.1,354,20.88,41162.09
2009-06-11,27.4,31.7,24.7,33.1,18.0,8.0,85,24.6,1003.1,87,10.7,38,16.46,22822.15
2009-06-12,29.5,33.4,26.3,36.3,0.0,0.0,82,25.9,1001.9,90,8.9,113,20.76,43334.26
2009-06-13,28.4,31.5,25.8,33.7,4.4,4.0,81,24.6,1003.8,85,12.2,2,14.36,27045.13
2009-06-14,28.3,32.1,25.6,34.6,18.5,12.0,85,25.4,1002.7,90,10.5,92,17.64,32506.54
2009-06-15,27.3,31.1,24.7,33.2,10.3,11.0,86,24.8,1002.4,99,9.5,331,16.16,26193.78
2009-06-16,26.5,29.9,24.9,32.3,4.2,16.0,90,24.6,1003.5,99,8.8,48,10.57,18187.97
2009-06-17,27.0,29.7,24.7,32.5,2.9,5.0,86,24.4,1003.9,91,8.3,119,11.57,21875.51
2009-06-18,28.9,33.3,25.0,35.4,0.7,3.0,81,25.2,1001.5,59,8.9,154,24.14,44936.66
2009-06-19,30.5,34.5,26.9,36.8,0.0,0.0,75,25.3,999.4,57,12.4,180,23.44,44001.38
2009-06-20,31.4,35.5,26.8,37.8,0.1,1.0,72,25.4,999.1,77,11.1,195,25.32,44947.88
2009-06-21,31.7,35.8,27.7,38.4,0.0,0.0,71,25.6,998.6,54,11.3,173,24.93,46012.39
2009-06-22,31.3,35.5,27.4,37.9,1.4,4.0,72,25.4,999.5,95,10.5,173,23.18,44420.79
2009-06-23,28.9,31.9,26.4,35.2,0.6,1.0,83,25.7,1002.1,100,11.3,319,12.3,8246.1
2009-06-24,29.8,33.5,26.9,36.5,4.2,5.0,81,26.1,1002.2,97,12.1,333,19.55,38172.44
2009-06-25,30.3,33.9,26.9,37.3,0.0,0.0,80,26.2,1000.3,99,8.4,161,18.62,31578.11
2009-06-26,28.6,30.9,27.0,35.6,7.1,11.0,89,26.5,1000.3,100,9.0,111,8.44,869.96
2009-06-27,28.6,31.6,26.1,35.1,9.4,10.0,85,25.7,1000.6,97,10.5,92,17.13,34969.65
2009-06-28,29.1,32.0,26.4,34.3,0.0,0.0,77,24.5,1000.4,99,13.8,173,14.72,28914.46
2009-06-29,29.6,33.2,26.8,34.2,0.0,0.0,72,23.9,1000.9,99,15.3,174,18.4,38111.9
2009-06-30,29.8,33.8,27.0,35.1,2.4,3.0,72,24.2,1002.8,98,12.0,182,19.66,32074.78
2009-07-01,29.5,33.5,26.3,35.9,0.7,1.0,78,25.2,1004.4,97,8.6,145,19.82,33819.16
2009-07-02,30.2,34.0,26.4,36.4,0.6,2.0,75,25.0,1002.8,91,10.1,176,24.59,43424.14
2009-07-03,29.9,33.7,27.4,35.7,0.0,0.0,74,24.7,999.9,100,10.5,180,15.86,18371.71
2009-07-04,26.4,28.7,25.3,31.1,29.3,22.0,90,24.6,1000.0,100,14.1,169,5.34,0.0
2009-07-05,26.1,27.7,24.9,30.6,18.2,24.0,90,24.3,1001.3,100,14.3,163,5.62,2573.44
2009-07-06,25.8,27.8,24.2,30.0,13.1,24.0,89,23.8,1004.6,100,15.4,166,6.87,5431.64
2009-07-07,26.9,31.6,24.5,32.0,21.9,16.0,85,24.1,1005.4,71,10.2,163,16.17,30102.06
2009-07-08,28.5,32.9,25.2,34.2,2.0,1.0,81,24.8,1004.6,27,11.9,152,23.92,44744.16
2009-07-09,29.2,33.2,25.7,35.6,0.4,1.0,80,25.1,1003.4,19,10.2,143,23.78,44486.95
2009-07-10,29.8,33.7,26.4,36.6,0.3,3.0,80,25.7,1001.5,45,9.2,130,22.62,44464.06
2009-07-11,29.8,33.5,26.7,36.9,3.4,8.0,83,26.4,999.7,76,8.0,126,20.55,43441.03
2009-07-12,27.9,31.6,26.4,33.8,57.9,11.0,88,25.7,999.0,99,14.7,321,13.75,21555.33
2009-07-13,27.2,29.6,25.3,32.2,30.7,16.0,88,24.9,1001.9,64,19.6,132,12.59,34514.32
2009-07-14,27.9,32.0,24.6,34.3,3.2,9.0,85,25.0,1002.6,42,8.6,134,20.07,44205.03
2009-07-15,29.2,33.6,26.0,35.7,0.6,3.0,82,25.5,1001.9,81,10.6,136,20.31,44473.37
2009-07-16,27.7,31.0,25.7,33.8,12.0,13.0,86,25.1,1001.5,80,7.6,7,16.19,39024.55
2009-07-17,26.6,28.8,25.2,32.0,22.7,23.0,90,24.8,1000.8,97,12.4,50,8.41,8769.32
2009-07-18,28.5,32.3,25.1,35.0,2.2,6.0,83,25.2,1001.2,59,6.8,183,21.33,43712.55
2009-07-19,30.1,35.2,25.8,37.1,1.0,2.0,80,26.1,997.9,99,10.3,197,24.67,41150.87
2009-07-20,28.3,30.6,26.6,35.0,20.6,19.0,86,25.6,1001.9,92,7.3,146,11.16,15592.93
2009-07-21,27.8,31.9,25.4,33.9,7.0,8.0,86,25.1,1005.7,75,9.2,86,16.69,39653.9
2009-07-22,28.4,32.0,25.6,34.6,0.3,3.0,85,25.5,1003.2,68,11.4,131,19.8,41345.08
2009-07-23,29.3,33.1,26.1,35.8,0.5,1.0,83,26.0,1001.7,65,11.0,141,22.26,43723.6
2009-07-24,30.5,34.3,27.1,37.8,0.0,0.0,80,26.5,1000.5,99,9.7,157,22.03,42599.43
2009-07-25,30.4,34.7,26.9,37.5,5.8,4.0,80,26.4,999.7,100,8.6,176,20.59,38367.7
2009-07-26,29.4,32.9,26.5,36.2,0.0,0.0,84,26.3,1000.1,100,8.7,119,14.48,15179.15
2009-07-27,30.8,34.4,27.4,36.7,0.0,0.0,73,25.0,998.7,98,14.4,236,22.96,37623.01
2009-07-28,28.4,29.2,27.1,34.8,5.2,9.0,85,25.7,999.9,100,7.6,53,9.25,5601.31
2009-07-29,27.7,31.2,25.8,34.5,24.6,13.0,90,25.9,1000.8,96,8.9,128,12.47,15746.79
2009-07-30,27.8,31.4,25.8,34.5,9.3,13.0,89,25.7,1000.2,75,10.4,66,16.06,30790.52
2009-07-31,27.1,30.1,25.4,33.3,14.3,19.0,90,25.2,1000.6,95,10.4,50,11.68,18834.88
2009-08-01,26.7,30.0,25.2,32.6,30.3,20.0,92,25.2,1001.2,95,10.5,351,7.2,6799.96
2009-08-02,28.5,32.4,25.4,34.9,2.6,8.0,84,25.3,1000.7,85,7.6,280,20.03,37681.63
2009-08-03,29.6,34.0,25.4,36.9,0.0,0.0,84,26.3,998.2,99,10.8,148,22.62,41492.6
2009-08-04,30.6,34.9,26.8,38.2,1.5,3.0,83,27.0,996.9,97,9.4,58,21.95,43339.35
2009-08-05,30.0,33.1,27.4,37.2,4.5,9.0,85,26.9,997.5,100,11.7,316,19.9,35984.96
2009-08-06,28.9,32.7,25.7,35.4,27.5,16.0,86,26.1,998.1,100,12.7,308,20.62,36690.84
2009-08-07,29.4,32.3,26.6,35.7,7.8,13.0,84,26.2,997.0,100,12.7,299,14.71,26110.03
2009-08-08,29.9,34.0,27.7,36.1,5.1,3.0,78,25.6,996.5,93,12.9,307,21.1,40243.95
2009-08-09,30.1,34.3,27.4,36.7,1.5,2.0,79,25.8,996.8,81,8.9,302,21.2,43200.0
2009-08-10,30.2,34.6,27.2,37.3,2.4,3.0,80,26.2,999.6,74,9.6,339,23.82,42996.89
2009-08-11,28.7,32.1,27.0,35.9,7.3,7.0,88,26.3,1003.7,93,6.9,311,15.98,33083.1
2009-08-12,28.5,32.6,25.9,35.4,0.5,1.0,86,25.8,1004.1,97,8.7,97,19.65,32231.05
2009-08-13,26.7,31.3,25.2,32.9,17.3,17.0,91,25.1,1004.5,96,7.1,100,11.09,13569.36
2009-08-14,27.0,29.9,24.5,33.3,10.4,18.0,91,25.4,1006.5,97,8.9,90,11.87,14405.72
2009-08-15,27.4,32.0,24.6,33.8,17.1,18.0,90,25.5,1007.2,93,9.5,117,13.44,16854.09
2009-08-16,28.6,32.4,26.2,35.3,4.0,7.0,87,26.1,1007.1,94,10.5,149,16.27,36128.66
2009-08-17,28.1,31.3,26.1,34.3,11.9,15.0,88,25.8,1008.3,93,12.3,142,17.23,39327.06
2009-08-18,28.3,32.2,25.5,34.5,4.6,9.0,87,25.7,1008.5,49,12.3,147,18.75,42483.14
2009-08-19,28.8,32.6,25.9,35.4,2.7,2.0,85,26.0,1008.8,28,12.2,155,21.45,43200.0
2009-08-20,29.1,32.6,26.2,35.8,0.3,2.0,84,26.1,1006.9,29,10.3,155,21.12,41348.3
2009-08-21,29.3,32.7,26.9,36.2,1.1,3.0,85,26.4,1004.4,45,11.2,145,19.87,40557.26
2009-08-22,26.7,29.9,23.6,32.6,18.1,11.0,88,24.5,1006.2,89,9.4,357,8.87,14137.67
2009-08-23,28.2,31.7,24.9,34.6,0.9,5.0,84,25.1,1007.5,63,6.4,157,20.47,42286.35
2009-08-24,28.9,32.9,25.0,35.4,0.0,0.0,81,25.0,1007.8,13,6.6,158,23.6,43200.0
2009-08-25,28.7,32.8,24.4,34.9,0.0,0.0,81,24.8,1007.3,39,8.6,129,22.24,43145.03
2009-08-26,29.0,33.0,25.8,35.2,0.0,0.0,81,25.2,1006.5,7,10.2,147,23.32,43200.0
2009-08-27,29.1,33.1,25.8,35.2,0.0,0.0,81,25.1,1006.3,11,10.4,147,22.94,43200.0
2009-08-28,28.8,32.5,25.9,35.2,0.7,2.0,84,25.7,1006.6,51,12.9,145,21.81,43200.0
2009-08-29,28.8,32.0,26.3,35.4,2.0,6.0,84,25.8,1006.1,41,10.9,149,20.93,43200.0
2009-08-30,27.1,30.5,24.6,33.0,24.8,16.0,88,24.9,1008.5,96,13.6,328,15.74,28842.93
2009-08-31,27.1,31.9,24.6,32.6,7.2,17.0,86,24.4,1009.0,57,10.5,336,16.72,42271.72
2009-09-01,26.9,31.1,24.6,32.6,1.9,11.0,86,24.2,1008.6,51,6.3,320,16.67,35712.9
2009-09-02,27.7,31.8,24.7,34.0,2.9,8.0,85,24.8,1007.1,37,7.4,117,20.15,37873.23
2009-09-03,28.0,32.3,24.5,34.5,0.0,0.0,84,24.8,1005.8,78,12.1,105,22.4,43200.0
2009-09-04,28.3,32.7,24.9,34.8,0.6,1.0,83,25.0,1004.7,78,12.3,141,22.46,43200.0
2009-09-05,28.4,32.3,25.0,34.5,0.0,0.0,83,24.9,1003.6,19,10.4,135,22.13,43200.0
2009-09-06,28.9,33.0,25.3,35.4,0.0,0.0,82,25.4,1003.7,12,9.7,127,22.46,43200.0
2009-09-07,28.9,33.2,25.3,34.8,0.0,0.0,79,24.5,1005.4,26,8.3,98,22.22,43200.0
2009-09-08,28.8,33.4,24.6,35.3,0.4,2.0,80,24.8,1006.4,19,6.3,100,23.21,43200.0
2009-09-09,29.1,34.0,24.9,35.4,0.0,0.0,79,24.6,1006.1,32,10.7,143,23.43,43200.0
2009-09-10,28.5,32.9,24.8,34.7,0.0,0.0,83,25.0,1005.4,42,10.9,130,22.22,43101.76
2009-09-11,28.0,32.0,26.4,33.5,10.0,9.0,84,25.0,1004.5,99,15.6,326,11.98,18967.21
2009-09-12,26.5,28.6,25.4,30.0,49.2,23.0,89,24.6,1004.2,99,30.1,42,8.46,11444.61
2009-09-13,26.9,31.1,24.6,33.2,15.8,12.0,90,25.1,1007.8,95,6.6,110,10.95,27892.32
2009-09-14,28.8,32.7,25.3,35.6,0.0,0.0,84,25.6,1005.6,64,5.5,279,20.61,42091.74
2009-09-15,29.1,34.2,25.5,35.5,25.9,6.0,84,25.8,1001.3,99,15.6,326,20.21,41126.77
2009-09-16,25.7,27.1,25.0,31.5,50.3,20.0,93,24.5,1005.0,100,7.9,59,4.91,1399.14
2009-09-17,26.6,30.0,24.6,32.7,10.7,14.0,89,24.6,1009.2,97,4.1,111,11.49,19900.65
2009-09-18,28.1,32.4,24.5,34.6,0.2,1.0,85,25.3,1009.0,53,12.6,159,20.83,41085.29
2009-09-19,29.6,33.8,25.8,36.0,0.0,0.0,79,25.3,1006.3,7,11.3,173,22.56,42730.43
2009-09-20,30.4,34.4,26.5,37.0,0.0,0.0,77,25.5,1005.8,13,9.7,176,23.31,42672.44
2009-09-21,26.3,28.1,24.4,30.7,23.4,13.0,86,23.7,1009.5,93,14.0,353,6.67,6550.38
2009-09-22,25.8,28.5,24.3,29.1,1.2,5.0,74,20.8,1010.6,64,10.1,343,12.28,24130.65
2009-09-23,26.8,30.8,23.0,31.2,0.0,0.0,74,21.7,1008.6,23,6.8,18,22.13,42499.89
2009-09-24,27.1,30.9,24.1,32.2,2.8,5.0,83,23.7,1008.0,80,10.1,346,15.8,39600.0
2009-09-25,26.3,28.2,24.8,31.7,16.9,18.0,90,24.4,1008.1,100,11.9,333,8.2,6005.88
2009-09-26,26.6,30.9,24.0,31.9,8.4,8.0,88,24.3,1008.5,97,12.4,317,15.12,32695.27
2009-09-27,27.7,31.9,24.5,32.1,1.3,4.0,79,23.4,1006.9,57,14.9,323,19.07,40220.82
2009-09-28,27.8,31.8,24.9,30.0,0.0,0.0,63,20.0,1005.8,72,21.2,344,22.8,42221.76
2009-09-29,26.7,29.0,25.7,28.0,0.0,0.0,61,18.5,1005.7,100,19.6,347,7.41,9185.02
2009-09-30,24.0,27.2,22.6,25.7,19.4,17.0,78,19.9,1008.1,100,16.4,340,2.61,0.0
2009-10-01,24.3,26.7,22.9,27.9,17.8,19.0,87,22.0,1010.8,91,11.9,309,4.69,2072.53
2009-10-02,26.3,30.4,23.2,31.0,0.2,1.0,83,23.0,1011.1,54,9.7,306,14.81,35962.11
2009-10-03,27.4,31.2,23.7,32.6,0.6,3.0,80,23.5,1009.8,25,8.7,308,18.23,41146.28
2009-10-04,27.6,31.7,23.2,32.8,0.0,0.0,79,23.4,1010.2,12,8.1,318,19.77,40927.81
2009-10-05,27.2,31.4,24.0,31.3,0.0,0.0,73,21.6,1010.2,53,10.7,346,21.96,41204.24
2009-10-06,26.0,31.7,21.0,29.4,0.0,0.0,73,20.0,1009.4,9,7.6,352,22.98,41481.03
2009-10-07,25.3,31.0,19.7,28.7,0.0,0.0,73,19.6,1008.5,0,8.9,134,22.66,41014.31
2009-10-08,25.8,30.9,21.1,29.3,0.0,0.0,75,20.5,1007.4,19,10.6,139,21.89,40794.85
2009-10-09,26.5,31.0,22.9,30.4,0.0,0.0,77,21.9,1007.2,39,11.8,146,18.44,39395.31
2009-10-10,26.0,28.7,24.1,30.9,5.8,10.0,87,23.5,1009.9,58,11.3,137,11.07,27333.29
2009-10-11,26.1,29.7,23.5,30.8,3.5,7.0,83,22.8,1012.0,43,9.2,35,11.13,36666.17
2009-10-12,26.7,30.9,23.2,30.4,0.0,0.0,73,21.2,1011.4,42,10.5,345,20.2,39600.0
2009-10-13,25.1,27.9,22.4,26.9,12.6,14.0,74,20.1,1011.5,100,18.8,344,8.54,10858.49
2009-10-14,21.1,21.9,19.9,21.9,75.5,24.0,87,18.8,1014.0,100,19.6,345,3.64,0.0
2009-10-15,21.1,23.2,19.7,23.2,55.1,19.0,89,19.2,1015.3,100,14.8,330,3.6,0.0
2009-10-16,24.4,28.3,21.6,27.8,0.0,0.0,81,20.8,1012.9,63,8.3,312,12.99,27832.55
2009-10-17,25.6,29.5,21.7,29.6,0.6,3.0,80,21.7,1009.4,40,7.1,320,16.8,39787.47
2009-10-18,26.0,30.4,21.4,30.2,0.0,0.0,80,22.0,1008.5,67,9.7,142,17.99,38815.19
2009-10-19,26.3,30.4,22.2,31.2,0.3,3.0,82,22.7,1008.8,54,6.3,132,18.13,39600.0
2009-10-20,25.4,27.5,23.9,28.7,4.3,11.0,78,21.2,1011.3,90,12.6,22,11.07,33734.22
2009-10-21,24.0,27.5,22.0,25.9,1.8,7.0,74,19.0,1013.9,97,14.8,11,9.62,22977.76
2009-10-22,22.5,24.4,21.3,25.2,3.9,11.0,83,19.4,1014.9,87,8.2,328,2.82,0.0
2009-10-23,24.5,28.5,21.1,27.5,0.0,0.0,73,19.2,1012.3,32,10.2,26,17.74,39600.0
2009-10-24,25.1,28.9,21.4,28.6,0.0,0.0,82,21.6,1009.6,31,11.0,140,14.03,38462.4
2009-10-25,24.6,28.5,22.9,29.0,3.9,12.0,90,22.7,1010.9,61,9.8,129,7.19,14795.29
2009-10-26,25.2,29.3,23.0,29.7,0.6,4.0,88,23.0,1012.7,43,11.2,135,15.4,38786.29
2009-10-27,24.9,28.4,23.0,29.1,0.2,2.0,88,22.7,1013.1,45,13.1,123,12.1,27508.43
2009-10-28,25.1,28.7,22.2,28.5,2.1,9.0,81,21.4,1014.9,46,13.8,132,13.15,30056.61
2009-10-29,24.4,27.8,22.0,28.4,0.6,5.0,86,21.9,1015.1,51,10.2,124,10.27,24890.43
2009-10-30,24.0,28.3,20.2,27.6,0.0,0.0,84,20.9,1014.3,20,10.4,110,16.6,38885.82
2009-10-31,23.9,28.3,20.5,27.1,0.1,1.0,82,20.4,1013.6,45,7.9,114,13.96,35668.21
2009-11-01,24.6,29.5,19.7,26.6,0.0,0.0,73,18.9,1016.3,35,18.1,359,16.11,39436.4
2009-11-02,23.1,26.3,20.2,21.0,0.0,0.0,44,10.1,1022.9,35,23.5,16,17.23,39406.41
2009-11-03,19.3,22.4,16.5,17.5,0.0,0.0,48,7.4,1024.5,80,12.9,23,15.81,39236.27
2009-11-04,19.0,24.0,15.7,18.6,0.0,0.0,61,10.8,1022.4,34,9.6,343,18.22,38156.63
2009-11-05,18.9,25.4,13.5,18.7,0.0,0.0,66,11.7,1019.7,4,9.1,309,19.85,39313.71
2009-11-06,20.4,26.7,13.2,21.3,0.0,0.0,70,14.2,1014.7,6,9.0,177,19.17,39281.9
2009-11-07,23.2,28.6,18.4,26.0,0.0,0.0,78,18.9,1011.9,68,11.8,145,17.53,37967.1
2009-11-08,24.4,28.9,20.9,28.0,0.0,0.0,85,21.4,1010.2,65,10.4,165,10.79,33687.68
2009-11-09,25.5,30.2,22.8,29.7,0.0,0.0,84,22.2,1006.8,40,9.8,167,13.06,30639.34
2009-11-10,26.3,31.1,23.2,30.9,0.0,0.0,84,23.2,1003.3,56,12.4,157,14.98,30521.43
2009-11-11,27.0,32.0,23.9,32.0,0.0,0.0,82,23.4,1002.8,84,11.0,145,16.43,33886.7
2009-11-12,24.4,30.0,18.5,27.1,0.4,2.0,79,20.3,1009.7,77,22.7,42,11.34,34558.64
2009-11-13,19.8,22.1,18.3,18.5,0.0,0.0,52,9.6,1016.9,85,14.1,30,8.92,17848.9
2009-11-14,19.4,20.5,18.5,18.2,0.0,0.0,53,9.4,1014.1,91,9.6,66,7.14,14901.79
2009-11-15,17.1,18.9,16.4,17.6,4.6,16.0,84,14.4,1012.0,100,8.4,17,2.27,0.0
2009-11-16,15.0,16.3,13.8,13.3,0.4,4.0,71,9.7,1017.1,100,14.7,23,3.49,0.0
2009-11-17,14.0,16.1,12.9,10.1,0.0,0.0,42,1.2,1024.6,92,18.7,27,7.7,18424.11
2009-11-18,13.6,16.3,10.9,10.8,0.0,0.0,45,1.7,1024.4,71,11.8,24,14.79,36667.81
2009-11-19,13.9,16.8,11.6,11.2,0.0,0.0,50,3.4,1025.6,49,13.7,9,13.65,36000.0
2009-11-20,14.0,16.3,11.8,10.2,0.0,0.0,44,1.7,1028.0,84,17.2,14,6.65,3098.75
2009-11-21,14.5,18.1,12.2,11.3,0.0,0.0,47,3.1,1027.2,68,16.9,353,15.12,36231.68
2009-11-22,15.5,20.2,12.1,13.5,0.0,0.0,55,6.2,1023.4,57,10.9,325,15.49,36788.33
2009-11-23,16.1,22.6,9.5,15.3,0.0,0.0,67,9.2,1018.2,89,9.2,105,17.78,38418.24
2009-11-24,18.1,25.0,11.3,18.6,0.0,0.0,78,13.8,1015.2,12,11.7,138,16.6,38174.45
2009-11-25,19.4,24.7,14.4,21.0,0.1,1.0,85,16.5,1015.2,51,7.8,32,10.41,29911.61
2009-11-26,20.8,25.7,16.6,22.7,0.1,1.0,85,17.9,1013.6,64,10.0,148,8.66,18524.11
2009-11-27,21.7,25.7,18.5,24.3,1.8,9.0,89,19.6,1014.8,65,11.3,131,8.1,23098.42
2009-11-28,22.0,25.8,20.0,24.9,0.9,4.0,88,19.9,1016.4,84,8.0,120,9.19,21929.94
2009-11-29,21.2,25.3,18.5,23.5,0.2,2.0,86,18.5,1018.2,61,11.7,117,8.52,27196.56
2009-11-30,20.4,24.5,16.8,21.6,0.1,1.0,79,16.4,1019.8,57,9.7,120,10.77,36000.0
2009-12-01,19.1,23.6,15.8,19.8,0.0,0.0,77,14.6,1020.1,70,9.7,101,12.18,32268.64
2009-12-02,19.4,24.5,13.5,20.2,0.2,1.0,77,14.8,1020.1,62,12.0,36,12.36,36000.0
2009-12-03,18.3,21.8,15.1,17.0,0.0,0.0,57,9.4,1021.4,42,13.9,33,15.39,36215.91
2009-12-04,18.0,22.1,12.7,18.2,0.0,0.0,75,13.1,1019.0,55,7.4,85,10.16,22875.46
2009-12-05,18.2,22.7,15.1,18.3,0.0,0.0,70,12.1,1018.5,25,9.5,50,11.9,26673.72
2009-12-06,18.8,24.2,14.1,19.1,0.0,0.0,80,15.0,1014.2,34,15.0,145,10.04,27932.17
2009-12-07,21.1,25.5,17.2,23.2,0.9,5.0,86,18.5,1013.5,93,13.7,138,9.12,25714.32
2009-12-08,21.7,24.5,19.9,24.3,3.9,16.0,89,19.7,1014.3,81,12.2,132,6.9,14749.09
2009-12-09,20.8,23.0,19.5,22.4,2.4,13.0,87,18.5,1014.0,96,15.6,122,5.46,12139.83
2009-12-10,21.5,25.4,19.2,23.7,1.2,6.0,86,18.9,1013.2,83,13.4,122,9.18,25029.22
2009-12-11,22.5,27.3,19.2,24.1,0.0,0.0,82,18.8,1012.3,33,16.0,155,15.43,36000.0
2009-12-12,22.9,26.4,19.7,24.8,0.0,0.0,83,19.7,1013.7,80,17.2,159,10.3,28957.73
2009-12-13,21.7,25.8,19.2,23.6,1.6,6.0,86,19.0,1015.4,73,12.6,128,7.31,22103.0
2009-12-14,23.0,27.9,19.7,25.1,1.5,6.0,84,19.8,1013.9,91,15.6,159,11.57,29824.75
2009-12-15,22.0,26.5,17.8,22.9,0.3,2.0,72,16.3,1016.0,85,23.9,60,12.07,30265.48
2009-12-16,17.5,19.2,15.7,16.0,0.0,0.0,56,8.4,1020.0,99,8.7,57,7.39,9534.35
2009-12-17,14.8,17.2,13.3,12.6,0.0,0.0,60,6.9,1023.2,97,16.3,26,5.68,12420.73
2009-12-18,15.0,16.8,13.7,12.9,0.0,0.0,55,6.0,1024.7,89,11.3,32,5.45,9407.82
2009-12-19,14.0,15.3,12.8,11.4,0.0,0.0,53,4.4,1027.6,90,11.4,19,5.65,9154.22
2009-12-20,14.1,15.4,13.0,11.7,0.0,0.0,49,3.5,1027.2,97,10.5,14,6.46,19541.77
2009-12-21,13.9,16.7,11.7,11.7,0.0,0.0,51,3.9,1025.7,77,8.4,22,10.46,33694.73
2009-12-22,16.1,21.8,10.5,15.6,0.0,0.0,70,10.4,1019.5,47,10.2,134,13.78,36000.0
2009-12-23,18.9,24.2,14.7,20.0,0.0,0.0,83,15.6,1015.7,71,10.1,154,9.84,29231.83
2009-12-24,20.5,25.7,16.8,22.4,0.0,0.0,83,17.2,1013.6,80,7.4,158,10.29,31783.7
2009-12-25,21.0,24.4,19.0,23.8,3.1,13.0,89,19.1,1013.8,82,9.3,83,8.51,21323.74
2009-12-26,20.4,23.0,18.8,22.3,1.0,5.0,88,18.3,1012.3,94,13.6,124,2.92,0.0
2009-12-27,19.2,22.2,15.4,19.1,3.7,5.0,74,13.8,1014.9,92,28.1,45,6.47,9835.18
2009-12-28,14.8,16.4,13.6,12.5,0.0,0.0,50,4.4,1017.2,78,11.4,64,7.35,18710.31
2009-12-29,17.5,22.3,13.8,17.9,0.3,1.0,78,13.6,1012.6,62,8.0,77,11.2,32830.89
2009-12-30,17.7,18.7,16.2,18.7,0.8,5.0,84,15.0,1013.9,99,7.4,11,2.24,0.0
2009-12-31,17.6,18.2,17.2,18.5,1.4,8.0,83,14.8,1014.9,100,7.2,19,2.53,0.0
2010-01-01,17.1,18.4,15.8,17.9,2.3,12.0,87,14.9,1015.1,100,7.3,15,2.77,0.0
2010-01-02,16.7,18.1,16.0,17.3,2.5,10.0,87,14.4,1015.5,99,9.3,15,2.69,0.0
2010-01-03,17.7,19.4,16.4,18.3,0.0,0.0,77,13.6,1016.1,98,6.3,52,4.34,1455.26
2010-01-04,19.9,23.8,17.2,21.2,0.0,0.0,84,17.0,1011.1,81,10.6,133,7.67,17183.35
2010-01-05,22.3,27.3,18.7,24.9,0.0,0.0,84,19.3,1009.7,67,9.0,145,10.08,26281.95
2010-01-06,16.9,21.8,14.6,16.5,3.4,7.0,77,12.6,1016.1,99,25.5,36,2.79,0.0
2010-01-07,14.9,16.0,13.2,14.4,3.4,16.0,80,11.4,1019.6,100,9.1,27,1.9,0.0
2010-01-08,14.6,17.3,12.6,13.7,0.7,3.0,72,9.5,1019.8,74,7.6,61,6.17,10829.96
2010-01-09,17.4,22.8,12.3,17.7,0.0,0.0,82,14.1,1014.2,61,11.9,140,9.5,20592.16
2010-01-10,19.0,23.1,16.1,20.1,0.3,3.0,85,16.4,1013.2,93,17.6,20,6.61,6184.16
2010-01-11,14.5,15.9,12.8,13.0,1.0,8.0,75,10.1,1018.7,100,12.2,27,3.19,70.25
2010-01-12,12.0,12.7,11.0,9.2,0.3,2.0,56,3.2,1024.7,96,13.7,21,2.34,0.0
2010-01-13,13.0,14.3,12.0,10.4,0.0,0.0,46,1.7,1026.2,99,9.0,14,3.91,1270.51
2010-01-14,13.2,15.9,10.6,11.2,0.0,0.0,55,4.3,1025.3,70,6.4,41,8.94,21709.93
2010-01-15,15.9,20.8,10.6,15.3,0.4,2.0,72,10.7,1022.4,67,13.8,49,13.56,36000.0
2010-01-16,16.3,18.0,14.5,15.4,0.9,6.0,68,10.2,1025.7,99,11.3,10,5.06,5959.45
2010-01-17,17.6,21.6,13.2,17.6,0.0,0.0,71,12.1,1024.7,83,7.7,76,12.91,29627.37
2010-01-18,17.9,21.9,13.8,18.1,0.0,0.0,78,13.5,1022.0,94,13.6,146,11.76,28903.07
2010-01-19,17.4,23.6,12.3,18.1,0.0,0.0,85,14.6,1018.3,99,11.3,137,12.65,25447.19
2010-01-20,19.8,23.1,16.9,22.1,0.6,3.0,88,17.7,1017.8,99,6.8,97,6.14,0.0
2010-01-21,19.9,20.3,19.6,22.8,24.0,23.0,97,19.4,1016.1,100,8.4,311,1.12,0.0
2010-01-22,16.5,20.3,12.5,16.8,41.2,23.0,93,15.4,1017.6,100,16.5,25,1.19,0.0
2010-01-23,12.9,14.3,11.8,11.6,10.3,11.0,82,9.8,1021.9,100,11.2,19,2.57,0.0
2010-01-24,14.7,17.2,12.6,14.3,0.0,0.0,78,10.9,1020.0,80,5.8,57,6.05,10684.44
2010-01-25,15.7,16.6,14.7,15.7,2.2,12.0,84,13.0,1021.7,97,12.1,5,2.83,0.0
2010-01-26,15.6,16.5,15.1,15.0,0.0,0.0,70,10.0,1022.1,98,6.6,26,3.3,0.0
2010-01-27,17.9,22.3,14.6,18.6,0.0,0.0,76,13.6,1017.7,67,7.1,122,11.19,18811.22
2010-01-28,18.3,21.7,14.6,19.9,0.0,0.0,90,16.6,1015.7,75,9.7,120,8.0,5204.21
2010-01-29,20.5,23.5,18.0,22.7,1.7,9.0,90,18.7,1015.6,89,9.5,139,7.18,6734.44
2010-01-30,22.5,27.5,19.0,24.4,0.1,1.0,84,19.4,1013.2,67,15.0,161,12.52,32743.55
2010-01-31,23.4,28.0,21.1,26.1,0.0,0.0,83,20.1,1012.9,97,14.2,157,13.54,28800.78
2010-02-01,23.3,27.8,20.9,26.0,0.0,0.0,85,20.4,1011.8,85,15.5,146,10.54,24396.5
2010-02-02,23.8,28.9,21.1,26.8,0.0,0.0,84,20.6,1010.4,77,15.0,145,15.39,28862.75
2010-02-03,24.1,27.7,22.1,27.1,0.9,6.0,87,21.7,1011.3,87,17.8,145,10.76,22997.81
2010-02-04,24.1,27.8,22.6,26.8,1.6,11.0,88,21.9,1012.1,89,19.3,144,12.15,26930.89
2010-02-05,23.7,26.5,22.1,26.2,1.0,6.0,88,21.5,1012.0,97,20.5,145,7.93,12751.89
2010-02-06,24.8,29.4,22.7,28.0,0.0,0.0,84,21.8,1011.4,79,15.6,149,11.62,25314.38
2010-02-07,24.2,28.4,22.3,27.6,0.7,5.0,86,21.6,1012.5,66,13.0,134,10.63,20889.24
2010-02-08,24.9,29.9,22.5,27.7,0.0,0.0,83,21.5,1010.0,63,16.6,157,15.34,32883.6
2010-02-09,26.1,32.7,22.7,29.3,0.0,0.0,78,21.6,1007.7,34,17.4,168,19.04,38208.37
2010-02-10,26.7,33.4,21.8,29.3,0.0,0.0,73,20.8,1006.7,9,16.2,174,20.04,38883.7
2010-02-11,26.8,34.2,21.2,30.1,0.0,0.0,72,20.4,1008.8,4,11.5,166,20.43,38916.76
2010-02-12,16.1,22.3,13.4,14.1,0.6,5.0,64,9.3,1018.3,88,23.0,41,4.62,0.0
2010-02-13,15.0,17.9,12.6,13.9,0.6,4.0,72,9.9,1017.1,99,11.0,84,6.16,151.66
2010-02-14,16.1,17.5,13.8,15.9,1.0,6.0,83,13.1,1013.9,100,11.6,31,4.29,0.0
2010-02-15,12.8,14.2,11.4,11.3,1.7,11.0,79,9.2,1018.4,99,10.9,33,4.56,562.16
2010-02-16,11.9,13.5,10.0,9.8,0.9,5.0,68,6.1,1021.8,97,11.0,34,5.58,3687.63
2010-02-17,12.0,13.2,10.4,9.3,0.0,0.0,59,4.2,1023.4,92,12.9,24,5.39,4422.7
2010-02-18,12.5,13.5,11.8,9.7,0.0,0.0,52,3.0,1024.1,98,12.8,26,5.44,2261.01
2010-02-19,12.5,15.3,10.8,10.1,4.8,6.0,56,3.8,1023.6,99,10.2,319,10.46,26385.45
2010-02-20,15.0,19.6,9.9,14.1,0.0,0.0,70,9.3,1018.3,98,8.4,123,14.81,36000.0
2010-02-21,16.9,20.3,13.9,17.6,0.0,0.0,82,13.7,1015.0,97,7.6,75,6.76,1990.23
2010-02-22,19.0,23.3,16.3,19.8,0.0,0.0,79,15.1,1014.5,82,8.7,328,10.5,18878.82
2010-02-23,19.6,24.3,15.7,21.4,0.3,2.0,89,17.6,1011.3,79,13.7,130,7.57,9989.56
2010-02-24,23.9,30.8,18.8,27.1,0.0,0.0,82,20.3,1005.1,42,11.4,152,18.54,34528.78
2010-02-25,25.2,33.9,18.0,27.4,0.0,0.0,68,17.9,1004.4,33,9.7,210,20.84,39741.04
2010-02-26,26.0,34.6,18.9,28.0,0.0,0.0,62,17.1,1004.8,0,10.0,204,22.45,40743.15
2010-02-27,24.8,32.8,17.8,27.8,0.0,0.0,75,19.6,1006.4,0,13.6,110,22.17,40742.22
2010-02-28,25.0,31.3,21.0,28.5,0.0,0.0,83,21.6,1008.4,34,16.4,135,18.24,39741.74
2010-03-01,26.1,32.4,22.4,30.3,0.0,0.0,82,22.4,1008.6,41,13.5,136,18.2,32401.28
2010-03-02,26.9,34.9,21.9,30.8,0.0,0.0,77,21.8,1005.7,33,16.3,140,19.97,36769.66
2010-03-03,27.5,35.1,21.2,30.9,0.0,0.0,69,20.8,1004.2,2,15.8,152,21.95,41480.94
2010-03-04,26.7,33.7,20.8,30.3,0.0,0.0,74,21.2,1004.4,6,16.6,136,22.1,41726.13
2010-03-05,27.0,34.6,20.9,30.2,0.0,0.0,70,20.5,1003.7,20,16.5,135,22.18,40976.39
2010-03-06,27.3,34.4,21.9,30.2,0.0,0.0,65,19.7,1005.9,1,16.1,81,22.59,41966.37
2010-03-07,19.8,22.1,17.4,19.3,0.0,0.0,63,12.5,1013.5,90,14.7,58,7.15,178.29
2010-03-08,18.5,20.6,13.8,18.9,3.4,17.0,81,15.2,1015.4,100,17.3,49,4.82,0.0
2010-03-09,13.8,15.5,11.9,10.7,2.5,8.0,54,4.0,1026.7,98,15.7,41,4.19,0.0
2010-03-10,14.8,16.9,12.9,11.8,0.0,0.0,39,1.1,1027.9,97,13.6,34,12.81,28983.55
2010-03-11,17.3,21.8,12.4,16.3,0.0,0.0,55,7.9,1022.4,46,12.4,146,22.64,41394.36
2010-03-12,19.0,24.1,13.2,19.7,0.0,0.0,77,14.8,1016.3,70,14.5,131,15.9,38789.89
2010-03-13,22.5,27.4,19.4,25.6,0.5,4.0,86,20.0,1011.0,77,9.9,106,9.37,16759.26
2010-03-14,25.2,32.0,20.3,29.2,0.0,0.0,82,21.5,1007.6,47,13.6,117,19.09,36000.0
2010-03-15,24.9,29.4,20.3,28.7,0.0,0.0,83,21.6,1011.1,90,11.6,80,11.1,14700.34
2010-03-16,18.3,23.1,16.1,18.0,10.0,16.0,76,13.9,1020.0,99,22.2,15,3.7,1066.05
2010-03-17,20.9,24.7,17.8,22.2,0.0,0.0,70,15.2,1020.9,100,6.8,76,12.09,11595.82
2010-03-18,21.8,25.2,19.2,24.0,0.0,0.0,79,18.0,1020.2,89,9.4,126,9.89,11288.46
2010-03-19,22.2,28.7,17.9,23.9,0.0,0.0,80,18.2,1013.8,83,17.1,151,16.05,32033.32
2010-03-20,23.5,28.4,19.5,26.3,0.0,0.0,81,19.9,1010.6,89,12.7,142,14.04,26031.62
2010-03-21,22.6,25.7,21.1,25.7,1.4,5.0,89,20.6,1011.5,91,11.8,126,4.88,378.63
2010-03-22,24.5,28.6,20.9,26.9,0.1,1.0,84,21.5,1007.5,76,23.4,154,11.86,22525.0
2010-03-23,25.9,31.2,22.9,29.4,0.0,0.0,83,22.6,1005.1,69,17.6,145,14.36,26005.48
2010-03-24,25.9,33.0,16.8,29.2,6.1,4.0,80,21.8,1006.0,69,28.8,99,17.65,30975.01
2010-03-25,18.3,22.2,15.3,15.6,2.4,3.0,52,7.8,1019.5,65,21.8,21,12.98,30331.8
2010-03-26,18.3,22.6,14.9,16.7,0.0,0.0,48,6.9,1020.4,24,15.5,90,24.88,43200.0
2010-03-27,17.8,22.0,12.5,17.6,0.0,0.0,68,11.7,1020.2,55,7.4,70,11.75,32777.38
2010-03-28,20.6,24.8,16.3,21.7,0.0,0.0,70,14.7,1018.8,68,9.2,133,14.03,27610.74
2010-03-29,21.7,26.5,18.0,22.9,0.0,0.0,73,16.4,1015.6,59,14.9,147,15.56,27143.46
2010-03-30,23.1,26.5,20.5,24.6,0.2,2.0,81,19.5,1013.2,73,21.9,154,11.47,18635.85
2010-03-31,24.0,28.1,20.8,26.3,0.6,4.0,84,20.9,1011.2,71,20.4,153,11.18,14870.24
2010-04-01,25.8,31.2,22.2,29.5,0.0,0.0,82,22.1,1009.3,75,15.1,142,17.92,38711.26
2010-04-02,21.2,23.6,19.4,23.5,18.4,21.0,90,19.4,1012.7,100,16.6,43,3.54,0.0
2010-04-03,20.5,22.3,18.9,22.6,1.4,7.0,84,17.7,1014.2,99,7.6,47,4.59,690.47
2010-04-04,23.4,26.7,20.6,27.1,0.4,2.0,88,21.2,1010.8,89,10.2,123,9.21,6336.74
2010-04-05,25.6,29.5,23.0,30.3,0.3,2.0,89,23.5,1007.2,79,13.9,116,11.04,17199.05
2010-04-06,26.3,30.3,23.3,31.2,0.4,3.0,86,23.8,1008.2,80,11.6,93,11.47,17819.71
2010-04-07,22.6,24.7,21.1,25.2,5.1,17.0,84,19.8,1013.8,99,11.9,32,3.59,0.0
2010-04-08,20.8,24.1,18.4,22.1,2.5,11.0,79,16.8,1014.6,70,15.6,59,11.6,21600.0
2010-04-09,22.6,25.8,19.2,24.7,0.0,0.0,82,19.3,1009.0,75,14.9,141,9.8,1849.63
2010-04-10,25.8,30.6,22.1,30.5,0.0,0.0,85,23.0,1004.0,85,12.2,123,14.28,25995.14
2010-04-11,27.6,33.3,22.8,33.0,0.0,0.0,82,24.0,1002.2,55,13.6,129,21.92,38414.5
2010-04-12,28.2,34.4,22.6,33.4,0.0,0.0,78,23.7,1001.7,35,16.1,110,25.11,43200.0
2010-04-13,26.7,31.0,23.6,30.8,2.2,11.0,83,23.4,1007.2,76,16.4,97,13.47,22944.94
2010-04-14,25.0,28.1,22.7,28.7,3.0,8.0,84,22.1,1011.2,99,14.9,102,6.16,0.0
2010-04-15,16.9,21.8,15.7,16.2,7.7,14.0,78,13.0,1017.1,100,20.9,21,4.47,1892.76
2010-04-16,16.5,17.3,15.2,16.4,0.7,6.0,77,12.4,1018.6,99,8.0,21,4.73,0.0
2010-04-17,17.9,20.0,16.2,19.4,11.1,13.0,88,16.0,1015.9,96,7.6,39,5.04,0.0
2010-04-18,22.1,26.3,18.2,25.0,0.0,0.0,87,19.6,1012.0,69,9.7,120,11.19,16117.97
2010-04-19,25.1,30.1,21.3,28.8,0.1,1.0,86,22.4,1006.9,65,15.0,154,13.22,18750.48
2010-04-20,27.7,33.2,23.4,32.6,0.0,0.0,81,23.9,1003.5,43,15.0,150,21.14,37153.6
2010-04-21,28.8,34.4,23.9,34.5,0.0,0.0,77,24.2,1002.9,17,14.2,140,24.25,43200.0
2010-04-22,25.4,28.1,22.4,27.6,0.2,1.0,74,20.2,1009.1,70,19.4,35,9.8,16109.7
2010-04-23,21.3,24.4,19.3,21.1,0.2,1.0,60,13.0,1017.7,77,12.1,24,12.36,22174.98
2010-04-24,21.9,25.8,18.8,23.5,0.0,0.0,74,16.9,1015.5,75,12.7,129,14.78,20198.63
2010-04-25,23.9,27.8,19.9,26.6,0.0,0.0,82,20.5,1012.4,51,16.6,148,13.9,29702.19
2010-04-26,23.3,25.3,21.6,25.6,7.7,5.0,78,19.2,1015.2,91,24.9,48,10.18,13954.61
2010-04-27,23.0,26.1,20.8,24.6,0.0,0.0,67,16.4,1015.3,63,10.8,91,17.23,31242.37
2010-04-28,23.3,26.9,19.4,26.3,0.8,3.0,82,19.9,1012.4,73,8.9,124,13.54,20847.98
2010-04-29,25.1,29.5,22.0,29.3,0.0,0.0,82,21.7,1011.7,55,13.1,121,17.22,32311.7
2010-04-30,25.0,28.2,23.1,28.6,1.0,4.0,85,22.2,1013.5,92,13.6,125,11.12,19178.92
2010-05-01,25.1,29.3,23.1,28.6,5.8,10.0,84,22.2,1012.7,87,15.9,129,14.72,27438.31
2010-05-02,24.0,26.2,22.6,28.0,8.1,16.0,90,22.2,1011.6,97,8.6,103,5.45,4105.3
2010-05-03,25.6,29.9,22.4,29.1,0.6,3.0,86,22.9,1007.9,87,23.2,151,15.99,31741.55
2010-05-04,27.9,31.8,24.9,31.6,0.0,0.0,81,24.1,1002.9,81,21.4,162,17.18,31856.43
2010-05-05,29.7,35.4,24.9,35.9,0.0,0.0,79,25.4,1000.1,58,15.9,125,23.64,43507.46
2010-05-06,30.7,36.3,25.4,37.4,0.0,0.0,76,25.9,1000.7,22,14.0,122,24.64,43492.89
2010-05-07,29.5,32.9,27.0,35.0,0.0,0.0,77,24.9,1003.0,85,16.5,64,16.38,39106.67
2010-05-08,30.1,35.1,26.1,36.0,0.0,0.0,79,25.9,1001.4,91,14.8,139,19.93,42598.89
2010-05-09,30.8,36.4,25.9,37.7,40.7,5.0,78,26.3,1000.4,62,14.8,125,24.21,42448.45
2010-05-10,24.6,26.0,23.0,28.4,41.3,16.0,88,22.4,1005.8,100,18.7,45,6.36,3468.43
2010-05-11,25.4,27.6,23.7,29.4,0.3,2.0,81,21.9,1009.1,99,9.2,107,7.48,2654.39
2010-05-12,26.9,31.2,24.1,31.3,0.8,2.0,83,23.7,1007.5,77,15.9,153,17.22,34598.94
2010-05-13,28.5,32.5,25.6,33.4,0.0,0.0,82,25.1,1004.7,64,17.1,158,19.34,37222.08
2010-05-14,29.5,34.1,25.7,36.0,19.7,4.0,82,25.9,1003.7,74,13.9,126,18.4,35259.03
2010-05-15,27.0,29.5,25.0,32.6,26.5,11.0,90,25.2,1005.2,96,14.5,132,7.28,753.5
2010-05-16,29.1,32.9,26.3,34.9,0.3,3.0,84,26.0,1005.0,71,17.4,148,18.9,33580.52
2010-05-17,29.7,34.1,26.8,35.3,0.0,0.0,81,25.9,1005.4,52,16.9,161,20.52,38762.87
2010-05-18,30.2,34.7,27.2,36.1,0.0,0.0,80,26.1,1005.0,65,16.4,159,20.22,36663.34
2010-05-19,31.2,36.1,27.0,37.3,0.0,0.0,74,25.6,1002.4,10,12.5,164,26.24,44393.58
2010-05-20,31.6,36.3,27.2,38.1,0.7,2.0,71,25.4,1002.3,60,13.4,157,25.96,44387.1
2010-05-21,32.1,36.7,28.2,38.4,0.0,0.0,70,25.7,1002.0,89,11.5,184,25.22,44643.77
2010-05-22,32.0,36.5,27.8,37.4,5.3,2.0,66,24.5,999.6,97,15.8,200,24.83,43586.39
2010-05-23,26.8,29.4,24.7,31.9,55.3,16.0,84,23.8,1003.8,92,13.0,13,8.16,15837.12
2010-05-24,26.4,28.5,24.9,31.3,2.8,11.0,84,23.5,1005.4,90,9.4,161,11.35,32829.74
2010-05-25,26.7,29.6,23.7,31.4,1.5,6.0,83,23.5,1004.6,99,12.4,123,14.06,28492.22
2010-05-26,27.5,30.9,25.6,33.7,33.6,16.0,92,26.0,1002.9,100,11.1,123,12.45,13710.67
2010-05-27,28.2,30.9,26.0,34.7,13.5,20.0,88,25.9,1002.9,100,8.5,128,11.91,11418.07
2010-05-28,27.7,32.2,25.5,34.2,42.8,18.0,89,25.7,1004.4,100,8.0,3,13.82,16634.61
2010-05-29,26.8,30.0,24.9,32.3,27.8,17.0,87,24.4,1005.7,96,8.9,32,12.16,17232.85
2010-05-30,27.1,30.9,24.9,33.2,7.6,13.0,88,24.9,1005.2,92,8.8,102,13.69,23315.06
2010-05-31,29.7,33.9,26.5,36.4,0.9,2.0,82,26.1,1003.0,96,11.4,151,17.06,34776.47
2010-06-01,30.4,35.1,26.2,36.8,34.4,5.0,78,25.9,1000.9,100,17.1,134,21.33,39918.77
2010-06-02,25.8,28.7,24.1,29.2,34.7,12.0,80,21.8,1007.1,88,16.8,21,10.91,20294.74
2010-06-03,26.1,29.6,23.6,29.4,0.0,0.0,70,20.0,1010.8,86,10.8,358,20.87,32129.22
2010-06-04,26.7,30.4,23.1,30.6,0.0,0.0,73,21.0,1009.9,80,9.0,57,23.19,44212.01
2010-06-05,26.4,29.7,23.7,30.4,2.6,6.0,77,22.0,1007.5,95,10.2,135,13.77,27924.99
2010-06-06,27.4,30.5,24.8,32.2,1.5,6.0,82,24.0,1006.2,97,13.2,143,17.5,37465.58
2010-06-07,28.2,32.4,25.2,33.8,6.6,5.0,85,25.4,1004.5,98,12.8,151,18.8,31905.01
2010-06-08,30.2,34.7,26.2,36.4,0.0,0.0,78,25.8,1002.1,66,12.0,169,21.68,44177.17
2010-06-09,30.3,34.2,26.9,36.9,0.5,1.0,78,25.8,1002.1,94,10.0,77,20.79,41717.79
2010-06-10,28.5,33.0,26.0,34.5,30.0,15.0,85,25.5,1004.3,97,14.0,10,15.01,24093.68
2010-06-11,27.1,31.4,24.8,32.8,27.1,15.0,88,24.8,1006.0,97,9.7,46,11.49,18111.01
2010-06-12,27.9,32.3,24.7,33.8,10.3,7.0,86,25.1,1005.8,91,9.9,90,13.09,19674.24
2010-06-13,30.8,35.2,26.6,37.9,0.0,0.0,79,26.5,1003.4,93,10.9,176,20.88,38908.1
2010-06-14,31.9,35.8,28.3,38.0,0.0,0.0,71,25.6,1001.9,99,13.4,192,21.75,41407.84
2010-06-15,30.3,33.8,27.1,37.6,0.0,0.0,82,26.7,1002.0,100,8.5,56,16.35,23901.75
2010-06-16,31.9,36.6,28.2,38.8,0.0,0.0,73,26.1,1001.7,94,11.4,199,23.96,43200.0
2010-06-17,32.2,36.5,28.3,38.2,0.0,0.0,68,25.3,1002.0,100,12.2,191,25.24,43201.64
2010-06-18,32.3,36.5,28.7,38.3,0.0,0.0,68,25.4,1002.2,99,14.4,181,23.4,42805.99
2010-06-19,32.6,37.2,28.6,38.3,0.0,0.0,66,25.3,1001.8,98,16.3,175,25.25,43465.7
2010-06-20,31.1,35.6,25.6,37.4,17.6,4.0,76,26.2,1002.7,100,18.1,68,18.86,31815.72
2010-06-21,26.1,27.7,25.1,31.6,227.3,17.0,92,24.6,1005.7,100,10.4,6,3.88,0.0
2010-06-22,27.2,30.0,25.3,33.1,6.0,12.0,89,25.1,1005.8,98,10.7,114,14.63,32314.42
2010-06-23,28.6,32.4,25.9,34.5,0.7,3.0,83,25.4,1004.0,98,15.1,150,16.5,24758.91
2010-06-24,30.9,35.0,27.2,36.5,0.0,0.0,70,24.8,999.9,99,13.0,195,23.88,43200.0
2010-06-25,30.2,33.0,28.1,36.4,1.1,4.0,76,25.5,999.5,96,10.8,52,17.82,26718.36
2010-06-26,28.4,31.8,25.5,34.6,8.6,13.0,86,25.8,1001.2,92,9.7,76,10.21,7723.71
2010-06-27,31.1,35.4,27.3,38.1,0.0,0.0,79,26.7,1000.0,99,13.6,134,19.2,42329.84
2010-06-28,31.3,35.0,28.3,37.7,1.8,3.0,74,25.9,999.1,100,10.4,150,17.42,31256.95
2010-06-29,30.0,34.2,28.0,37.1,16.8,12.0,82,26.6,1001.9,100,9.0,131,15.78,21503.13
2010-06-30,29.1,32.6,27.5,35.8,7.7,10.0,84,26.0,1004.5,100,8.7,138,13.48,12189.39
2010-07-01,29.4,33.2,26.8,36.1,4.0,9.0,84,26.2,1005.1,81,11.7,145,19.87,36453.79
2010-07-02,29.9,33.5,27.1,36.2,0.8,3.0,80,25.9,1004.5,45,12.2,149,22.7,44159.78
2010-07-03,30.5,33.8,27.4,37.1,0.7,4.0,76,25.7,1004.9,27,11.8,161,24.61,45777.34
2010-07-04,31.5,35.5,27.6,36.9,0.0,0.0,67,24.5,1004.8,42,16.1,183,25.95,45246.78
2010-07-05,32.0,36.4,27.8,36.9,0.0,0.0,63,23.8,1003.1,37,15.2,199,27.49,45521.67
2010-07-06,32.5,37.1,28.4,38.5,0.3,1.0,64,24.5,1002.2,82,13.3,208,26.98,44456.92
2010-07-07,32.3,36.8,27.9,38.4,0.0,0.0,67,25.1,1002.6,94,12.8,191,26.57,45000.62
2010-07-08,32.3,36.6,28.6,38.1,1.1,2.0,65,24.6,1002.3,90,12.1,179,24.52,44207.23
2010-07-09,32.0,36.3,28.8,37.7,0.3,1.0,67,25.0,1002.0,89,14.1,167,24.23,44020.45
2010-07-10,32.1,36.0,29.2,37.5,0.1,1.0,66,24.8,1002.5,98,14.8,163,25.05,42328.12
2010-07-11,31.8,35.8,28.6,37.5,0.3,2.0,66,24.6,1003.3,100,12.2,160,23.0,42151.11
2010-07-12,31.9,36.0,28.7,37.9,0.2,1.0,68,24.9,1002.6,92,10.5,161,23.98,43248.78
2010-07-13,30.2,33.7,27.1,37.0,12.8,14.0,80,26.2,1003.9,84,11.5,137,20.25,42318.25
2010-07-14,28.5,33.0,26.0,34.6,5.5,9.0,82,25.1,1005.8,97,8.4,116,16.91,37861.98
2010-07-15,29.2,33.8,25.9,35.8,2.0,6.0,81,25.4,1004.9,88,7.1,102,21.74,43411.15
2010-07-16,29.2,34.0,26.0,35.9,0.1,1.0,81,25.5,1003.2,83,9.0,113,22.41,43200.0
2010-07-17,27.7,30.8,25.9,30.9,23.6,14.0,80,23.8,1000.2,84,28.2,345,11.79,23602.85
2010-07-18,27.6,30.4,25.1,31.6,57.6,14.0,84,24.5,1002.0,98,24.7,173,8.22,3373.42
2010-07-19,29.3,33.0,26.4,34.4,0.3,2.0,75,24.5,1004.8,99,15.0,160,21.47,36115.12
2010-07-20,29.7,33.1,27.3,36.3,2.1,4.0,81,25.9,1004.9,99,13.0,148,17.81,30099.16
2010-07-21,28.6,32.1,26.6,35.5,11.8,11.0,87,26.1,1003.6,100,14.8,122,14.18,24251.49
2010-07-22,26.3,28.1,25.2,32.1,17.3,16.0,93,25.0,1002.2,95,9.6,33,6.93,7504.74
2010-07-23,27.7,31.5,25.4,33.2,1.0,5.0,85,24.8,1000.5,99,13.7,172,15.69,36949.68
2010-07-24,27.2,30.5,25.4,32.8,14.6,18.0,89,25.2,1002.2,100,13.4,140,11.31,10047.03
2010-07-25,26.8,29.3,24.8,32.4,31.4,20.0,90,24.9,1004.5,100,13.4,109,10.08,2125.72
2010-07-26,27.3,31.8,25.0,33.6,6.8,11.0,88,25.0,1006.3,87,6.6,280,15.24,27336.41
2010-07-27,27.3,29.9,25.3,33.5,9.0,8.0,89,25.2,1005.5,98,10.0,137,14.84,30827.81
2010-07-28,27.8,32.0,24.7,33.7,7.4,8.0,86,25.0,1004.7,99,11.5,148,18.22,29905.96
2010-07-29,28.9,32.3,26.8,35.5,6.8,4.0,84,25.9,1003.3,100,8.8,165,14.86,22897.76
2010-07-30,30.0,33.2,27.2,36.7,0.1,1.0,80,26.1,1002.6,99,11.4,179,16.84,33680.71
2010-07-31,30.6,33.9,27.3,37.0,0.0,0.0,76,25.9,1002.2,96,14.5,169,19.23,41072.25
2010-08-01,28.8,32.3,26.6,35.1,43.3,17.0,86,26.1,1005.5,100,11.5,134,13.84,22111.34
2010-08-02,27.0,31.0,25.2,32.9,4.6,14.0,88,24.9,1007.3,98,8.8,102,13.44,20341.73
2010-08-03,26.8,30.0,25.0,32.5,8.0,12.0,87,24.5,1005.5,92,10.8,108,14.34,27609.92
2010-08-04,27.1,30.3,24.6,33.2,5.5,8.0,89,25.0,1003.9,88,9.9,120,14.29,29439.18
2010-08-05,27.0,31.3,24.6,33.1,13.8,13.0,88,24.8,1005.2,74,7.9,356,17.96,31408.49
2010-08-06,28.5,32.6,24.6,34.9,0.3,2.0,83,25.2,1005.6,57,9.9,316,24.29,42930.17
2010-08-07,28.1,31.8,26.0,35.0,19.1,13.0,88,25.8,1003.5,94,9.4,330,17.85,37272.41
2010-08-08,27.7,31.7,25.4,34.2,4.3,8.0,88,25.4,1002.6,84,6.0,315,16.54,27983.61
2010-08-09,27.4,30.7,26.0,34.1,8.6,12.0,91,25.8,1002.1,98,8.9,133,13.15,19252.06
2010-08-10,27.0,29.9,25.0,33.2,6.9,14.0,90,25.1,1003.4,99,6.9,103,12.01,19660.29
2010-08-11,27.3,30.5,25.2,33.3,9.9,17.0,90,25.3,1005.1,99,7.4,109,12.65,18150.67
2010-08-12,27.6,30.8,25.6,33.7,3.7,9.0,88,25.4,1006.4,92,10.2,125,15.2,35787.13
2010-08-13,28.3,32.6,25.5,34.9,0.9,3.0,86,25.7,1005.4,73,11.5,137,20.73,43200.0
2010-08-14,28.8,32.4,25.8,35.3,3.3,10.0,85,26.0,1005.1,40,10.7,141,20.26,43200.0
2010-08-15,27.8,31.6,25.6,34.1,11.7,12.0,87,25.5,1007.2,91,9.7,128,16.6,32979.4
2010-08-16,28.1,31.4,25.9,34.4,13.7,12.0,87,25.6,1005.7,98,8.4,139,16.6,31568.9
2010-08-17,26.6,29.5,24.6,32.4,31.9,22.0,92,25.2,1005.5,97,10.6,119,9.64,8175.02
2010-08-18,27.6,31.1,25.3,32.7,2.5,5.0,83,24.4,1007.8,86,14.5,137,18.21,36690.67
2010-08-19,27.8,31.5,24.7,34.1,4.4,7.0,87,25.3,1010.2,83,10.6,132,19.84,42045.57
2010-08-20,27.6,30.5,25.2,33.8,0.8,5.0,87,25.1,1009.9,96,8.8,107,17.65,41576.94
2010-08-21,26.4,29.0,24.8,32.3,9.2,18.0,90,24.5,1008.4,95,10.9,80,10.7,12230.52
2010-08-22,27.0,30.7,24.8,32.8,6.6,13.0,87,24.5,1007.5,90,6.9,10,14.37,34357.07
2010-08-23,27.4,31.9,25.1,33.3,24.7,13.0,88,25.2,1005.6,67,11.5,327,17.72,33194.32
2010-08-24,26.0,28.6,24.8,30.0,32.2,21.0,90,24.2,1004.2,92,19.4,14,8.64,16517.95
2010-08-25,26.3,28.7,24.4,30.8,34.2,23.0,92,24.8,1004.2,97,21.1,82,7.78,6378.76
2010-08-26,27.1,30.2,24.5,32.9,15.6,9.0,87,24.6,1004.7,97,6.8,127,12.07,26518.68
2010-08-27,25.2,26.0,24.7,30.6,90.2,24.0,95,24.4,1004.8,100,19.3,32,2.34,427.19
2010-08-28,23.6,24.6,23.0,26.8,41.3,22.0,91,22.0,1007.1,100,19.9,12,2.54,0.0
2010-08-29,23.8,25.5,22.6,27.7,14.9,17.0,91,22.1,1007.7,90,10.0,327,5.19,4086.76
2010-08-30,26.3,30.9,23.5,31.9,5.7,14.0,88,24.0,1005.7,63,7.9,21,15.17,38473.28
2010-08-31,27.7,32.4,24.0,34.2,0.3,2.0,86,25.0,1004.0,43,6.3,356,21.77,42608.9
2010-09-01,28.9,33.3,24.9,35.1,0.4,1.0,81,24.9,1004.9,18,8.9,336,23.08,43200.0
2010-09-02,28.5,32.8,24.2,33.8,0.0,0.0,77,23.5,1006.0,22,10.9,351,23.09,43200.0
2010-09-03,28.8,32.8,25.1,33.9,0.0,0.0,75,23.6,1004.8,48,10.8,315,22.14,43200.0
2010-09-04,29.0,33.6,25.5,35.1,0.0,0.0,78,24.5,1003.4,80,8.1,235,20.83,40008.06
2010-09-05,28.5,32.2,25.5,34.8,0.5,2.0,83,25.3,1004.4,93,12.1,127,18.24,41413.0
2010-09-06,27.8,31.2,25.2,33.9,7.6,13.0,89,25.7,1004.7,79,9.9,139,13.56,35372.01
2010-09-07,29.0,32.4,26.6,36.1,2.0,7.0,86,26.3,1004.3,59,8.0,144,18.47,41092.8
2010-09-08,28.2,32.1,26.4,35.0,11.4,12.0,89,26.1,1005.2,99,9.8,114,11.13,8785.57
2010-09-09,27.4,31.5,24.7,33.4,9.2,12.0,89,25.3,1005.0,99,9.9,309,9.12,4875.6
2010-09-10,27.4,31.7,25.2,33.8,7.0,13.0,91,25.7,1004.1,98,13.5,51,13.24,18732.78
2010-09-11,26.4,30.3,24.6,32.4,24.0,22.0,91,24.7,1006.8,99,8.3,6,11.81,12565.84
2010-09-12,26.2,29.4,24.6,32.0,13.4,22.0,90,24.4,1007.9,99,6.6,32,11.58,18773.29
2010-09-13,24.7,25.7,24.0,30.0,18.8,23.0,95,23.9,1006.4,100,6.4,58,4.49,0.0
2010-09-14,24.8,26.1,24.0,29.6,49.6,23.0,95,23.9,1007.6,100,15.7,133,4.61,0.0
2010-09-15,24.9,27.6,23.6,30.1,17.2,20.0,93,23.6,1010.4,69,8.4,128,7.25,12038.21
2010-09-16,26.5,30.9,23.1,31.9,0.2,2.0,86,23.8,1009.5,58,9.2,136,18.66,38249.74
2010-09-17,27.3,31.6,23.5,32.7,0.0,0.0,83,23.8,1008.3,20,12.2,145,21.43,42856.43
2010-09-18,27.4,31.7,23.0,32.8,0.0,0.0,82,23.9,1007.9,25,12.6,156,21.66,41699.42
2010-09-19,28.2,32.4,24.1,34.3,0.0,0.0,81,24.4,1006.4,22,10.7,153,22.74,42742.02
2010-09-20,29.0,33.4,24.8,35.6,0.0,0.0,82,25.3,1003.2,50,6.9,96,21.76,42685.33
2010-09-21,30.2,34.7,25.5,37.6,0.0,0.0,81,26.4,1002.7,74,7.7,98,22.54,42629.08
2010-09-22,28.3,31.4,25.6,34.4,4.2,8.0,85,25.5,1005.9,99,10.9,342,14.06,18585.51
2010-09-23,23.7,25.4,21.8,26.5,1.5,6.0,82,20.4,1010.2,97,13.2,23,7.3,10508.56
2010-09-24,25.1,28.7,21.5,28.9,0.0,0.0,77,20.8,1010.4,87,6.6,31,16.23,29053.36
2010-09-25,26.7,30.6,24.1,32.1,11.6,20.0,88,24.4,1009.6,69,13.5,133,15.36,37222.55
2010-09-26,25.7,28.8,24.0,31.1,16.5,19.0,91,24.2,1011.1,99,8.7,125,7.9,5654.39
2010-09-27,26.2,29.3,24.2,31.6,10.1,11.0,89,24.2,1011.2,95,9.6,103,11.65,25732.78
2010-09-28,26.0,28.6,24.1,31.4,4.2,12.0,90,24.2,1011.5,93,10.6,95,11.43,27708.83
2010-09-29,26.6,31.7,24.3,32.3,4.6,11.0,87,24.2,1011.9,76,9.0,60,13.3,31321.94
2010-09-30,26.1,29.9,24.1,31.3,5.4,7.0,88,23.8,1012.0,79,11.3,10,12.52,32963.92
2010-10-01,25.8,29.1,23.8,31.0,2.2,7.0,89,23.7,1011.2,82,9.5,299,11.92,27651.75
2010-10-02,26.4,30.3,23.7,31.0,2.4,12.0,84,23.3,1011.2,92,13.2,350,16.13,37518.12
2010-10-03,26.0,29.2,23.7,27.1,0.1,1.0,64,18.5,1013.0,93,19.0,10,16.57,36551.33
2010-10-04,24.5,25.5,22.8,24.4,0.9,3.0,57,15.2,1012.7,100,15.9,355,2.98,0.0
2010-10-05,24.1,26.9,22.3,24.4,1.4,4.0,58,15.4,1012.1,100,18.4,350,10.24,19188.06
2010-10-06,23.3,28.3,19.1,24.8,19.5,10.0,72,17.7,1011.3,91,13.3,350,9.99,23588.32
2010-10-07,26.0,30.3,22.8,28.5,0.3,1.0,68,19.5,1010.6,86,14.5,357,19.35,36035.2
2010-10-08,25.6,29.6,23.1,28.6,0.0,0.0,72,19.9,1010.1,95,12.4,3,15.41,31790.51
2010-10-09,26.0,30.0,22.8,29.7,0.0,0.0,75,21.1,1006.9,98,11.4,102,15.24,35501.75
2010-10-10,27.2,30.6,24.0,31.8,0.0,0.0,82,23.7,1004.9,93,13.1,152,12.65,28484.44
2010-10-11,27.0,30.3,24.8,32.7,11.6,13.0,88,24.9,1008.2,77,9.9,136,11.1,22646.9
2010-10-12,26.7,30.8,24.4,32.5,5.8,10.0,88,24.4,1010.7,88,10.4,112,13.05,26983.36
2010-10-13,26.3,29.7,24.5,31.9,2.1,6.0,89,24.2,1010.1,77,9.6,85,10.03,23047.89
2010-10-14,26.4,30.3,24.1,31.7,7.7,13.0,86,23.8,1009.6,52,8.7,24,13.59,30807.07
2010-10-15,24.2,26.9,22.1,26.0,13.9,15.0,75,19.5,1012.2,89,16.4,12,8.19,16241.14
2010-10-16,22.2,24.0,20.7,23.8,30.9,21.0,81,18.6,1012.0,98,14.9,349,3.3,3150.54
2010-10-17,22.1,22.7,21.6,24.7,53.3,24.0,91,20.5,1012.6,100,12.4,336,2.14,0.0
2010-10-18,22.6,24.2,21.9,25.8,28.2,24.0,92,21.3,1013.0,100,11.5,315,2.91,0.0
2010-10-19,24.6,28.6,21.4,27.1,1.4,2.0,75,19.5,1012.8,54,14.8,347,14.92,30091.07
2010-10-20,23.9,29.1,19.9,25.4,0.0,0.0,68,17.0,1011.3,14,16.3,346,21.04,39600.49
2010-10-21,23.3,28.4,18.8,24.8,0.0,0.0,69,16.9,1009.2,5,13.8,3,20.92,39623.92
2010-10-22,23.0,27.7,19.0,24.9,0.0,0.0,72,17.3,1008.8,1,10.5,351,21.06,39647.02
2010-10-23,22.8,28.0,17.7,25.4,0.0,0.0,77,18.2,1008.2,4,7.0,25,20.48,39600.0
2010-10-24,24.7,28.5,20.5,28.3,0.0,0.0,80,20.8,1008.2,55,8.4,114,12.78,28275.25
2010-10-25,25.3,28.9,22.7,28.9,0.0,0.0,77,20.8,1011.1,91,6.9,71,8.07,11158.81
2010-10-26,24.1,25.9,22.3,24.9,0.0,0.0,64,16.9,1015.8,84,13.6,24,10.21,26369.89
2010-10-27,19.5,21.8,17.9,17.7,0.0,0.0,56,10.5,1020.3,100,15.5,24,6.06,1434.5
2010-10-28,18.5,20.9,17.1,16.9,0.0,0.0,54,9.0,1020.9,79,13.8,20,9.86,18000.0
2010-10-29,18.5,21.9,16.1,16.6,0.0,0.0,51,8.1,1022.8,40,15.9,24,17.01,37830.41
2010-10-30,18.1,23.2,14.6,16.4,0.0,0.0,52,7.9,1023.6,0,18.2,13,20.42,39503.76
2010-10-31,18.2,24.2,11.9,17.4,0.0,0.0,61,10.0,1020.8,0,11.2,338,20.63,39474.97
2010-11-01,18.3,24.6,11.6,18.3,0.0,0.0,69,11.7,1017.9,0,8.4,331,20.51,39445.65
2010-11-02,19.3,26.1,13.6,19.0,0.0,0.0,66,12.0,1018.7,22,11.9,345,19.41,39415.78
2010-11-03,19.3,25.2,14.3,18.3,0.0,0.0,59,10.6,1020.5,16,15.8,8,20.16,39385.29
2010-11-04,19.3,25.0,14.4,18.6,0.0,0.0,61,11.2,1019.9,3,14.3,352,19.82,39354.12
2010-11-05,20.3,25.0,16.3,20.3,0.0,0.0,65,13.1,1018.0,50,9.8,332,14.41,39322.3
2010-11-06,20.7,26.5,16.3,21.2,0.0,0.0,67,13.7,1016.2,26,9.2,4,19.36,39289.86
2010-11-07,20.6,26.8,14.2,21.7,0.0,0.0,73,15.0,1016.3,69,8.3,323,19.2,39256.85
2010-11-08,21.0,27.9,15.0,21.8,0.0,0.0,69,14.2,1017.9,40,11.5,347,19.39,39223.31
2010-11-09,21.2,27.1,15.8,21.3,0.0,0.0,61,12.7,1020.1,86,13.0,344,18.86,39189.25
2010-11-10,21.1,26.5,16.3,21.9,0.0,0.0,68,14.3,1018.0,80,8.7,81,16.79,36310.74
2010-11-11,20.4,25.7,15.3,20.9,0.0,0.0,69,13.8,1016.5,52,8.0,85,15.9,39119.78
2010-11-12,21.2,27.3,16.7,21.6,0.0,0.0,65,13.7,1013.7,15,9.4,12,17.78,39084.43
2010-11-13,20.8,26.5,14.8,21.6,0.0,0.0,67,13.9,1015.5,23,7.9,333,17.1,39048.74
2010-11-14,22.6,27.3,18.1,24.6,0.0,0.0,72,16.9,1018.1,74,7.0,311,13.01,37895.81
2010-11-15,23.7,27.2,21.5,26.0,0.8,5.0,73,18.4,1018.3,64,9.2,351,11.18,29577.8
2010-11-16,21.6,24.6,18.8,21.6,0.0,0.0,59,13.2,1018.5,56,12.1,29,12.64,31038.63
2010-11-17,21.3,24.8,18.0,22.1,0.0,0.0,65,14.4,1017.2,61,11.2,79,12.18,24859.2
2010-11-18,21.5,25.4,17.4,23.4,0.0,0.0,77,17.0,1016.8,64,8.0,92,10.61,22558.77
2010-11-19,20.9,24.0,19.1,21.4,0.0,0.0,67,14.4,1016.8,61,10.2,349,7.44,15118.71
2010-11-20,21.2,26.6,16.5,22.6,0.0,0.0,75,16.2,1011.6,30,13.4,155,14.52,31623.29
2010-11-21,22.2,27.9,17.3,24.6,0.0,0.0,82,18.6,1009.4,42,9.0,138,12.41,30798.67
2010-11-22,20.3,22.0,18.6,21.5,4.9,5.0,78,16.2,1012.2,92,14.8,32,3.55,0.0
2010-11-23,20.1,22.4,18.1,21.6,1.9,5.0,78,16.1,1013.5,90,5.8,10,3.18,0.0
2010-11-24,22.2,25.1,19.2,24.4,1.3,6.0,82,19.0,1013.7,93,12.8,115,6.59,16965.3
2010-11-25,19.0,20.6,17.7,19.0,5.0,9.0,74,14.1,1017.8,100,19.5,14,2.39,0.0
2010-11-26,18.0,18.9,17.3,18.2,0.4,2.0,75,13.5,1017.3,100,7.2,354,2.42,0.0
2010-11-27,18.8,21.0,17.0,19.4,0.0,0.0,74,14.0,1016.3,93,6.5,19,6.76,13608.68
2010-11-28,20.2,24.1,15.7,21.8,0.6,3.0,80,16.4,1016.8,67,11.5,19,9.73,22349.45
2010-11-29,19.2,21.5,17.2,20.0,0.6,4.0,76,14.8,1017.0,77,10.6,2,5.93,11655.48
2010-11-30,18.8,22.2,16.5,19.1,0.0,0.0,74,13.9,1016.6,87,10.2,3,5.31,2074.86
2010-12-01,20.3,23.8,18.0,20.8,0.0,0.0,65,13.5,1015.9,59,9.7,345,13.11,27196.0
2010-12-02,20.5,25.8,15.3,21.5,0.0,0.0,75,15.4,1017.1,31,8.6,331,14.78,35302.94
2010-12-03,19.8,25.0,15.8,20.1,0.0,0.0,70,13.6,1018.3,5,11.9,0,17.06,37298.23
2010-12-04,19.5,24.9,13.5,20.3,0.0,0.0,75,14.5,1015.7,26,9.5,144,15.8,36777.65
2010-12-05,20.7,26.2,15.4,22.6,0.0,0.0,83,17.3,1012.9,79,10.2,136,12.3,24916.31
2010-12-06,22.0,25.5,19.6,24.9,2.1,8.0,86,19.5,1015.2,82,7.7,7,6.22,15189.77
2010-12-07,19.3,21.2,16.8,17.3,0.2,2.0,52,8.7,1020.0,100,17.5,18,2.61,0.0
2010-12-08,17.9,21.4,15.2,16.4,0.0,0.0,53,8.0,1018.6,75,10.1,2,14.61,36000.0
2010-12-09,17.9,23.2,13.0,17.4,0.0,0.0,65,10.9,1013.8,31,12.6,128,15.9,36336.47
2010-12-10,20.5,26.1,15.1,21.5,0.0,0.0,77,16.0,1009.2,28,11.6,151,12.98,32755.59
2010-12-11,21.3,23.8,19.8,24.1,13.1,15.0,92,19.9,1007.9,94,11.1,111,3.63,3075.28
2010-12-12,23.4,27.0,21.2,25.7,1.7,3.0,86,20.8,1005.0,78,18.2,148,6.37,8727.62
2010-12-13,23.9,27.0,22.5,27.9,12.3,12.0,90,22.1,1007.3,98,10.5,131,4.41,5825.74
2010-12-14,19.5,21.5,17.8,20.8,13.3,13.0,88,17.4,1011.2,100,12.0,32,2.43,0.0
2010-12-15,17.2,20.4,9.6,17.5,7.6,15.0,87,15.1,1011.8,100,18.9,25,2.72,0.0
2010-12-16,10.5,11.9,8.5,7.0,7.3,7.0,59,2.3,1024.7,99,19.3,19,3.16,1136.94
2010-12-17,12.9,17.2,9.9,10.7,0.0,0.0,55,3.9,1021.2,38,8.9,79,14.19,35140.0
2010-12-18,14.6,21.0,8.4,13.7,0.0,0.0,73,9.4,1015.7,34,9.0,145,16.35,36222.74
2010-12-19,17.0,21.4,11.4,17.7,0.1,1.0,83,14.0,1017.0,89,7.4,38,9.93,19823.11
2010-12-20,19.0,22.1,16.8,20.2,0.1,1.0,79,15.3,1015.5,86,7.9,100,7.2,16464.66
2010-12-21,18.8,21.5,16.4,20.2,0.8,4.0,85,16.2,1014.1,89,10.0,347,3.28,2511.09
2010-12-22,18.7,20.5,17.1,19.9,0.5,2.0,81,15.3,1013.4,88,5.8,20,3.46,549.16
2010-12-23,19.4,21.7,17.7,21.4,0.2,2.0,86,17.0,1012.4,81,6.6,78,4.52,1002.26
2010-12-24,21.5,25.1,19.1,23.7,0.4,4.0,86,18.9,1010.9,62,12.4,159,8.59,27951.6
2010-12-25,15.1,20.0,12.9,13.6,5.1,8.0,75,10.4,1016.3,98,20.1,32,2.64,0.0
2010-12-26,13.3,16.1,9.9,10.4,0.0,0.0,51,3.2,1022.2,63,13.9,7,6.96,15544.56
2010-12-27,13.6,19.6,8.1,12.3,0.0,0.0,69,7.5,1018.0,19,9.2,117,16.89,36000.0
2010-12-28,15.4,19.8,10.9,15.4,0.0,0.0,82,12.2,1016.4,66,7.3,74,8.56,19349.37
2010-12-29,17.4,21.5,13.8,18.6,1.4,10.0,89,15.6,1015.1,84,9.5,106,5.63,8793.27
2010-12-30,18.4,21.1,16.6,18.9,3.2,10.0,77,14.1,1018.2,84,9.0,21,4.32,7005.15
2010-12-31,17.1,20.8,14.3,16.1,0.0,0.0,62,9.6,1017.2,57,12.3,102,12.92,35806.76
2011-01-01,16.4,20.4,12.2,16.6,0.0,0.0,82,13.3,1015.1,80,8.3,98,7.17,14570.74
2011-01-02,18.6,21.5,16.8,20.2,7.9,22.0,88,16.5,1015.2,100,9.8,88,3.79,2368.64
2011-01-03,12.6,17.1,11.3,11.1,3.6,15.0,80,9.1,1018.5,100,15.3,29,2.12,0.0
2011-01-04,11.1,12.2,10.1,9.3,0.4,3.0,79,7.6,1020.1,99,10.7,24,3.08,0.0
2011-01-05,12.9,15.2,10.5,12.0,0.3,3.0,78,9.1,1018.2,97,6.4,30,5.62,3589.93
2011-01-06,11.9,13.6,11.0,9.2,0.8,6.0,66,5.6,1023.4,98,14.5,23,3.25,0.0
2011-01-07,10.8,11.5,10.0,7.6,0.0,0.0,54,1.8,1024.7,97,11.7,20,4.47,612.0
2011-01-08,12.1,14.7,9.9,10.2,0.0,0.0,61,4.7,1020.6,79,5.9,45,9.45,31448.69
2011-01-09,11.6,12.8,9.8,9.4,2.0,7.0,69,6.1,1022.2,98,11.9,5,2.89,0.0
2011-01-10,11.2,12.3,10.4,8.1,0.0,0.0,51,1.4,1021.0,93,10.1,24,5.41,7118.1
2011-01-11,7.7,9.9,6.6,4.7,3.8,9.0,73,3.1,1021.8,98,12.8,9,1.58,1038.29
2011-01-12,9.8,12.8,7.3,7.2,0.0,0.0,58,1.8,1019.9,61,9.8,7,10.86,36000.0
2011-01-13,11.1,14.6,7.4,9.5,0.0,0.0,70,5.8,1018.2,78,5.8,5,7.88,25136.33
2011-01-14,13.7,16.1,11.8,12.8,0.2,1.0,75,9.3,1017.7,94,7.5,333,5.79,5927.61
2011-01-15,13.1,16.2,9.7,10.0,0.3,2.0,56,4.1,1024.0,64,18.8,13,10.34,25353.89
2011-01-16,11.1,15.8,6.5,8.5,0.0,0.0,55,1.9,1022.9,23,11.5,56,17.7,36644.06
2011-01-17,12.1,15.0,8.1,10.4,0.0,0.0,67,5.8,1021.5,77,6.6,40,7.72,18525.93
2011-01-18,12.4,13.8,11.6,10.3,0.0,0.0,65,5.9,1019.9,100,9.7,3,3.86,0.0
2011-01-19,12.6,14.2,11.4,10.9,0.0,0.0,68,6.9,1018.0,98,8.2,14,4.4,0.0
2011-01-20,11.1,12.3,10.0,8.8,0.2,2.0,72,6.2,1019.2,97,12.1,18,4.72,0.0
2011-01-21,11.5,14.7,9.6,8.6,0.0,0.0,56,3.0,1021.2,76,12.6,351,10.44,26233.3
2011-01-22,13.0,15.6,10.8,11.4,0.0,0.0,65,6.5,1020.2,93,6.2,32,7.41,9639.53
2011-01-23,12.3,13.4,11.0,10.1,0.0,0.0,67,6.3,1022.9,99,10.1,15,4.15,0.0
2011-01-24,11.6,13.4,10.3,9.1,0.0,0.0,61,4.2,1024.1,91,10.1,6,5.69,2929.58
2011-01-25,12.0,13.9,10.4,10.0,0.0,0.0,65,5.7,1024.0,86,8.0,13,6.38,3804.55
2011-01-26,12.4,15.1,10.4,10.6,0.0,0.0,69,6.8,1024.6,90,9.7,9,7.52,8455.2
2011-01-27,12.5,14.7,10.3,11.2,0.0,0.0,74,8.0,1024.3,91,8.0,23,5.92,1910.91
2011-01-28,12.2,13.1,11.3,9.8,0.0,0.0,67,6.1,1025.6,100,13.0,14,3.49,0.0
2011-01-29,11.7,14.1,9.6,8.8,0.0,0.0,55,2.8,1026.4,85,13.5,2,6.45,497.2
2011-01-30,12.0,16.2,8.2,9.4,0.0,0.0,58,3.7,1026.1,48,10.2,23,13.58,36135.7
2011-01-31,12.1,14.7,10.0,9.9,0.0,0.0,59,4.2,1025.1,73,9.4,25,11.07,28297.47
2011-02-01,11.8,13.4,10.5,9.6,0.0,0.0,65,5.4,1023.9,84,12.1,2,4.99,740.08
2011-02-02,13.4,18.2,9.8,11.9,0.0,0.0,66,7.0,1021.5,45,9.2,334,16.07,37609.43
2011-02-03,14.9,20.6,8.9,14.5,0.0,0.0,77,10.5,1019.0,43,7.4,118,13.91,25854.65
2011-02-04,17.2,22.4,13.2,17.4,0.0,0.0,77,12.8,1016.6,67,8.7,136,11.39,24231.41
2011-02-05,17.8,23.1,13.4,18.3,0.0,0.0,80,13.9,1016.2,59,11.1,146,11.93,26286.99
2011-02-06,18.2,22.8,14.1,18.7,0.2,2.0,83,14.9,1013.9,70,12.0,146,8.93,15746.36
2011-02-07,18.4,22.9,15.6,19.1,0.6,5.0,87,16.1,1009.8,68,13.9,141,6.85,14511.94
2011-02-08,18.6,22.4,15.5,20.0,0.2,1.0,88,16.5,1007.0,86,10.5,123,6.12,6618.79
2011-02-09,20.9,26.3,18.2,22.8,0.0,0.0,84,17.8,1005.0,57,10.7,131,15.18,29365.07
2011-02-10,21.4,26.6,18.0,23.7,0.6,3.0,85,18.4,1008.6,67,13.2,89,11.12,21508.64
2011-02-11,18.3,20.3,14.8,18.4,2.2,11.0,78,14.4,1014.3,100,12.7,44,4.31,0.0
2011-02-12,13.7,14.9,12.4,13.0,6.6,19.0,82,10.7,1016.8,100,9.5,39,3.17,0.0
2011-02-13,12.5,13.7,11.2,11.1,3.4,13.0,80,9.1,1017.6,100,14.5,23,3.04,0.0
2011-02-14,13.2,14.7,12.3,11.1,0.0,0.0,59,5.2,1019.9,91,11.0,35,5.4,6151.02
2011-02-15,13.0,15.1,10.7,11.6,0.0,0.0,70,7.5,1018.4,96,8.3,59,5.0,158.94
2011-02-16,15.1,17.8,13.2,15.0,0.0,0.0,80,11.7,1015.7,97,9.7,36,5.92,1504.19
2011-02-17,15.8,18.1,13.9,15.7,0.8,4.0,80,12.2,1015.7,93,11.4,15,6.4,5370.09
2011-02-18,17.0,19.9,14.9,17.7,0.0,0.0,81,13.7,1014.4,96,6.0,94,5.9,2755.05
2011-02-19,16.7,18.5,15.5,16.6,0.0,0.0,77,12.7,1016.4,99,9.2,42,5.45,2089.52
2011-02-20,15.8,17.5,14.4,15.2,0.1,1.0,71,10.5,1018.8,87,7.1,47,6.28,2391.22
2011-02-21,16.5,18.8,13.9,16.7,0.0,0.0,79,12.7,1017.5,90,6.7,120,7.85,12048.98
2011-02-22,17.8,20.4,15.5,18.8,0.0,0.0,83,14.7,1015.9,97,5.2,90,6.34,0.0
2011-02-23,18.1,19.3,17.1,19.8,2.0,10.0,91,16.6,1015.8,99,5.6,347,2.34,0.0
2011-02-24,19.7,22.4,17.5,21.8,0.3,2.0,89,17.8,1013.5,99,10.0,130,5.0,0.0
2011-02-25,21.0,23.9,19.2,22.8,1.3,4.0,89,19.1,1012.1,99,15.0,142,5.66,1052.54
2011-02-26,21.6,26.7,18.6,22.6,0.1,1.0,80,17.8,1013.7,80,19.0,143,11.69,26796.04
2011-02-27,21.4,26.8,17.5,22.6,0.0,0.0,81,17.5,1013.5,63,15.8,152,13.38,33053.7
2011-02-28,21.1,25.9,17.8,22.5,0.0,0.0,83,17.9,1011.9,82,14.5,142,9.08,13429.42
2011-03-01,20.8,25.5,17.5,22.2,0.3,2.0,79,16.7,1013.5,86,10.1,91,9.46,12947.1
2011-03-02,19.7,22.9,17.5,20.0,0.0,0.0,71,14.3,1015.4,86,12.7,110,9.09,19944.05
2011-03-03,17.2,19.3,14.1,17.3,3.1,11.0,83,14.3,1017.0,92,15.6,56,2.29,0.0
2011-03-04,14.9,16.0,13.7,14.5,0.7,5.0,79,11.3,1017.4,100,6.6,42,3.78,0.0
2011-03-05,18.0,21.9,15.1,19.2,0.8,5.0,85,15.4,1013.8,99,8.4,107,5.7,0.0
2011-03-06,20.7,23.9,18.5,23.0,1.4,4.0,89,18.8,1012.0,100,12.6,85,6.51,2818.48
2011-03-07,16.3,18.8,14.6,15.1,5.5,9.0,72,10.9,1017.9,96,16.9,23,3.97,534.83
2011-03-08,16.5,18.0,15.1,16.1,0.0,0.0,66,10.1,1018.9,96,7.1,3,5.0,0.0
2011-03-09,16.0,17.9,14.8,15.9,0.6,4.0,77,11.9,1020.3,98,8.6,16,4.89,0.0
2011-03-10,16.3,18.5,14.5,16.3,0.4,2.0,79,12.5,1021.3,97,6.9,15,5.61,0.0
2011-03-11,16.7,18.2,15.2,16.9,0.1,1.0,79,13.0,1018.8,97,6.9,43,5.61,989.93
2011-03-12,17.3,18.7,15.9,17.9,0.1,1.0,81,14.0,1017.0,99,6.7,47,5.23,129.78
2011-03-13,20.3,25.0,16.9,21.8,0.0,0.0,81,16.6,1013.5,85,8.9,138,12.01,24364.96
2011-03-14,21.6,24.4,18.6,24.2,0.6,5.0,86,19.1,1012.7,96,8.8,138,6.61,1528.94
2011-03-15,16.1,20.7,11.1,15.9,22.8,20.0,89,14.2,1019.8,100,29.5,7,2.6,0.0
2011-03-16,10.3,11.0,10.0,8.0,17.7,24.0,87,8.2,1025.7,100,15.3,355,1.73,0.0
2011-03-17,10.6,11.2,9.7,9.3,30.6,24.0,91,9.1,1023.7,100,9.8,335,1.67,0.0
2011-03-18,12.0,13.8,10.7,11.5,11.8,16.0,89,10.2,1017.8,93,6.0,34,6.15,0.0
2011-03-19,15.6,21.6,9.4,16.0,0.0,0.0,85,12.8,1012.5,56,11.2,125,19.09,42656.99
2011-03-20,19.7,26.2,15.0,21.4,0.0,0.0,86,17.1,1008.7,51,12.6,142,17.94,31959.85
2011-03-21,22.7,28.3,18.9,26.0,0.0,0.0,87,20.1,1008.3,72,11.6,114,18.9,36082.91
2011-03-22,17.8,21.6,14.8,16.4,0.9,4.0,68,11.5,1017.1,99,23.2,31,6.03,0.0
2011-03-23,15.2,16.9,13.5,13.9,0.0,0.0,66,8.8,1021.1,100,12.4,24,6.96,0.0
2011-03-24,14.5,15.7,13.0,13.1,0.9,6.0,72,9.4,1022.3,100,11.9,22,5.43,31.82
2011-03-25,14.6,16.4,13.3,13.0,0.1,1.0,65,8.2,1024.2,100,12.0,3,6.58,226.61
2011-03-26,15.2,16.9,14.2,13.3,0.0,0.0,61,7.7,1024.0,100,12.1,5,6.48,296.75
2011-03-27,14.3,15.9,13.2,12.2,1.1,2.0,61,6.8,1023.7,99,13.3,350,6.69,278.44
2011-03-28,16.0,20.0,13.3,14.8,0.0,0.0,68,9.8,1023.0,95,14.9,350,12.0,12808.02
2011-03-29,17.2,22.1,13.2,16.9,0.1,1.0,71,11.6,1023.1,93,10.2,303,13.57,27217.66
2011-03-30,16.7,20.6,13.5,16.9,1.8,4.0,76,12.3,1021.1,76,7.7,199,15.15,23657.25
2011-03-31,17.3,22.7,11.8,17.4,0.0,0.0,76,12.6,1017.4,25,12.2,136,21.0,43200.0
2011-04-01,18.4,23.0,13.5,19.2,0.0,0.0,83,15.3,1014.6,51,10.7,132,10.86,11216.3
2011-04-02,20.6,24.1,17.5,22.4,0.2,2.0,85,17.8,1013.4,92,10.6,134,8.32,1581.39
2011-04-03,21.7,25.2,18.0,23.5,0.1,1.0,83,18.5,1012.4,75,11.8,143,10.12,15993.03
2011-04-04,21.0,23.9,19.0,22.7,1.3,6.0,85,18.3,1014.2,91,13.6,128,6.08,781.49
2011-04-05,20.5,22.9,18.7,21.7,0.0,0.0,82,17.4,1015.3,98,13.0,130,7.09,0.0
2011-04-06,21.2,24.2,19.2,23.0,1.6,8.0,89,19.2,1013.4,100,14.3,133,4.54,0.0
2011-04-07,22.0,25.6,20.1,24.5,0.4,3.0,89,20.0,1013.8,98,11.5,135,4.72,1270.13
2011-04-08,22.5,26.2,20.2,24.9,0.5,2.0,86,19.9,1015.5,94,13.8,117,10.61,16130.08
2011-04-09,21.1,24.9,19.0,23.2,0.0,0.0,82,17.8,1018.2,81,6.6,90,7.16,76.22
2011-04-10,21.5,26.5,16.6,23.9,0.0,0.0,84,18.4,1016.7,79,12.2,147,16.56,19290.55
2011-04-11,22.0,26.1,18.4,24.3,0.0,0.0,83,18.7,1014.8,76,8.5,143,11.56,11579.84
2011-04-12,22.3,28.0,17.0,24.6,0.0,0.0,81,18.5,1014.4,58,13.4,146,20.77,38963.27
2011-04-13,22.7,27.6,18.1,24.6,0.0,0.0,79,18.5,1014.1,78,15.1,149,20.06,41629.63
2011-04-14,23.1,27.7,19.3,25.1,0.0,0.0,82,19.6,1010.3,71,14.2,152,14.7,26393.47
2011-04-15,24.4,29.1,20.4,27.6,0.0,0.0,84,21.3,1007.4,74,13.5,145,15.89,37238.46
2011-04-16,25.2,29.0,22.5,29.7,0.0,0.0,87,22.8,1007.7,83,10.0,128,11.1,12757.32
2011-04-17,25.0,29.2,23.0,29.4,20.0,9.0,88,22.7,1007.5,96,10.7,61,9.54,5808.55
2011-04-18,24.4,27.7,20.9,26.9,27.7,6.0,77,19.7,1010.6,64,13.9,302,19.47,43200.0
2011-04-19,23.1,28.0,18.2,26.3,0.2,2.0,81,19.4,1012.6,53,9.2,126,21.83,43200.0
2011-04-20,23.1,27.9,17.9,25.8,0.5,2.0,83,19.9,1012.7,48,12.9,140,18.95,43200.0
2011-04-21,24.2,27.7,21.1,26.7,0.7,5.0,84,21.3,1010.2,57,19.5,154,15.02,30367.31
2011-04-22,23.9,26.0,22.7,27.6,6.5,10.0,88,21.6,1011.0,98,13.7,63,7.67,2920.28
2011-04-23,24.4,28.3,21.2,26.6,0.0,0.0,69,18.0,1013.5,95,12.4,9,22.58,41721.81
2011-04-24,22.9,26.4,19.9,25.6,1.8,4.0,80,19.1,1013.9,90,6.9,89,14.43,35722.6
2011-04-25,23.6,27.9,19.0,26.3,0.0,0.0,76,18.7,1012.2,64,11.0,151,21.03,36399.77
2011-04-26,24.9,30.2,19.7,28.6,0.0,0.0,78,20.6,1008.0,79,13.6,145,23.35,40109.11
2011-04-27,25.2,28.4,22.1,29.8,0.9,5.0,86,22.6,1007.0,92,9.8,126,9.65,10956.94
2011-04-28,25.1,28.7,23.2,29.9,13.6,20.0,91,23.3,1007.9,98,9.9,138,10.91,11885.36
2011-04-29,25.2,28.8,22.8,28.9,5.5,10.0,89,23.1,1007.5,88,16.4,156,13.79,26757.11
2011-04-30,27.1,31.0,24.1,31.9,0.0,0.0,84,24.1,1006.8,92,14.8,166,17.09,25263.26
2011-05-01,27.9,32.2,24.8,33.1,0.2,1.0,82,24.3,1007.0,79,13.8,177,17.52,38503.72
2011-05-02,29.0,33.9,24.9,34.7,0.0,0.0,79,24.7,1004.5,42,13.4,169,24.69,43200.0
2011-05-03,23.6,26.7,20.8,26.0,15.7,9.0,80,19.9,1007.9,87,18.4,33,9.12,4306.55
2011-05-04,21.4,22.7,20.3,23.5,1.8,6.0,81,17.9,1010.8,100,8.9,23,7.02,0.0
2011-05-05,23.5,26.5,20.5,27.0,2.0,4.0,87,21.1,1008.7,97,12.0,142,8.91,2213.37
2011-05-06,26.5,30.9,23.3,31.2,1.5,5.0,86,23.9,1005.7,74,14.0,165,14.14,20857.57
2011-05-07,28.5,33.0,24.0,33.8,0.0,0.0,80,24.5,1002.5,23,15.8,165,23.8,41728.73
2011-05-08,29.5,34.0,25.3,34.7,0.0,0.0,75,24.5,1001.3,29,16.1,162,25.31,43727.56
2011-05-09,29.7,34.3,26.3,34.4,0.0,0.0,72,24.0,1000.8,28,16.7,166,24.77,43714.39
2011-05-10,30.2,34.6,26.9,35.1,0.0,0.0,71,24.3,1000.3,63,17.3,168,24.36,43701.71
2011-05-11,29.4,32.8,26.8,35.2,1.4,5.0,76,24.7,1000.9,100,10.3,156,19.7,37494.59
2011-05-12,27.7,31.5,25.3,33.6,14.5,11.0,86,25.1,1004.3,98,11.8,30,15.3,25882.68
2011-05-13,22.7,24.7,21.9,26.0,32.8,21.0,90,21.0,1009.0,98,11.8,2,2.96,0.0
2011-05-14,23.4,24.8,22.4,27.8,42.3,21.0,92,22.2,1010.0,99,8.7,333,5.68,1779.1
2011-05-15,24.4,28.0,23.2,29.6,24.7,23.0,94,23.4,1011.5,97,8.4,93,6.61,6122.36
2011-05-16,22.5,23.9,20.9,24.6,19.0,12.0,85,19.6,1015.0,96,17.3,0,6.96,10800.0
2011-05-17,24.3,29.8,20.5,26.6,0.0,0.0,69,17.8,1011.5,60,12.5,290,23.36,36185.73
2011-05-18,24.7,30.7,18.8,28.3,0.0,0.0,79,20.5,1008.0,85,13.9,133,27.15,43675.65
2011-05-19,24.1,28.4,20.0,27.6,0.0,0.0,85,21.3,1008.2,91,11.9,134,14.06,24001.02
2011-05-20,24.7,28.0,22.2,29.3,12.8,14.0,91,23.2,1005.8,99,8.9,112,10.17,11640.7
2011-05-21,27.6,32.1,23.6,33.2,0.0,0.0,84,24.4,1002.2,94,11.8,155,20.3,36923.35
2011-05-22,27.6,31.4,24.6,32.9,13.5,10.0,84,24.5,1001.8,96,16.8,60,18.96,37944.62
2011-05-23,22.0,24.9,19.0,23.7,35.3,10.0,78,17.8,1008.9,86,15.5,31,14.41,28673.72
2011-05-24,23.3,25.6,21.4,25.8,0.0,0.0,74,18.3,1009.5,91,8.0,55,15.12,27928.15
2011-05-25,24.1,27.7,21.8,26.9,0.4,1.0,75,19.2,1010.0,96,9.6,330,14.63,23217.36
2011-05-26,25.5,30.0,22.0,29.1,0.0,0.0,74,20.3,1009.4,49,8.2,328,20.89,41602.52
2011-05-27,25.6,30.5,20.6,29.6,0.0,0.0,76,20.8,1007.7,36,7.9,97,24.93,45371.31
2011-05-28,25.7,31.1,20.0,29.9,0.0,0.0,77,20.9,1007.0,68,9.2,126,25.77,44089.39
2011-05-29,26.3,31.5,20.4,30.2,0.0,0.0,73,20.5,1008.9,88,10.2,127,25.8,41797.05
2011-05-30,26.3,30.6,21.2,30.5,0.0,0.0,77,21.6,1008.9,44,10.6,136,24.4,45599.87
2011-05-31,26.8,31.2,22.3,31.4,0.0,0.0,78,22.2,1006.5,81,10.2,134,26.25,45056.86
2011-06-01,27.4,31.4,23.6,32.2,0.0,0.0,78,22.9,1006.5,90,11.5,119,22.76,43019.0
2011-06-02,27.2,30.2,24.8,31.9,3.1,8.0,82,23.9,1007.3,96,12.6,153,15.1,27828.51
2011-06-03,28.4,31.6,25.7,33.8,1.3,6.0,84,25.4,1005.7,95,14.5,155,16.91,31686.07
2011-06-04,29.7,33.7,26.2,35.0,0.0,0.0,78,25.1,1003.3,60,16.2,165,24.43,43679.74
2011-06-05,30.2,34.3,26.6,35.9,0.2,1.0,75,25.1,1003.8,80,16.2,162,24.13,45006.45
2011-06-06,29.8,33.5,27.2,35.6,1.3,4.0,78,25.5,1004.5,98,15.1,170,17.52,31036.92
2011-06-07,29.6,33.6,26.1,36.0,1.2,2.0,78,25.2,1003.4,95,6.8,193,21.2,36667.11
2011-06-08,28.7,32.4,26.3,34.9,0.3,2.0,84,25.6,1002.6,98,11.8,115,14.91,24197.09
2011-06-09,30.6,34.6,27.2,36.9,0.0,0.0,75,25.5,1001.0,93,14.0,176,21.04,42110.27
2011-06-10,30.8,34.8,27.2,37.2,0.0,0.0,74,25.5,1000.0,100,12.9,158,21.06,36475.33
2011-06-11,28.6,31.6,26.4,35.0,5.5,7.0,86,25.9,1001.9,100,10.7,38,13.74,13747.35
2011-06-12,28.3,31.6,25.8,35.1,18.7,14.0,88,26.0,1003.9,99,7.6,94,16.02,28331.11
2011-06-13,28.9,32.9,25.8,35.5,3.5,10.0,84,25.9,1003.8,92,11.2,138,18.7,37958.95
2011-06-14,30.0,34.1,26.8,36.3,1.1,3.0,79,25.8,1002.4,88,12.0,152,21.31,34803.34
2011-06-15,30.2,33.4,26.8,36.0,0.0,0.0,74,24.9,1000.8,99,9.0,179,17.97,37258.07
2011-06-16,30.2,33.4,27.0,36.6,0.4,1.0,78,25.7,999.7,99,12.6,144,18.65,36431.88
2011-06-17,29.1,32.7,26.7,35.9,13.5,13.0,84,26.1,1001.2,100,11.2,103,17.09,26734.97
2011-06-18,28.2,31.8,26.1,34.8,24.0,21.0,88,25.9,1001.6,98,8.8,98,13.95,18835.58
2011-06-19,27.5,31.1,25.3,33.8,8.7,14.0,89,25.5,1001.2,95,10.2,88,14.71,28116.26
2011-06-20,27.8,31.1,25.3,33.8,2.6,9.0,85,25.0,1001.8,95,9.5,96,15.43,36853.27
2011-06-21,28.4,31.9,25.1,35.0,1.5,7.0,85,25.5,1001.0,92,7.6,114,19.52,41121.58
2011-06-22,29.7,33.3,26.4,36.5,0.1,1.0,82,26.0,997.6,73,14.6,132,20.32,44522.73
2011-06-23,29.4,34.3,26.1,36.0,31.0,8.0,83,26.1,994.4,96,12.0,351,21.16,42257.12
2011-06-24,26.6,26.9,26.1,30.5,60.9,23.0,90,24.8,993.3,100,32.4,336,2.06,0.0
2011-06-25,27.2,30.8,25.1,31.7,12.0,14.0,87,24.9,996.6,100,26.1,72,10.35,13955.57
2011-06-26,28.1,31.7,25.2,34.0,4.2,5.0,82,24.5,999.7,88,8.3,83,19.23,37708.59
2011-06-27,28.0,30.9,25.3,34.3,9.8,11.0,84,24.9,999.6,98,6.6,126,16.71,34159.51
2011-06-28,27.8,31.0,25.4,34.2,6.0,8.0,88,25.5,999.5,100,7.6,23,14.53,20842.74
2011-06-29,28.7,32.5,25.7,35.4,2.8,3.0,85,25.8,999.4,100,9.9,145,14.99,24944.37
2011-06-30,26.8,29.4,24.9,32.4,7.6,10.0,89,24.8,1000.6,100,9.7,75,9.35,3015.06
2011-07-01,26.8,29.5,25.0,31.8,7.9,12.0,88,24.5,1001.8,99,13.5,153,11.58,12212.92
2011-07-02,28.5,32.4,25.5,33.2,2.7,5.0,77,24.1,1002.6,72,15.5,166,23.5,41903.8
2011-07-03,29.3,33.2,25.3,34.7,0.3,1.0,75,24.2,1003.4,35,11.5,168,25.56,45238.65
2011-07-04,29.6,33.3,26.2,36.0,0.0,0.0,78,25.2,1005.3,19,10.2,162,23.46,45244.78
2011-07-05,29.8,33.9,26.4,35.6,0.1,1.0,77,25.2,1005.0,11,14.6,153,24.85,44983.64
2011-07-06,31.0,35.7,26.8,37.0,0.0,0.0,72,25.2,1000.7,10,15.5,171,25.93,45794.9
2011-07-07,32.0,36.0,27.8,38.2,0.4,2.0,68,25.0,999.3,15,14.5,208,26.32,44999.35
2011-07-08,28.9,32.2,25.7,35.3,6.5,9.0,83,25.5,1002.5,57,11.6,327,21.55,42894.39
2011-07-09,28.3,32.9,25.6,34.9,9.3,15.0,86,25.7,1001.9,76,8.7,116,17.69,40507.25
2011-07-10,28.2,32.5,25.7,34.7,8.4,10.0,86,25.5,1001.6,99,7.6,23,17.28,33098.76
2011-07-11,28.2,32.3,25.2,34.6,8.4,14.0,86,25.5,1001.5,99,9.1,347,17.34,32132.3
2011-07-12,28.0,31.8,25.3,34.6,7.4,7.0,87,25.6,1001.5,99,7.7,347,14.53,18150.05
2011-07-13,27.2,30.7,25.3,33.5,22.3,24.0,90,25.4,1002.0,100,9.7,338,12.9,14000.23
2011-07-14,25.9,27.2,25.3,31.4,35.7,24.0,94,24.8,1002.3,100,10.7,301,4.47,203.38
2011-07-15,26.8,29.5,24.8,31.6,5.9,16.0,85,23.9,1002.1,99,12.9,283,9.42,14375.16
2011-07-16,28.1,32.0,25.2,33.6,0.5,3.0,81,24.3,1000.9,99,9.7,239,15.99,28288.29
2011-07-17,29.0,33.5,24.9,35.9,5.0,4.0,82,25.4,999.5,80,8.3,195,24.06,43517.81
2011-07-18,28.5,31.0,26.2,35.4,7.1,13.0,88,26.2,999.0,98,8.4,284,13.83,26482.26
2011-07-19,28.4,30.6,26.2,35.1,1.1,6.0,87,25.9,998.7,97,7.8,210,9.19,11972.1
2011-07-20,28.6,32.5,25.4,35.2,0.8,2.0,85,25.6,999.8,75,9.5,164,19.59,40141.11
2011-07-21,29.2,33.6,25.9,36.3,0.9,1.0,83,25.9,1000.3,35,10.4,167,22.78,43441.16
2011-07-22,28.5,32.1,26.3,35.3,7.6,11.0,87,25.9,1000.8,78,9.9,99,18.46,30751.86
2011-07-23,27.3,30.2,25.2,33.6,36.2,13.0,89,25.3,1003.1,99,8.8,61,10.39,8513.8
2011-07-24,27.9,32.1,25.1,33.9,3.1,4.0,85,24.9,1006.2,50,9.7,132,18.23,40817.4
2011-07-25,29.0,33.1,25.3,35.1,0.0,0.0,79,24.8,1006.3,13,11.6,160,24.12,44259.92
2011-07-26,29.5,33.9,25.6,35.4,0.0,0.0,79,25.2,1004.4,10,13.5,153,24.95,43935.85
2011-07-27,29.4,32.9,26.4,35.3,1.0,5.0,81,25.7,1004.2,17,13.6,143,21.94,43754.75
2011-07-28,29.4,33.4,25.9,35.7,0.0,0.0,78,25.0,1003.6,31,12.4,145,26.2,44025.7
2011-07-29,29.6,33.5,24.9,36.3,0.2,1.0,81,25.8,999.4,80,9.7,322,20.89,37634.84
2011-07-30,27.9,29.8,25.4,30.7,14.4,14.0,77,23.5,996.8,97,31.6,20,9.81,24302.13
2011-07-31,25.5,26.9,24.6,29.9,25.1,23.0,93,24.2,1001.6,98,16.2,98,4.72,3711.0
2011-08-01,26.0,28.6,24.3,31.2,5.1,13.0,89,24.1,1003.6,99,10.8,87,10.87,13228.11
2011-08-02,25.5,28.0,24.1,30.9,12.3,19.0,92,24.1,1005.3,96,7.6,85,8.36,7134.76
2011-08-03,27.2,31.0,24.1,33.1,0.7,3.0,86,24.5,1004.4,53,9.7,142,20.02,43200.0
2011-08-04,28.9,33.2,24.7,35.5,0.0,0.0,82,25.3,1000.8,58,9.6,178,23.05,43200.0
2011-08-05,29.6,33.6,26.2,36.8,2.0,2.0,84,26.4,998.5,75,10.3,100,21.69,41984.08
2011-08-06,27.6,30.6,25.8,33.3,40.5,14.0,87,25.1,999.3,98,12.3,342,10.79,19312.09
2011-08-07,28.1,32.6,24.9,34.8,6.8,4.0,86,25.5,1000.5,88,9.0,133,20.7,40578.59
2011-08-08,27.6,31.2,25.1,34.1,11.0,12.0,88,25.4,1002.5,98,6.0,106,15.16,21344.97
2011-08-09,27.7,32.7,25.4,34.3,12.9,16.0,90,25.7,1002.0,95,10.3,116,14.75,16730.94
2011-08-10,26.5,29.6,24.9,32.5,21.1,22.0,92,24.9,1002.5,99,7.9,100,10.36,10395.05
2011-08-11,26.0,28.8,24.2,31.7,13.4,20.0,92,24.6,1003.9,99,8.0,105,8.91,8477.84
2011-08-12,26.6,29.7,24.8,32.3,4.7,10.0,89,24.7,1004.6,98,9.2,105,10.85,9819.26
2011-08-13,27.9,31.6,24.9,34.0,1.0,5.0,87,25.4,1005.9,61,11.9,148,19.27,41165.67
2011-08-14,28.5,32.1,25.8,34.1,1.2,2.0,83,25.2,1007.6,72,13.9,156,20.63,39600.0
2011-08-15,28.4,32.0,25.7,33.9,0.8,2.0,82,25.0,1008.4,92,15.1,155,22.65,41364.81
2011-08-16,27.4,30.6,25.1,33.0,3.1,6.0,86,24.8,1007.6,96,11.8,145,18.87,34089.33
2011-08-17,26.6,30.0,24.6,32.1,4.1,7.0,87,24.2,1006.0,87,9.7,131,17.64,39637.93
2011-08-18,25.8,29.6,24.3,31.1,11.3,14.0,90,24.0,1005.6,96,9.4,101,12.4,22202.75
2011-08-19,24.6,25.8,23.9,29.4,12.9,23.0,96,23.8,1007.7,100,14.1,104,4.42,0.0
2011-08-20,25.3,27.7,23.6,30.1,6.5,18.0,90,23.6,1009.6,96,12.4,113,8.68,9629.6
2011-08-21,26.7,30.5,23.3,32.3,2.9,7.0,86,24.0,1009.0,46,7.9,153,20.43,41620.3
2011-08-22,27.8,31.7,23.7,33.8,0.2,2.0,83,24.5,1006.8,14,10.5,160,22.62,43200.0
2011-08-23,28.7,32.4,25.9,35.2,0.9,2.0,84,25.7,1004.7,55,9.7,158,19.91,40690.43
2011-08-24,26.5,28.9,24.5,30.9,33.6,11.0,86,23.9,1006.4,89,15.6,334,11.28,12602.15
2011-08-25,27.4,31.3,24.6,31.7,0.0,0.0,75,22.4,1006.5,31,11.8,18,23.16,43200.0
2011-08-26,27.4,31.5,23.7,31.9,0.0,0.0,75,22.4,1006.8,45,11.4,23,23.44,43200.0
2011-08-27,28.0,31.6,24.6,33.1,0.0,0.0,77,23.3,1006.1,32,8.3,348,22.41,43200.0
2011-08-28,28.0,32.5,23.2,33.2,0.0,0.0,76,22.9,1005.0,24,6.7,307,24.65,43200.0
2011-08-29,28.5,32.9,23.7,34.1,0.0,0.0,76,23.6,1004.8,12,7.3,186,23.25,43200.0
2011-08-30,29.2,33.8,23.9,35.5,0.0,0.0,78,24.7,1003.5,19,8.3,191,24.71,43200.0
2011-08-31,29.8,35.2,24.8,36.4,0.0,0.0,78,25.2,1001.6,33,10.6,213,25.34,43200.0
2011-09-01,30.1,35.1,25.5,36.6,3.1,2.0,77,25.2,1000.9,39,13.8,259,24.7,43200.0
2011-09-02,28.2,31.9,25.4,34.6,0.9,3.0,85,25.4,1002.1,67,8.2,73,18.83,39852.86
2011-09-03,27.0,30.7,25.5,33.4,30.3,19.0,92,25.4,1003.8,95,7.0,124,10.33,16804.44
2011-09-04,27.1,30.9,25.0,33.0,8.9,16.0,88,24.8,1006.2,82,8.5,89,16.49,32761.34
2011-09-05,27.1,30.5,24.9,33.1,1.3,8.0,88,24.9,1006.2,85,8.2,114,14.05,31847.61
2011-09-06,27.8,31.9,24.8,34.0,1.8,7.0,86,25.2,1004.6,45,9.9,143,18.32,42907.08
2011-09-07,28.7,33.1,26.0,35.3,0.5,4.0,83,25.5,1002.8,39,9.7,138,19.95,42204.88
2011-09-08,27.2,31.0,25.4,33.4,6.7,14.0,89,25.2,1004.3,77,9.9,100,14.84,28280.29
2011-09-09,26.5,30.0,24.8,32.1,10.3,20.0,89,24.5,1008.2,100,8.4,347,10.34,15964.4
2011-09-10,25.9,29.5,24.4,31.0,20.2,21.0,91,24.3,1009.0,100,11.6,346,7.42,6972.96
2011-09-11,25.2,28.3,23.5,30.2,18.0,24.0,92,23.9,1008.2,100,10.9,326,8.27,11748.57
2011-09-12,24.9,27.1,23.9,29.8,18.9,23.0,94,23.8,1008.2,100,12.5,41,3.8,472.98
2011-09-13,25.5,28.5,23.9,30.9,10.0,18.0,91,23.9,1007.3,98,9.0,352,7.74,11543.61
2011-09-14,26.1,29.7,24.1,31.6,2.4,8.0,89,24.1,1005.7,91,8.3,33,12.81,28234.56
2011-09-15,26.4,29.9,24.4,32.1,1.3,5.0,89,24.4,1005.6,89,6.7,92,13.86,37524.11
2011-09-16,27.1,30.8,23.9,32.9,0.1,1.0,86,24.5,1004.8,80,7.4,96,17.29,41972.66
2011-09-17,27.3,31.0,24.3,32.9,1.1,6.0,86,24.6,1003.1,68,10.2,128,15.54,41313.64
2011-09-18,27.2,30.8,24.9,33.1,3.2,10.0,88,24.9,1004.9,54,8.3,115,14.81,38066.53
2011-09-19,26.2,28.3,24.8,31.9,17.8,19.0,91,24.5,1007.7,98,8.2,71,6.6,3056.73
2011-09-20,24.3,25.7,22.9,27.8,35.5,22.0,86,21.8,1010.0,100,12.0,17,4.17,0.0
2011-09-21,23.7,25.8,22.0,25.6,0.3,2.0,72,18.4,1011.2,99,11.9,350,8.08,4792.31
2011-09-22,25.1,28.5,22.4,27.6,0.0,0.0,67,18.6,1010.5,89,11.2,16,20.51,33271.98
2011-09-23,25.5,28.7,23.4,27.7,0.0,0.0,65,18.3,1010.0,72,13.8,19,21.77,38933.68
2011-09-24,24.8,28.3,22.2,26.6,0.0,0.0,64,17.4,1010.1,90,13.6,14,23.31,42476.26
2011-09-25,25.0,29.3,21.4,27.1,0.0,0.0,66,17.9,1009.7,88,13.3,352,22.44,42418.76
2011-09-26,23.7,26.5,22.5,26.3,6.5,5.0,78,19.5,1009.2,97,12.3,344,6.26,10266.99
2011-09-27,23.6,25.6,22.2,26.9,6.8,14.0,88,21.5,1007.5,97,13.3,320,4.16,0.0
2011-09-28,26.7,30.5,23.4,31.4,1.1,5.0,81,23.1,1005.5,78,8.2,304,16.38,36374.62
2011-09-29,28.7,32.3,25.6,31.3,0.2,1.0,68,21.8,1001.8,98,25.2,322,18.73,35669.15
2011-09-30,22.1,27.3,21.1,21.7,47.7,23.0,83,18.9,1001.8,100,30.6,313,2.33,0.0
2011-10-01,22.3,24.0,20.9,23.7,1.6,3.0,80,18.5,1008.0,99,18.1,321,6.46,2518.65
2011-10-02,23.5,26.5,21.5,25.0,0.0,0.0,73,18.3,1010.1,81,17.2,4,12.06,22504.48
2011-10-03,21.6,23.7,19.6,21.9,2.2,6.0,73,16.3,1012.7,95,15.0,349,3.9,0.0
2011-10-04,20.0,22.5,18.6,20.0,13.8,13.0,74,15.1,1012.9,92,18.4,358,8.94,19583.94
2011-10-05,18.9,19.8,18.3,19.4,41.7,24.0,89,16.9,1014.3,100,15.3,329,2.28,0.0
2011-10-06,19.7,21.2,18.5,20.9,12.7,19.0,88,17.5,1015.2,100,11.6,332,4.07,902.22
2011-10-07,20.7,21.9,19.7,23.1,11.4,20.0,91,19.3,1014.8,100,10.5,327,2.61,38.15
2011-10-08,22.1,23.2,21.0,25.3,8.9,17.0,93,20.9,1014.1,97,10.0,317,3.23,0.0
2011-10-09,24.8,28.9,21.4,29.0,0.0,0.0,85,22.0,1013.0,47,7.7,302,15.81,38079.52
2011-10-10,26.0,30.4,21.2,30.7,0.2,2.0,83,22.5,1011.6,12,8.1,306,19.04,40338.79
2011-10-11,26.3,31.4,22.4,31.5,4.1,9.0,86,23.5,1011.0,27,10.2,344,18.89,37723.45
2011-10-12,25.5,29.3,23.8,30.4,9.8,17.0,90,23.6,1010.4,86,9.3,325,10.89,21708.85
2011-10-13,25.9,29.7,23.5,31.1,3.5,8.0,87,23.5,1008.7,61,9.9,6,15.15,36228.39
2011-10-14,25.3,28.7,23.1,28.8,7.7,10.0,81,21.6,1010.0,97,16.5,22,13.13,29547.63
2011-10-15,25.3,28.7,23.1,27.9,0.0,0.0,72,19.7,1012.4,92,15.9,30,15.74,38051.78
2011-10-16,23.7,26.8,20.9,24.4,0.0,0.0,62,15.7,1014.7,83,11.9,352,12.33,28022.12
2011-10-17,23.5,28.4,19.2,25.4,0.0,0.0,70,17.3,1016.1,38,10.0,359,19.24,39774.42
2011-10-18,23.9,28.7,20.0,26.1,0.0,0.0,69,17.4,1016.1,49,7.7,18,20.82,39799.43
2011-10-19,23.8,28.7,18.7,26.5,0.0,0.0,74,18.6,1014.4,80,8.9,128,19.04,38031.22
2011-10-20,23.6,27.3,19.1,26.7,0.0,0.0,81,19.9,1014.2,90,9.0,142,15.02,37394.88
2011-10-21,24.0,27.7,20.6,27.6,0.2,1.0,82,20.6,1013.8,60,8.7,150,13.73,38422.02
2011-10-22,24.1,28.7,20.3,27.3,0.0,0.0,80,20.1,1012.6,69,12.3,145,17.83,36177.7
2011-10-23,24.2,29.2,19.6,27.3,0.0,0.0,80,20.1,1012.0,19,10.0,148,18.38,39600.0
2011-10-24,24.6,29.5,20.4,28.4,0.0,0.0,81,20.8,1012.8,11,6.9,120,18.25,39600.0
2011-10-25,24.0,27.5,21.7,26.0,0.0,0.0,73,18.6,1015.5,53,12.4,33,14.91,39600.0
2011-10-26,23.3,26.3,21.3,25.6,0.0,0.0,74,18.3,1015.9,81,7.9,72,8.71,14241.5
2011-10-27,23.6,26.8,22.0,27.3,3.2,12.0,86,21.0,1015.4,81,11.1,98,7.4,17595.41
2011-10-28,22.7,26.4,20.3,25.1,2.3,9.0,82,19.3,1016.8,95,18.6,37,5.98,7290.55
2011-10-29,21.1,23.3,19.8,22.1,0.0,0.0,73,16.1,1017.2,95,10.5,338,6.21,3661.61
2011-10-30,22.4,26.2,19.9,24.6,0.2,1.0,78,18.2,1015.1,79,8.6,349,11.97,22306.31
2011-10-31,23.2,27.0,20.8,26.1,0.3,2.0,80,19.4,1015.1,55,8.7,118,14.07,36834.8
2011-11-01,23.0,27.2,19.2,26.0,0.6,3.0,83,19.7,1015.1,31,8.2,147,14.59,36677.85
2011-11-02,23.4,27.8,19.1,26.5,0.2,1.0,80,19.5,1013.9,41,6.4,297,15.78,37390.46
2011-11-03,24.1,28.4,20.3,27.5,0.0,0.0,78,19.7,1013.3,30,5.8,322,16.75,39391.49
2011-11-04,24.1,28.4,20.2,27.5,0.0,0.0,81,20.4,1013.4,29,8.2,322,14.6,39360.17
2011-11-05,24.8,28.6,21.8,28.5,0.0,0.0,82,21.3,1013.1,35,10.0,325,15.34,38752.6
2011-11-06,25.0,28.9,21.4,28.9,0.4,2.0,82,21.3,1011.9,34,9.0,320,14.04,38732.33
2011-11-07,25.3,28.5,22.9,29.1,0.9,6.0,82,21.8,1010.6,76,10.7,326,11.65,37245.77
2011-11-08,24.0,26.4,22.2,25.5,0.6,3.0,73,18.7,1011.1,95,15.0,344,6.87,6886.09
2011-11-09,22.2,25.6,20.0,21.1,0.0,0.0,55,12.5,1014.3,55,18.1,340,15.7,34910.19
2011-11-10,20.7,25.1,16.6,20.8,0.0,0.0,62,12.9,1014.6,40,10.5,2,15.56,38612.22
2011-11-11,19.6,25.1,14.6,20.3,0.0,0.0,71,13.8,1015.1,20,7.4,55,17.2,39128.49
2011-11-12,20.4,25.3,15.5,21.6,0.2,1.0,78,16.2,1016.0,31,9.7,139,12.59,38864.98
2011-11-13,21.5,26.3,16.3,23.4,0.0,0.0,76,16.8,1016.8,28,6.2,139,14.75,38685.91
2011-11-14,22.3,27.2,17.1,24.4,0.0,0.0,76,17.3,1017.0,27,7.7,167,16.7,38710.65
2011-11-15,22.2,27.5,16.6,24.5,0.0,0.0,77,17.5,1017.1,21,8.2,201,17.41,38735.42
2011-11-16,22.8,27.1,18.0,25.5,0.0,0.0,80,18.9,1015.0,55,8.0,229,13.77,36674.17
2011-11-17,23.5,28.5,19.1,26.6,0.0,0.0,81,19.6,1012.3,84,8.2,270,15.0,36129.04
2011-11-18,24.1,29.2,19.9,27.5,0.0,0.0,80,19.9,1009.1,83,7.2,200,17.61,38809.78
2011-11-19,24.1,29.7,19.6,26.8,0.0,0.0,77,19.4,1013.4,46,11.4,346,16.06,36706.51
2011-11-20,23.2,28.6,18.9,24.5,0.0,0.0,68,16.4,1018.4,27,10.8,29,16.26,38061.02
2011-11-21,22.9,27.5,18.7,24.4,0.0,0.0,69,16.4,1019.5,44,9.2,76,14.09,26930.44
2011-11-22,21.5,22.9,20.3,23.9,8.4,15.0,84,18.6,1019.7,99,7.6,350,2.81,0.0
2011-11-23,21.2,23.5,19.2,22.7,2.2,5.0,79,17.3,1021.2,82,9.8,334,5.13,3268.58
2011-11-24,21.4,26.0,17.5,22.3,0.0,0.0,71,15.5,1019.8,28,9.5,2,15.47,37891.56
2011-11-25,21.2,25.6,15.7,22.8,0.1,1.0,75,16.3,1018.3,54,8.2,125,13.38,32389.76
2011-11-26,22.1,25.0,20.2,24.7,2.5,13.0,82,18.8,1016.4,76,8.3,126,8.09,23123.49
2011-11-27,22.1,25.4,20.1,24.8,1.4,5.0,86,19.5,1014.3,61,10.1,132,9.45,31553.55
2011-11-28,21.8,24.4,20.1,24.9,1.4,6.0,91,20.2,1012.3,68,7.5,101,8.06,22040.16
2011-11-29,22.4,26.1,20.4,25.3,0.5,2.0,87,20.0,1013.0,66,10.7,128,10.57,33316.71
2011-11-30,21.8,25.0,19.9,24.9,2.3,8.0,88,19.6,1014.1,84,4.6,333,6.82,18939.85
2011-12-01,17.2,20.4,14.5,15.9,1.3,4.0,71,11.7,1019.0,95,17.2,17,2.6,0.0
2011-12-02,16.1,20.2,12.5,14.5,0.0,0.0,60,8.1,1019.3,44,13.4,22,16.6,36458.93
2011-12-03,15.6,20.7,10.3,14.9,0.0,0.0,71,9.8,1016.6,33,10.1,105,15.93,37293.64
2011-12-04,17.1,22.1,11.4,17.0,0.0,0.0,74,12.0,1017.3,44,8.3,79,13.02,27134.47
2011-12-05,18.9,23.5,13.6,19.8,0.0,0.0,78,14.8,1016.3,69,9.5,131,11.96,23212.08
2011-12-06,20.2,22.9,18.0,22.2,0.0,0.0,82,17.0,1016.7,95,4.8,307,5.49,5965.1
2011-12-07,19.2,20.3,16.9,20.0,1.3,6.0,80,15.6,1017.2,100,9.6,6,1.47,0.0
2011-12-08,16.4,17.6,15.7,14.5,2.1,7.0,64,9.4,1020.6,100,15.8,19,2.69,0.0
2011-12-09,14.8,15.7,14.1,11.6,0.0,0.0,48,3.9,1023.8,99,15.3,23,3.18,0.0
2011-12-10,13.9,14.9,13.0,10.1,0.0,0.0,40,0.5,1026.2,96,17.7,19,5.14,4262.9
2011-12-11,13.0,17.1,9.3,10.2,0.0,0.0,46,1.2,1024.6,18,11.9,2,16.58,36093.04
2011-12-12,13.2,19.3,8.3,11.1,0.0,0.0,59,4.7,1022.1,33,9.8,335,16.7,36658.13
2011-12-13,14.4,20.6,8.7,13.2,0.0,0.0,66,7.6,1019.9,44,6.9,329,16.85,36404.04
2011-12-14,16.5,22.1,11.6,15.9,0.0,0.0,67,9.8,1018.9,42,7.3,336,14.64,36149.48
2011-12-15,17.4,20.0,13.7,15.8,0.0,0.0,56,8.4,1020.6,79,12.2,15,7.78,25404.69
2011-12-16,15.7,17.1,14.9,13.4,0.0,0.0,52,6.0,1024.2,99,13.1,19,3.42,0.0
2011-12-17,15.7,18.1,14.3,14.1,0.0,0.0,57,7.1,1023.7,83,9.0,12,8.43,17903.38
2011-12-18,16.2,18.0,15.1,14.7,0.0,0.0,58,7.8,1023.7,98,11.3,348,5.47,2547.52
2011-12-19,16.5,20.4,13.1,15.5,0.0,0.0,63,9.1,1020.8,53,7.6,46,14.27,34066.32
2011-12-20,16.0,21.7,9.9,15.6,0.0,0.0,72,10.4,1018.9,14,7.3,313,16.17,36000.0
2011-12-21,18.6,22.5,15.1,18.5,0.0,0.0,67,12.0,1018.2,65,7.1,51,11.72,34797.45
2011-12-22,17.9,20.3,16.5,16.6,0.0,0.0,56,8.8,1019.2,80,11.6,21,6.16,9443.75
2011-12-23,15.6,17.5,13.6,13.0,0.0,0.0,52,5.7,1021.0,81,16.3,30,7.82,17968.18
2011-12-24,13.6,16.9,10.1,10.2,0.0,0.0,45,1.5,1025.2,56,17.3,12,9.74,25254.82
2011-12-25,12.5,18.2,6.9,9.8,0.0,0.0,48,0.9,1024.9,26,9.4,353,17.07,36000.0
2011-12-26,12.8,19.1,5.7,10.7,0.0,0.0,56,3.0,1024.2,14,7.0,334,17.31,36066.88
2011-12-27,16.0,18.6,13.7,14.7,0.0,0.0,56,7.1,1022.3,96,5.8,327,6.54,4283.97
2011-12-28,16.7,18.3,15.6,15.9,0.0,0.0,61,9.1,1021.7,100,6.8,344,3.44,0.0
2011-12-29,17.3,20.0,15.9,16.8,1.6,3.0,66,11.0,1019.8,100,11.8,28,5.28,3348.35
2011-12-30,15.8,18.6,14.7,14.7,0.3,3.0,68,9.8,1022.8,83,8.7,13,6.85,16918.76
2011-12-31,14.8,17.0,13.5,13.4,0.0,0.0,65,8.4,1024.0,88,9.1,4,4.89,5536.95
2012-01-01,15.1,16.5,13.8,14.5,0.0,0.0,72,10.1,1021.9,90,5.8,2,3.4,176.27
2012-01-02,15.4,16.5,14.5,15.2,0.0,0.0,76,11.2,1019.3,99,5.4,26,2.77,0.0
2012-01-03,14.8,17.0,11.5,14.6,3.7,16.0,89,13.0,1018.7,100,14.6,26,2.63,0.0
2012-01-04,9.5,11.1,9.0,6.9,4.4,15.0,80,6.2,1025.0,100,13.0,12,2.15,0.0
2012-01-05,9.6,10.8,8.3,7.3,0.0,0.0,71,4.6,1023.9,91,8.7,4,3.76,3921.49
2012-01-06,11.5,13.5,9.6,9.7,0.0,0.0,72,6.6,1023.5,80,8.3,10,5.29,3631.1
2012-01-07,12.4,14.2,10.6,10.9,0.0,0.0,71,7.2,1025.5,96,7.6,7,5.14,5530.94
2012-01-08,13.1,15.6,11.3,11.7,0.0,0.0,70,7.8,1025.4,95,9.4,18,6.56,10563.07
2012-01-09,14.3,17.4,11.4,13.4,0.0,0.0,71,9.2,1023.8,96,6.8,19,9.82,27223.9
2012-01-10,15.6,18.5,13.3,14.9,0.0,0.0,69,9.8,1022.7,92,6.5,1,7.16,2549.92
2012-01-11,15.3,17.0,13.6,14.6,3.6,8.0,74,10.6,1023.6,89,9.7,359,4.61,865.96
2012-01-12,14.4,16.4,12.8,13.9,0.8,3.0,77,10.4,1022.2,93,5.8,55,5.36,70.38
2012-01-13,16.2,19.7,12.5,16.5,0.0,0.0,81,12.8,1018.6,69,8.4,116,10.47,29279.37
2012-01-14,16.3,17.0,15.5,17.5,5.1,14.0,93,15.2,1013.5,100,5.7,101,1.52,0.0
2012-01-15,16.5,18.5,14.9,17.5,7.3,14.0,93,15.4,1010.4,100,9.7,44,2.66,0.0
2012-01-16,15.9,19.3,13.4,15.7,0.1,1.0,80,12.4,1012.1,96,11.0,87,7.39,11783.35
2012-01-17,17.5,21.3,14.9,17.5,0.2,2.0,82,14.3,1011.2,94,16.8,133,6.08,1528.5
2012-01-18,19.6,23.0,16.8,21.5,0.1,1.0,89,17.7,1010.3,91,10.5,104,6.66,9985.58
2012-01-19,20.6,22.5,19.2,23.0,1.1,6.0,92,19.2,1011.5,99,12.4,120,5.08,1001.09
2012-01-20,19.8,21.7,18.5,21.6,2.8,15.0,92,18.5,1011.5,100,13.0,123,3.8,411.37
2012-01-21,19.4,20.7,18.2,21.1,4.0,18.0,94,18.5,1010.3,100,12.8,102,3.46,0.0
2012-01-22,12.4,17.7,10.0,10.6,4.2,17.0,81,9.1,1016.5,100,13.4,33,3.4,0.0
2012-01-23,10.2,11.8,8.8,7.7,0.2,2.0,67,4.3,1020.3,93,10.6,31,4.29,188.27
2012-01-24,10.9,12.2,10.1,8.7,0.2,2.0,73,6.2,1019.2,95,12.4,23,4.9,0.0
2012-01-25,10.0,10.8,9.0,7.1,0.0,0.0,58,2.0,1021.9,94,11.2,8,3.69,24.86
2012-01-26,11.1,13.0,9.8,9.4,0.0,0.0,67,5.2,1018.9,94,6.3,15,4.83,881.21
2012-01-27,12.9,15.4,10.7,12.2,0.2,2.0,80,9.5,1015.7,91,7.6,44,6.25,7011.59
2012-01-28,15.0,17.5,13.3,14.8,0.5,4.0,84,12.4,1015.8,100,8.7,11,5.22,725.98
2012-01-29,14.2,15.8,12.7,13.6,0.3,3.0,77,10.3,1018.4,97,7.6,12,4.31,701.88
2012-01-30,13.5,15.0,12.5,12.3,0.4,4.0,75,9.1,1021.2,100,8.6,14,3.27,0.0
2012-01-31,13.0,14.7,11.8,11.9,0.0,0.0,74,8.4,1022.1,91,6.5,7,4.17,276.03
2012-02-01,15.0,18.9,10.2,14.5,0.0,0.0,76,10.7,1018.1,77,8.5,112,11.72,27186.01
2012-02-02,15.3,16.5,13.6,15.6,3.0,13.0,90,13.7,1019.0,99,9.2,25,2.56,0.0
2012-02-03,12.3,13.3,11.3,11.1,3.4,10.0,84,9.6,1021.5,100,10.5,22,1.84,0.0
2012-02-04,15.7,19.7,12.2,15.6,0.0,0.0,76,11.5,1017.1,86,7.6,84,13.15,33671.87
2012-02-05,18.3,22.3,15.4,19.4,0.0,0.0,87,16.0,1012.8,82,14.3,145,7.16,7576.74
2012-02-06,21.4,27.6,17.0,24.1,0.0,0.0,85,18.6,1007.4,49,8.6,47,16.54,33425.75
2012-02-07,16.1,20.0,14.2,14.6,1.9,10.0,67,10.0,1014.7,96,16.7,29,3.93,0.0
2012-02-08,14.0,15.2,12.5,12.6,0.1,1.0,70,8.7,1019.4,96,8.9,32,3.83,0.0
2012-02-09,13.7,16.0,11.7,12.9,0.0,0.0,75,9.4,1017.6,95,6.5,69,5.92,2683.88
2012-02-10,14.3,16.9,11.7,13.5,0.5,4.0,80,10.9,1018.0,98,12.0,22,4.24,0.0
2012-02-11,11.6,12.9,10.1,10.0,0.6,4.0,75,7.4,1021.1,99,8.2,29,3.95,0.0
2012-02-12,14.9,18.7,11.5,14.8,0.0,0.0,79,11.2,1018.4,99,6.8,58,8.18,12295.64
2012-02-13,16.9,18.9,14.8,17.9,0.6,4.0,90,15.1,1016.6,99,8.9,31,5.18,0.0
2012-02-14,19.4,22.8,16.8,20.9,0.1,1.0,86,16.8,1013.6,90,10.0,140,7.51,3052.35
2012-02-15,19.3,22.6,16.3,20.7,0.4,2.0,87,17.0,1011.3,94,11.2,115,6.36,1365.0
2012-02-16,17.1,18.5,15.2,16.5,0.5,4.0,72,12.0,1015.8,94,15.3,35,5.28,520.88
2012-02-17,14.6,15.6,13.4,12.9,0.1,1.0,66,8.3,1019.2,100,10.2,30,4.64,0.0
2012-02-18,12.2,13.2,11.0,10.3,0.6,3.0,72,7.3,1022.3,100,11.0,17,3.4,0.0
2012-02-19,11.6,13.3,10.0,9.7,0.1,1.0,70,6.2,1022.4,92,10.1,2,4.8,598.74
2012-02-20,14.8,18.7,11.6,14.3,0.0,0.0,73,9.9,1017.1,89,7.4,102,11.47,18451.25
2012-02-21,17.3,22.6,13.0,18.0,0.0,0.0,83,14.2,1012.4,68,9.6,129,10.45,10812.78
2012-02-22,19.1,25.0,15.1,20.2,0.0,0.0,87,16.6,1008.0,64,12.6,146,10.41,20528.01
2012-02-23,21.5,27.1,17.8,24.1,0.0,0.0,87,18.9,1005.4,64,9.9,89,14.14,26417.99
2012-02-24,21.8,27.3,18.9,24.6,0.1,1.0,88,19.4,1005.9,67,9.3,97,9.23,16440.55
2012-02-25,19.9,21.6,18.5,21.0,0.9,6.0,80,16.2,1009.0,95,10.5,65,6.72,1283.01
2012-02-26,14.5,18.1,12.8,13.5,3.2,15.0,79,10.8,1014.2,100,12.5,40,3.61,0.0
2012-02-27,11.1,12.4,10.1,9.1,2.6,14.0,79,7.5,1016.6,100,11.3,30,3.28,0.0
2012-02-28,12.0,14.1,9.5,10.5,0.1,1.0,74,7.4,1013.4,95,7.0,44,7.19,7642.97
2012-02-29,14.9,17.3,12.7,14.7,0.2,2.0,80,11.5,1012.9,100,8.9,1,6.3,297.76
2012-03-01,17.1,19.3,14.8,18.0,0.1,1.0,84,14.4,1012.7,100,5.4,39,6.97,0.0
2012-03-02,18.8,21.3,16.5,20.6,0.9,5.0,87,16.6,1010.8,100,7.1,53,6.43,2004.01
2012-03-03,20.1,21.8,18.5,22.7,2.8,15.0,93,19.0,1009.5,100,9.3,110,4.06,0.0
2012-03-04,22.3,25.3,20.1,26.0,2.9,12.0,94,21.2,1007.6,98,8.9,144,6.06,384.46
2012-03-05,24.0,29.5,20.6,28.0,0.0,0.0,85,21.1,1005.0,85,10.9,127,18.36,33641.22
2012-03-06,25.1,31.6,21.4,29.0,0.0,0.0,83,21.7,1003.6,47,13.8,128,20.07,35950.4
2012-03-07,23.8,29.1,20.6,27.0,0.0,0.0,85,21.0,1004.6,73,15.1,98,15.06,28310.52
2012-03-08,21.9,24.3,20.2,24.1,1.4,9.0,85,19.2,1007.3,100,13.8,112,6.13,0.0
2012-03-09,16.0,20.4,14.0,15.6,3.8,18.0,84,13.2,1012.5,100,12.7,40,4.62,0.0
2012-03-10,14.1,15.3,12.6,12.7,0.8,5.0,71,8.8,1017.9,100,10.5,19,4.6,0.0
2012-03-11,14.8,16.3,13.6,13.8,0.0,0.0,68,8.9,1019.5,97,7.1,16,5.17,2719.28
2012-03-12,16.0,17.7,14.4,15.6,0.0,0.0,72,10.8,1020.3,95,6.2,29,6.72,1529.26
2012-03-13,15.5,16.5,14.5,15.3,0.2,1.0,78,11.7,1020.3,94,8.0,17,4.35,0.0
2012-03-14,17.5,20.8,14.5,18.3,0.0,0.0,80,13.9,1016.3,92,7.1,111,9.23,11304.49
2012-03-15,20.2,24.0,16.9,22.2,0.0,0.0,84,17.4,1013.3,84,10.2,129,10.57,7086.33
2012-03-16,21.9,26.3,18.5,24.8,0.0,0.0,88,19.7,1010.4,94,10.7,132,8.81,4428.26
2012-03-17,23.6,27.0,21.2,27.7,0.4,3.0,90,21.9,1008.6,94,8.8,131,8.22,6539.03
2012-03-18,24.1,27.7,22.1,28.4,0.3,2.0,90,22.3,1009.9,92,8.4,117,8.42,13609.05
2012-03-19,24.7,29.3,21.8,28.4,0.0,0.0,86,22.0,1009.8,85,14.4,145,13.5,27004.83
2012-03-20,25.1,29.1,22.6,28.7,0.2,2.0,86,22.4,1009.3,80,14.8,137,13.18,25526.4
2012-03-21,24.8,28.6,22.9,27.6,1.0,5.0,87,22.4,1009.2,88,23.5,150,13.27,25557.83
2012-03-22,24.8,27.9,22.8,27.2,0.8,7.0,86,22.1,1008.9,83,22.0,148,11.19,17524.49
2012-03-23,20.9,23.4,18.2,20.7,5.8,5.0,70,14.6,1015.7,93,31.1,37,8.88,10857.71
2012-03-24,19.1,22.8,15.8,17.6,0.0,0.0,50,8.1,1020.5,35,14.0,35,21.52,41515.54
2012-03-25,18.8,23.4,13.0,18.8,0.0,0.0,65,11.4,1019.3,50,7.4,341,21.65,43200.0
2012-03-26,20.0,25.0,15.2,20.2,0.0,0.0,64,12.4,1018.8,67,12.7,138,22.28,43200.0
2012-03-27,20.7,25.3,15.3,21.7,0.0,0.0,72,15.3,1018.5,49,12.3,138,16.46,28481.18
2012-03-28,22.2,26.0,19.3,24.4,0.0,0.0,81,18.7,1016.6,76,12.5,148,8.26,10917.02
2012-03-29,22.5,26.6,20.1,24.3,0.4,2.0,83,19.4,1014.1,86,16.3,141,8.27,7569.29
2012-03-30,23.3,27.3,20.0,25.9,0.2,2.0,83,20.1,1013.2,96,11.4,135,8.91,9042.91
2012-03-31,20.3,22.2,18.6,20.3,6.3,7.0,73,15.1,1020.1,98,20.4,347,4.26,170.7
2012-04-01,21.6,26.1,18.7,22.3,0.0,0.0,66,14.9,1017.3,76,15.3,164,18.28,31774.88
2012-04-02,22.6,29.2,17.0,24.4,0.0,0.0,76,17.8,1012.9,85,17.7,146,21.16,38995.34
2012-04-03,22.6,25.2,19.7,25.9,0.1,1.0,87,20.3,1015.6,87,9.7,126,5.63,0.0
2012-04-04,24.8,29.4,21.3,28.2,0.0,0.0,83,21.6,1012.5,89,14.5,150,14.21,27062.15
2012-04-05,25.4,29.8,22.2,29.8,0.0,0.0,85,22.6,1010.0,99,11.4,124,12.58,16021.4
2012-04-06,24.2,27.6,22.0,27.4,1.4,7.0,84,21.2,1012.0,100,12.8,67,8.16,5327.06
2012-04-07,20.6,21.5,19.8,22.5,18.3,15.0,87,18.3,1014.9,100,11.5,13,4.43,0.0
2012-04-08,21.2,23.5,19.4,23.0,0.0,0.0,77,17.0,1014.5,97,7.9,35,8.65,5184.66
2012-04-09,22.7,26.8,19.9,24.9,0.0,0.0,81,19.2,1012.4,77,13.3,150,12.09,20212.22
2012-04-10,23.9,29.4,19.6,27.0,0.0,0.0,84,20.8,1010.8,65,15.5,150,17.27,35730.52
2012-04-11,25.5,31.0,21.7,29.6,0.0,0.0,84,22.4,1008.0,59,13.6,153,16.63,31638.88
2012-04-12,26.9,32.5,22.9,31.6,1.3,2.0,83,23.6,1005.4,35,12.7,159,20.76,42972.34
2012-04-13,27.1,32.0,23.0,32.0,0.0,0.0,82,23.5,1006.8,50,11.2,101,18.48,39745.52
2012-04-14,27.4,32.8,23.8,32.0,0.0,0.0,83,24.0,1007.3,62,15.0,138,17.68,43200.0
2012-04-15,27.9,33.3,24.0,33.0,0.0,0.0,81,24.1,1005.3,60,14.8,138,18.82,41072.77
2012-04-16,27.2,30.7,24.3,32.0,0.2,1.0,84,24.0,1005.3,88,11.0,66,11.09,9855.21
2012-04-17,28.2,32.8,24.9,33.5,0.6,3.0,82,24.6,1003.9,73,13.9,137,15.1,32102.79
2012-04-18,28.5,33.2,24.6,34.0,0.0,0.0,80,24.5,1003.1,55,14.2,129,18.59,35260.01
2012-04-19,28.3,33.0,24.2,33.5,28.3,3.0,80,24.3,1004.5,60,12.9,95,16.43,29621.3
2012-04-20,26.9,32.5,23.9,31.7,44.3,9.0,85,23.9,1005.1,72,19.6,62,17.14,31568.19
2012-04-21,25.1,28.6,22.1,28.0,23.1,6.0,75,20.0,1009.3,55,12.1,1,20.51,43200.0
2012-04-22,24.4,29.3,20.1,27.3,0.0,0.0,79,20.2,1006.9,45,18.6,140,21.46,43200.0
2012-04-23,27.1,32.2,22.5,31.2,0.0,0.0,79,23.0,1003.2,45,17.1,165,21.5,43200.0
2012-04-24,30.3,35.8,25.5,35.3,0.0,0.0,71,24.2,1000.0,12,16.9,176,26.0,43200.0
2012-04-25,30.8,36.7,25.5,36.1,0.3,2.0,67,23.7,1001.9,9,21.9,79,26.63,43200.0
2012-04-26,24.1,27.9,21.7,25.7,1.5,2.0,67,17.4,1009.3,56,16.4,53,18.98,29463.88
2012-04-27,25.7,29.9,21.7,29.5,0.0,0.0,81,22.1,1005.0,56,15.8,146,15.4,33957.37
2012-04-28,28.0,33.8,23.5,33.3,0.0,0.0,80,24.1,1001.9,53,17.3,131,22.2,40806.02
2012-04-29,29.8,35.0,25.2,35.3,0.0,0.0,74,24.3,1001.2,41,15.4,163,24.83,43345.12
2012-04-30,30.9,36.5,26.0,35.9,0.0,0.0,66,23.6,999.5,10,13.1,187,26.32,43327.5
2012-05-01,31.6,37.1,26.1,36.2,0.0,0.0,61,23.0,1000.1,6,13.4,198,27.01,43565.21
2012-05-02,31.7,37.2,26.3,37.4,0.0,0.0,65,24.1,1000.6,15,14.4,166,26.19,43548.69
2012-05-03,32.0,37.6,26.9,37.5,0.0,0.0,64,23.9,999.5,4,13.9,162,26.62,43532.6
2012-05-04,31.6,36.9,26.6,37.1,0.0,0.0,65,23.9,1000.4,14,15.4,124,26.63,43773.05
2012-05-05,27.7,31.5,25.4,33.5,19.3,11.0,85,24.9,1005.6,86,11.9,63,11.14,14492.98
2012-05-06,26.6,31.1,24.0,32.0,9.7,13.0,87,24.2,1007.2,90,12.8,120,15.52,32343.35
2012-05-07,26.9,29.9,24.5,31.9,6.3,7.0,88,24.6,1006.7,70,16.4,147,15.87,35798.99
2012-05-08,27.8,31.2,24.7,33.1,6.4,10.0,84,24.8,1005.8,67,13.3,150,18.05,42870.4
2012-05-09,28.8,32.7,26.0,34.7,0.8,3.0,82,25.2,1006.5,76,10.2,153,20.52,42135.06
2012-05-10,29.1,32.6,26.0,35.5,2.1,4.0,82,25.6,1006.4,61,10.9,171,19.63,40148.96
2012-05-11,29.1,33.3,25.4,35.1,0.0,0.0,81,25.4,1003.4,99,9.8,129,17.0,30540.13
2012-05-12,30.2,34.9,27.0,36.3,0.0,0.0,77,25.6,1001.0,85,16.2,158,22.23,42032.04
2012-05-13,28.7,32.9,25.5,34.1,1.3,4.0,81,25.0,1000.8,100,13.2,99,14.68,24897.11
2012-05-14,28.8,33.7,24.0,34.7,31.2,7.0,82,25.3,1002.3,97,20.9,77,17.66,35059.68
2012-05-15,23.9,25.7,23.1,27.3,29.4,16.0,85,21.3,1007.9,93,10.1,346,6.45,1666.02
2012-05-16,26.1,30.5,22.2,29.8,0.0,0.0,72,20.5,1005.5,42,12.6,30,25.64,44223.79
2012-05-17,27.5,31.4,23.7,33.1,0.1,1.0,82,24.1,1004.5,27,10.1,121,23.32,44402.58
2012-05-18,28.1,32.1,24.6,33.8,0.0,0.0,82,24.6,1004.3,37,12.1,136,22.9,43872.25
2012-05-19,28.6,31.9,26.4,35.0,3.4,8.0,85,25.7,1004.3,82,11.3,150,16.15,32959.19
2012-05-20,28.6,32.8,26.4,35.2,6.8,8.0,86,25.9,1003.1,95,15.3,130,18.14,37652.15
2012-05-21,27.1,29.7,25.1,33.1,21.0,11.0,91,25.4,1002.7,100,12.3,114,7.62,0.0
2012-05-22,26.8,29.9,25.4,32.9,33.1,22.0,93,25.6,1002.7,100,11.6,119,8.73,5799.99
2012-05-23,26.1,28.2,25.0,32.4,36.2,22.0,95,25.3,1001.8,100,8.3,58,7.44,0.0
2012-05-24,26.5,30.1,24.6,32.5,12.9,14.0,91,24.8,1001.4,100,6.2,80,11.03,7182.46
2012-05-25,25.1,27.6,22.8,29.8,20.6,24.0,92,23.7,1003.3,100,13.9,49,7.57,2349.02
2012-05-26,23.4,24.4,22.3,26.9,34.0,17.0,90,21.6,1006.3,100,13.3,343,3.67,0.0
2012-05-27,25.2,27.9,23.2,29.8,0.4,3.0,86,22.6,1006.1,85,7.4,9,9.16,4337.95
2012-05-28,26.8,31.3,23.6,32.5,2.5,6.0,86,24.2,1005.3,95,10.5,116,19.22,38300.72
2012-05-29,27.1,31.2,24.8,32.7,9.4,14.0,88,24.9,1005.6,98,11.0,125,14.16,28012.2
2012-05-30,26.2,27.8,24.8,31.4,17.0,22.0,89,24.2,1006.4,100,12.1,356,7.95,8866.73
2012-05-31,26.3,28.9,24.3,31.0,10.0,14.0,82,23.0,1006.8,99,9.7,328,13.24,25219.35
2012-06-01,26.5,29.9,24.3,31.5,4.5,11.0,84,23.4,1006.0,95,10.1,54,16.05,38387.19
2012-06-02,25.2,26.9,24.2,29.7,4.8,9.0,87,22.9,1005.3,98,9.9,39,6.72,3745.36
2012-06-03,26.2,29.2,24.4,31.3,4.5,7.0,86,23.6,1002.3,96,6.9,61,10.95,12949.49
2012-06-04,27.7,31.5,24.7,33.9,4.0,7.0,87,25.1,1000.8,91,8.5,129,16.39,26747.22
2012-06-05,28.8,32.5,25.7,35.5,7.1,7.0,86,26.2,1000.1,95,10.9,134,16.81,36945.97
2012-06-06,28.8,32.9,26.6,35.6,13.4,12.0,86,26.1,999.5,99,9.2,112,16.27,28929.79
2012-06-07,27.6,30.8,25.5,33.8,7.1,14.0,89,25.6,1000.7,99,11.3,111,11.12,18024.03
2012-06-08,26.5,29.5,25.1,32.7,14.4,20.0,94,25.4,1002.2,99,8.0,114,9.28,2275.42
2012-06-09,28.4,32.1,25.4,35.0,2.5,10.0,87,25.9,1000.9,99,11.9,155,16.8,25020.7
2012-06-10,29.7,33.4,26.7,35.3,1.2,7.0,78,25.5,998.1,97,13.7,180,16.54,30633.37
2012-06-11,30.4,33.9,27.8,36.0,0.2,1.0,73,25.0,998.0,100,12.2,200,17.03,35907.18
2012-06-12,30.2,33.2,27.1,37.1,0.0,0.0,80,26.2,998.9,100,8.1,57,15.2,21163.83
2012-06-13,29.5,33.6,26.3,35.4,0.0,0.0,77,25.0,999.5,93,8.9,89,16.41,30966.18
2012-06-14,30.4,35.3,26.7,36.1,3.9,7.0,73,24.8,998.0,99,14.1,270,19.42,34349.47
2012-06-15,28.0,31.7,25.7,33.9,16.3,18.0,86,25.3,1000.1,99,12.8,308,15.33,26031.05
2012-06-16,29.4,33.6,26.0,34.9,0.0,0.0,76,24.3,999.7,81,12.7,337,24.17,45210.18
2012-06-17,30.0,33.8,26.3,35.5,0.0,0.0,72,24.0,999.6,35,10.6,334,25.27,45746.38
2012-06-18,30.0,34.0,26.0,36.7,0.1,1.0,79,25.5,998.7,39,10.9,239,24.04,44131.23
2012-06-19,30.4,34.6,26.9,37.0,0.1,1.0,77,25.7,996.4,98,12.1,299,20.11,33247.02
2012-06-20,27.4,29.1,25.9,33.5,8.3,17.0,87,24.9,999.4,99,5.7,74,10.04,17949.18
2012-06-21,28.6,32.3,26.0,35.1,5.5,13.0,85,25.7,1000.7,97,8.4,170,13.72,23044.7
2012-06-22,29.9,34.1,26.6,36.1,0.0,0.0,77,25.3,1000.0,100,11.1,194,19.36,31995.66
2012-06-23,29.3,32.8,26.7,35.2,1.0,5.0,78,25.0,998.0,100,12.1,181,16.03,23811.09
2012-06-24,28.7,31.7,26.4,33.8,0.1,1.0,78,24.4,998.5,99,15.1,175,14.24,30229.52
2012-06-25,29.2,31.8,27.0,34.0,3.0,5.0,74,24.0,998.7,100,13.0,180,16.46,23928.06
2012-06-26,29.8,33.5,27.3,34.8,0.5,2.0,72,24.1,997.9,100,12.6,199,14.16,14852.86
2012-06-27,29.6,33.0,27.2,35.2,0.0,0.0,75,24.7,998.5,100,10.5,173,12.21,7934.87
2012-06-28,29.2,33.3,26.3,35.9,13.5,11.0,81,25.5,1000.4,94,9.0,121,18.16,28317.11
2012-06-29,29.0,32.7,26.1,35.8,4.1,4.0,84,25.8,1000.6,76,10.0,143,22.32,42691.85
2012-06-30,28.8,31.7,26.1,35.6,6.6,10.0,86,26.2,999.6,92,11.6,109,17.08,33850.18
2012-07-01,26.4,30.0,24.7,32.2,15.6,18.0,91,24.7,1002.7,96,9.0,110,11.18,13337.98
2012-07-02,26.1,29.1,24.4,31.4,15.3,16.0,89,24.1,1004.2,85,11.2,96,12.4,25129.8
2012-07-03,27.0,30.4,24.5,32.3,2.2,8.0,85,24.1,1002.2,93,12.1,110,16.16,41635.21
2012-07-04,27.7,31.3,24.9,33.0,1.3,6.0,83,24.3,1001.8,80,13.2,131,17.73,39520.06
2012-07-05,27.8,31.6,24.9,33.4,1.8,9.0,84,24.6,1002.9,52,12.5,132,21.09,42290.86
2012-07-06,27.8,31.0,25.0,33.2,1.4,7.0,84,24.7,1002.6,91,11.7,146,17.14,36254.35
2012-07-07,27.5,31.1,25.1,33.4,7.4,14.0,89,25.3,1001.5,95,10.1,119,14.64,23431.0
2012-07-08,28.4,32.4,25.6,34.5,5.2,11.0,85,25.5,1002.0,70,11.7,140,20.52,40866.56
2012-07-09,29.1,33.1,26.2,35.1,2.5,4.0,80,25.2,1003.5,36,11.0,146,23.19,45024.28
2012-07-10,29.9,33.6,27.0,36.3,1.1,3.0,79,25.7,1003.3,50,12.8,154,23.69,44500.24
2012-07-11,30.3,34.0,27.9,36.6,0.8,3.0,79,26.1,1002.5,74,14.3,150,22.85,44511.39
2012-07-12,30.1,34.0,28.0,36.5,1.0,5.0,80,26.3,1002.4,82,14.6,153,22.25,43724.08
2012-07-13,30.3,34.2,27.3,36.7,0.5,2.0,79,26.1,1001.7,95,13.5,160,20.89,38399.56
2012-07-14,30.8,34.7,27.4,37.1,0.0,0.0,73,25.3,1000.7,91,11.3,185,23.59,42975.22
2012-07-15,31.4,35.3,27.9,37.2,0.0,0.0,69,24.8,1001.2,97,12.4,207,24.65,42888.29
2012-07-16,31.6,35.8,27.7,37.4,0.0,0.0,68,24.7,1000.8,99,11.4,206,24.69,41959.87
2012-07-17,30.7,33.0,28.6,36.1,0.0,0.0,71,24.6,1000.1,100,9.7,195,11.82,4676.92
2012-07-18,30.0,34.1,27.5,35.7,5.4,7.0,74,24.7,1001.0,99,9.4,170,17.92,30147.03
2012-07-19,28.2,32.0,26.3,35.0,12.6,13.0,89,26.0,1003.4,94,8.3,59,14.7,20934.94
2012-07-20,28.2,32.2,25.2,34.8,14.8,10.0,87,25.6,1004.2,65,7.2,62,16.97,26432.76
2012-07-21,30.4,34.6,26.5,37.3,0.0,0.0,78,25.9,1001.5,89,10.6,186,24.75,43448.32
2012-07-22,30.6,35.1,27.0,37.1,12.8,2.0,75,25.4,997.1,97,13.2,261,22.68,37575.56
2012-07-23,27.9,32.2,25.6,34.1,16.7,20.0,87,25.5,996.9,98,10.7,325,17.55,29014.45
2012-07-24,28.7,32.6,25.6,34.7,11.9,14.0,83,25.4,996.1,99,12.1,301,19.97,36000.0
2012-07-25,27.3,29.2,25.9,32.8,27.1,19.0,89,25.3,997.1,100,13.1,161,10.24,13703.49
2012-07-26,27.7,31.1,24.8,33.1,4.6,13.0,84,24.6,1000.7,100,12.3,141,13.28,16040.64
2012-07-27,28.0,32.6,25.5,34.8,18.4,10.0,87,25.6,1000.7,99,7.4,169,18.85,33248.04
2012-07-28,27.4,29.5,25.4,33.7,29.4,19.0,89,25.3,1001.5,100,7.4,69,12.73,23706.51
2012-07-29,26.5,30.6,24.5,32.7,25.6,22.0,92,25.0,1002.4,100,8.7,82,14.14,16685.5
2012-07-30,26.8,29.7,25.0,32.8,10.9,16.0,90,24.9,1000.4,97,9.6,92,13.03,25884.42
2012-07-31,27.5,32.4,24.4,33.5,5.0,10.0,86,24.8,999.1,76,8.6,336,20.81,40799.18
2012-08-01,29.0,33.4,25.4,36.4,0.3,2.0,84,25.9,999.0,56,6.6,291,25.11,41691.6
2012-08-02,29.6,33.9,26.4,36.9,0.9,5.0,84,26.5,999.6,86,9.8,332,23.59,43200.0
2012-08-03,29.5,33.6,25.9,36.3,3.4,7.0,81,25.8,1000.0,49,9.7,296,24.03,43200.0
2012-08-04,30.0,34.4,26.3,36.9,0.0,0.0,80,25.8,998.9,74,9.4,246,23.12,40622.52
2012-08-05,30.6,34.6,26.2,37.1,0.0,0.0,77,25.7,997.9,98,9.7,227,22.58,43200.0
2012-08-06,27.7,29.2,25.4,34.3,11.5,20.0,91,26.1,999.2,100,12.0,353,7.01,0.0
2012-08-07,25.6,27.1,24.6,30.4,28.8,24.0,92,24.2,1000.1,100,18.6,321,4.39,0.0
2012-08-08,26.1,28.0,24.9,31.0,28.8,24.0,91,24.5,1000.3,99,17.4,355,5.76,623.44
2012-08-09,26.5,30.3,24.5,32.1,11.5,16.0,90,24.6,1000.9,89,9.2,349,12.43,27445.14
2012-08-10,26.8,30.0,24.4,32.3,4.4,11.0,89,24.6,1002.0,95,8.7,322,12.87,28448.89
2012-08-11,27.6,31.7,24.9,34.2,1.3,6.0,89,25.6,1002.3,96,10.1,131,16.83,33806.58
2012-08-12,28.4,32.7,25.1,35.3,0.5,4.0,86,25.8,1000.4,82,11.6,114,21.3,41324.31
2012-08-13,27.9,31.2,25.4,34.6,11.1,16.0,89,25.9,1000.3,75,9.4,358,16.13,28135.69
2012-08-14,27.5,31.8,25.0,33.7,11.0,10.0,89,25.4,1002.0,94,10.4,69,15.73,27256.36
2012-08-15,27.2,31.3,24.9,33.5,17.9,15.0,89,25.2,1003.4,92,8.5,348,14.01,22410.91
2012-08-16,28.5,32.9,24.8,34.8,4.6,4.0,84,25.4,1002.3,93,10.3,318,20.77,36090.34
2012-08-17,28.7,32.3,26.4,34.1,15.8,9.0,83,25.4,998.1,99,17.6,300,15.15,20419.4
2012-08-18,26.7,28.2,25.2,31.1,81.4,20.0,90,24.9,999.4,100,20.2,160,4.09,0.0
2012-08-19,26.7,30.3,24.5,32.6,13.8,13.0,90,25.0,1006.0,99,8.7,77,11.24,12450.02
2012-08-20,28.0,31.8,24.6,34.6,1.2,8.0,87,25.5,1004.6,75,9.8,160,19.56,40574.66
2012-08-21,28.6,31.7,26.2,35.4,5.9,10.0,86,25.9,1004.2,93,7.6,116,18.78,43151.82
2012-08-22,27.4,31.5,25.0,33.2,11.0,12.0,86,24.8,1006.0,100,13.2,341,16.65,23830.09
2012-08-23,26.6,29.0,24.8,30.9,3.4,10.0,80,22.8,1007.1,90,15.5,13,13.64,36349.31
2012-08-24,26.9,30.0,24.6,31.3,0.0,0.0,76,22.2,1007.3,77,10.5,340,17.07,32400.0
2012-08-25,28.1,31.8,25.1,33.6,0.5,2.0,80,24.1,1006.7,46,7.8,324,21.82,42491.19
2012-08-26,28.6,32.4,24.9,34.9,0.0,0.0,82,24.9,1004.1,24,7.7,313,21.64,43200.0
2012-08-27,29.3,32.8,25.8,35.6,0.0,0.0,79,25.1,1002.9,22,7.6,308,22.39,43200.0
2012-08-28,29.3,33.5,25.7,36.1,0.1,1.0,83,25.8,1004.1,38,8.7,124,21.84,43200.0
2012-08-29,29.2,33.0,26.0,35.5,0.0,0.0,82,25.5,1005.6,40,14.8,136,21.2,43200.0
2012-08-30,29.2,33.1,25.9,36.5,0.6,2.0,85,26.3,1004.7,60,8.9,122,22.56,43200.0
2012-08-31,28.9,32.3,26.5,35.9,5.6,10.0,87,26.3,1003.6,67,9.9,116,18.39,43200.0
2012-09-01,27.5,30.8,25.5,33.4,16.1,13.0,87,25.1,1004.4,96,15.6,103,15.8,36439.58
2012-09-02,26.7,30.0,24.8,32.4,9.8,18.0,88,24.5,1006.2,92,7.1,5,12.99,27628.15
2012-09-03,25.9,28.8,24.2,31.0,9.3,19.0,89,24.0,1007.7,80,10.0,302,9.7,22852.12
2012-09-04,26.8,30.0,24.0,31.4,1.6,5.0,82,23.4,1009.4,74,14.3,1,14.32,35327.48
2012-09-05,26.8,30.0,24.7,31.1,2.4,7.0,80,22.9,1010.6,93,14.4,358,14.7,31012.76
2012-09-06,25.4,27.4,24.2,30.5,16.2,22.0,93,24.1,1011.1,100,11.3,29,4.96,0.0
2012-09-07,24.8,27.3,23.9,30.1,28.7,23.0,95,23.9,1011.0,99,6.4,21,4.35,1371.39
2012-09-08,26.5,30.7,24.4,32.3,1.7,9.0,89,24.5,1010.9,99,7.6,120,14.28,21541.4
2012-09-09,26.9,29.9,24.6,32.9,2.6,9.0,90,25.0,1009.7,90,8.9,131,13.07,28885.44
2012-09-10,27.7,31.5,24.7,33.2,0.1,1.0,84,24.6,1008.5,37,12.1,156,20.57,39822.38
2012-09-11,28.0,31.9,24.7,34.1,0.6,4.0,85,25.1,1007.7,55,9.4,146,22.16,43170.8
2012-09-12,28.0,31.8,24.4,34.0,0.0,0.0,83,24.6,1007.3,98,8.9,138,21.95,42782.69
2012-09-13,25.8,27.6,23.7,28.7,1.9,7.0,77,21.1,1009.9,98,16.4,356,9.44,16868.56
2012-09-14,22.7,23.9,21.0,22.9,0.0,0.0,65,15.8,1012.8,82,19.5,355,8.17,10962.48
2012-09-15,23.7,27.7,21.0,25.4,0.0,0.0,69,17.4,1011.8,51,12.2,332,20.23,36791.27
2012-09-16,24.9,29.6,20.3,28.2,0.0,0.0,73,19.4,1011.4,65,7.3,1,23.23,42890.58
2012-09-17,26.1,30.3,21.4,30.0,0.0,0.0,75,21.1,1011.5,40,9.9,92,20.41,42661.03
2012-09-18,26.4,30.0,23.5,30.1,0.0,0.0,75,21.4,1009.6,77,12.0,126,16.81,40146.62
2012-09-19,26.1,28.7,24.2,30.4,12.6,20.0,83,23.0,1009.1,99,13.7,86,10.76,22793.58
2012-09-20,24.0,27.8,21.4,28.0,85.8,13.0,88,21.8,1009.7,98,10.9,5,7.36,5997.14
2012-09-21,27.1,31.1,24.1,32.2,2.3,6.0,84,24.0,1008.1,94,12.0,152,17.83,41365.71
2012-09-22,27.9,31.7,25.2,33.3,0.2,1.0,82,24.3,1007.1,78,10.5,158,19.26,42072.47
2012-09-23,27.9,31.6,25.1,33.5,0.8,4.0,84,24.9,1005.3,85,11.3,149,16.65,40503.31
2012-09-24,27.0,30.6,25.2,33.2,23.5,14.0,89,25.0,1005.6,92,5.8,342,13.16,28068.95
2012-09-25,26.9,30.7,24.5,32.6,0.4,3.0,87,24.3,1008.1,79,9.3,90,15.96,36795.66
2012-09-26,26.4,29.9,24.7,32.3,10.5,15.0,89,24.4,1010.5,92,7.1,333,13.26,28473.84
2012-09-27,26.3,30.7,24.4,31.6,11.5,19.0,89,24.1,1011.1,87,9.3,328,12.2,22451.32
2012-09-28,26.8,30.2,24.6,30.2,0.0,0.0,73,21.4,1011.8,26,15.4,9,18.49,42200.87
2012-09-29,25.9,29.5,23.0,28.1,0.0,0.0,65,18.6,1012.9,15,13.7,14,22.67,42030.2
2012-09-30,24.6,29.4,20.2,26.9,0.0,0.0,67,17.7,1013.2,5,9.0,344,22.85,42090.79
2012-10-01,24.5,29.5,19.6,27.1,0.0,0.0,70,18.1,1013.2,17,8.2,350,22.95,42036.89
2012-10-02,25.5,30.2,20.4,29.2,0.0,0.0,77,20.7,1012.0,15,10.8,132,21.3,41374.44
2012-10-03,25.9,29.8,22.6,30.3,4.8,5.0,84,22.9,1008.8,68,10.0,141,15.29,39918.66
2012-10-04,25.4,28.0,23.7,30.1,9.8,22.0,91,23.7,1007.9,90,14.3,130,10.02,28399.94
2012-10-05,25.6,28.7,23.7,29.8,15.2,10.0,85,22.8,1010.9,77,15.4,122,7.81,19939.5
2012-10-06,25.3,27.8,24.1,29.2,0.1,1.0,82,22.0,1014.3,63,14.0,2,11.18,26850.06
2012-10-07,25.1,28.8,22.5,28.7,0.0,0.0,78,20.8,1014.7,47,8.4,356,15.56,38353.31
2012-10-08,25.3,28.8,22.0,29.9,1.1,6.0,84,22.3,1013.5,35,5.9,105,17.39,39600.0
2012-10-09,25.9,29.5,21.8,30.5,0.4,3.0,82,22.3,1012.9,31,6.2,129,17.73,40083.97
2012-10-10,25.6,28.8,23.5,29.2,0.5,3.0,77,21.1,1013.8,43,10.8,6,16.01,39862.74
2012-10-11,25.8,29.9,22.6,29.5,0.0,0.0,76,21.0,1012.5,35,9.9,101,18.77,39889.71
2012-10-12,25.6,29.8,21.7,29.5,0.0,0.0,80,21.7,1011.5,19,9.7,139,18.14,39916.48
2012-10-13,26.0,29.7,22.5,29.7,0.0,0.0,79,21.8,1010.8,31,11.2,144,15.92,39693.65
2012-10-14,26.2,29.9,23.6,30.4,0.4,3.0,84,23.2,1011.3,41,13.6,152,15.48,39600.0
2012-10-15,26.7,30.5,24.1,29.8,0.0,0.0,76,22.0,1012.3,31,16.6,162,17.2,39745.21
2012-10-16,26.5,30.2,23.3,29.9,0.1,1.0,75,21.6,1013.0,36,13.2,150,16.83,39600.0
2012-10-17,23.9,25.6,21.8,26.3,3.0,15.0,78,19.8,1016.2,63,18.8,4,8.22,15158.05
2012-10-18,24.4,28.4,20.7,27.3,0.0,0.0,72,18.7,1015.0,27,9.0,40,19.71,39600.0
2012-10-19,25.1,29.8,21.5,29.5,4.2,5.0,86,22.5,1013.6,25,10.0,137,15.88,39600.0
2012-10-20,25.9,29.6,23.1,30.5,1.3,5.0,86,23.3,1013.6,38,11.7,135,14.75,38636.12
2012-10-21,25.8,29.7,22.9,30.3,1.3,5.0,86,23.2,1014.0,38,12.6,135,16.35,39600.0
2012-10-22,26.1,29.7,23.3,30.1,0.6,3.0,78,21.7,1014.6,50,8.6,128,16.8,37993.13
2012-10-23,25.7,29.5,21.9,29.5,0.0,0.0,77,21.1,1013.6,22,9.7,123,17.72,39600.0
2012-10-24,24.8,29.1,21.1,28.7,0.1,1.0,82,21.3,1012.5,40,8.7,131,16.5,33384.71
2012-10-25,25.4,29.5,21.7,29.6,0.0,0.0,82,21.8,1012.1,33,11.0,119,16.59,38980.47
2012-10-26,25.6,29.9,22.6,30.3,0.3,1.0,84,22.5,1011.9,26,6.3,107,15.76,39600.0
2012-10-27,25.3,30.7,22.0,28.6,2.5,8.0,80,21.3,1012.3,57,14.7,351,14.76,29335.29
2012-10-28,23.1,23.8,22.1,24.3,62.8,23.0,86,20.6,1010.8,100,34.4,350,2.81,0.0
2012-10-29,23.2,26.0,21.7,24.6,24.9,11.0,84,20.2,1008.7,97,31.6,310,5.85,13155.98
2012-10-30,24.7,28.4,21.2,26.7,0.0,0.0,73,19.2,1012.7,71,16.8,10,12.12,37426.11
2012-10-31,22.5,25.7,18.5,21.9,0.0,0.0,55,12.9,1017.7,63,16.7,19,19.07,39429.95
2012-11-01,20.3,25.4,15.5,20.6,0.0,0.0,65,13.1,1016.4,35,8.7,52,19.69,39427.64
2012-11-02,21.3,26.5,15.6,23.0,0.0,0.0,77,16.8,1013.7,61,12.5,132,18.06,39397.24
2012-11-03,23.2,27.3,20.2,26.6,0.0,0.0,84,20.2,1012.5,60,6.5,73,11.17,33805.57
2012-11-04,22.7,24.8,21.2,24.8,0.9,6.0,79,18.9,1014.4,78,15.3,31,7.43,14323.2
2012-11-05,22.2,24.9,20.3,24.7,0.5,4.0,78,18.2,1014.1,98,6.2,55,6.4,10228.7
2012-11-06,23.2,26.0,21.8,26.6,2.5,12.0,86,20.7,1013.9,87,10.7,95,7.07,18637.8
2012-11-07,24.3,28.0,22.1,27.9,4.3,7.0,88,22.1,1011.5,57,13.5,143,10.51,32546.67
2012-11-08,25.8,29.6,23.7,29.3,0.6,2.0,86,23.2,1008.8,53,18.5,161,12.42,32400.0
2012-11-09,26.4,29.6,24.4,30.6,0.6,3.0,86,23.8,1008.5,56,16.6,160,11.65,32400.0
2012-11-10,26.2,30.2,21.7,31.2,10.2,8.0,87,23.8,1010.6,73,13.1,121,12.01,28234.19
2012-11-11,19.3,21.1,17.9,19.3,15.9,11.0,75,14.7,1017.6,100,15.9,20,2.76,0.0
2012-11-12,20.6,23.2,19.2,21.4,0.0,0.0,68,14.4,1017.6,68,8.0,4,10.67,21718.95
2012-11-13,21.0,24.0,18.9,23.1,0.0,0.0,82,17.7,1016.2,67,8.7,324,6.71,15229.65
2012-11-14,22.9,27.0,18.9,26.2,0.1,1.0,85,20.1,1013.0,75,10.5,133,10.07,16918.57
2012-11-15,24.2,27.5,21.7,27.6,0.3,2.0,85,21.5,1013.8,94,12.7,135,11.23,34008.58
2012-11-16,23.6,28.2,20.7,26.4,1.2,5.0,81,19.8,1015.2,84,19.7,24,11.06,23908.33
2012-11-17,21.1,24.0,17.9,21.0,0.0,0.0,63,13.7,1017.6,45,12.4,12,13.59,30497.27
2012-11-18,20.2,24.7,15.7,21.2,0.0,0.0,72,14.9,1015.4,35,8.2,87,15.51,38032.31
2012-11-19,22.0,25.7,18.3,24.7,0.0,0.0,84,19.0,1014.5,63,8.2,105,8.06,20105.59
2012-11-20,24.3,28.5,21.2,27.6,0.1,1.0,84,21.2,1012.3,76,12.6,150,10.49,25412.9
2012-11-21,25.6,30.1,22.6,29.6,0.0,0.0,84,22.5,1009.4,37,13.4,163,12.87,37037.85
2012-11-22,26.8,31.3,23.5,32.1,0.0,0.0,85,23.9,1006.9,61,10.7,151,14.02,32400.0
2012-11-23,21.2,24.7,19.2,22.5,2.3,5.0,79,17.2,1012.5,86,22.2,41,4.11,91.69
2012-11-24,19.0,19.5,18.3,19.6,0.0,0.0,73,14.0,1015.7,99,7.0,27,3.0,0.0
2012-11-25,22.0,26.6,19.1,24.5,0.2,1.0,80,18.2,1013.0,97,5.2,359,10.24,21418.38
2012-11-26,19.4,22.2,16.6,19.3,5.8,3.0,70,13.6,1016.3,97,27.3,22,5.98,11786.59
2012-11-27,17.6,18.8,16.9,17.2,0.0,0.0,64,10.6,1016.9,98,7.6,46,6.03,8755.58
2012-11-28,18.2,19.5,16.7,19.3,9.3,8.0,83,15.2,1014.0,97,8.0,6,5.66,13493.62
2012-11-29,19.0,20.0,17.9,21.0,0.6,3.0,88,17.0,1013.2,100,6.1,43,2.53,0.0
2012-11-30,21.7,24.4,19.3,24.8,0.0,0.0,87,19.5,1011.0,94,5.3,31,6.15,2176.86
2012-12-01,22.1,26.8,15.1,25.4,25.0,13.0,93,20.8,1011.8,100,21.3,60,4.47,3691.76
2012-12-02,15.8,16.8,14.6,15.4,7.9,8.0,77,11.7,1017.0,99,11.2,2,1.95,0.0
2012-12-03,17.0,18.1,15.9,17.4,0.6,5.0,79,13.3,1017.2,99,9.4,359,3.64,0.0
2012-12-04,18.0,19.2,16.8,18.5,0.5,2.0,76,13.7,1015.0,97,6.6,58,5.05,4890.6
2012-12-05,17.0,18.6,15.6,17.1,10.2,13.0,83,14.1,1018.7,100,11.9,347,2.67,6.01
2012-12-06,17.6,21.3,14.4,17.5,0.0,0.0,67,11.2,1017.2,50,6.9,87,15.29,34945.77
2012-12-07,17.6,21.4,13.9,18.1,0.5,4.0,79,13.8,1016.9,83,7.8,332,8.67,23457.28
2012-12-08,18.5,20.1,17.3,19.7,2.0,7.0,85,15.9,1016.3,94,6.9,328,3.73,0.0
2012-12-09,20.2,23.2,17.8,22.1,0.3,2.0,84,17.2,1013.9,90,8.9,130,5.76,11688.03
2012-12-10,21.1,25.2,18.2,23.2,0.2,1.0,86,18.6,1012.6,61,11.3,124,9.18,25287.33
2012-12-11,16.5,19.5,15.3,16.2,3.1,10.0,82,13.4,1016.7,100,19.7,26,3.36,0.0
2012-12-12,16.2,17.3,15.1,16.4,1.6,10.0,80,12.8,1018.6,99,6.6,12,3.22,0.0
2012-12-13,18.5,20.8,16.3,20.2,1.1,6.0,88,16.4,1016.8,89,5.4,7,4.25,563.54
2012-12-14,21.7,25.9,18.5,24.6,0.0,0.0,88,19.4,1015.9,58,8.6,172,8.52,21373.59
2012-12-15,22.3,27.3,18.9,25.2,0.0,0.0,88,19.9,1012.8,53,11.7,177,11.98,30871.94
2012-12-16,22.5,26.6,20.4,25.6,0.0,0.0,87,20.1,1012.6,43,9.0,172,11.25,25737.77
2012-12-17,23.3,27.6,20.4,26.3,0.0,0.0,86,20.6,1012.2,56,9.8,167,12.24,32259.98
2012-12-18,18.0,22.7,15.5,17.3,4.5,6.0,70,12.2,1019.4,98,24.8,30,4.0,53.48
2012-12-19,16.3,18.2,14.6,15.2,0.0,0.0,67,10.0,1017.7,95,12.7,104,6.85,13249.07
2012-12-20,19.9,24.4,16.5,21.7,0.0,0.0,85,17.2,1012.9,74,11.6,133,7.19,10014.34
2012-12-21,21.3,25.2,17.0,23.5,0.0,0.0,85,18.5,1013.7,83,14.8,7,7.0,11518.84
2012-12-22,14.9,16.5,13.7,13.2,3.0,13.0,73,9.8,1019.3,99,13.9,32,3.65,0.0
2012-12-23,13.0,13.7,12.5,9.7,0.1,1.0,52,3.2,1026.6,95,17.0,8,3.75,590.96
2012-12-24,13.5,17.6,9.4,11.5,0.0,0.0,58,5.1,1022.4,20,10.0,103,16.37,36000.0
2012-12-25,15.6,18.8,11.2,15.6,0.0,0.0,78,11.8,1018.1,84,6.4,47,8.04,14398.03
2012-12-26,17.2,18.0,16.4,18.3,4.1,12.0,90,15.5,1017.2,100,6.4,354,2.14,0.0
2012-12-27,16.5,18.3,15.3,17.0,2.1,9.0,87,14.2,1016.2,99,8.4,35,2.44,0.0
2012-12-28,16.1,17.5,15.2,16.6,0.6,4.0,86,13.7,1014.8,91,7.6,57,2.7,0.0
2012-12-29,17.0,21.5,13.3,16.8,3.2,12.0,80,13.1,1016.4,97,24.2,18,3.92,0.0
2012-12-30,11.9,13.5,10.5,7.4,0.0,0.0,44,-0.1,1025.2,84,22.3,17,7.91,23812.28
2012-12-31,11.3,14.0,9.3,8.1,0.0,0.0,45,-0.3,1023.3,74,10.8,29,12.65,35358.69
2013-01-01,12.2,15.7,8.6,10.4,0.0,0.0,62,4.9,1020.4,61,6.8,33,12.0,36000.0
2013-01-02,14.7,17.8,10.4,14.2,0.0,0.0,73,10.0,1017.7,86,6.1,72,7.66,10783.14
2013-01-03,13.1,16.1,10.2,11.7,4.1,15.0,82,10.0,1022.7,100,14.6,12,2.48,0.0
2013-01-04,10.2,11.3,9.4,8.0,0.3,2.0,74,5.6,1021.1,99,8.6,26,3.41,0.0
2013-01-05,10.5,12.2,9.1,8.7,0.0,0.0,76,6.5,1018.8,94,7.8,28,4.65,2056.72
2013-01-06,10.7,12.4,8.9,8.6,0.1,1.0,71,5.7,1020.6,99,10.6,10,4.65,3035.18
2013-01-07,11.7,13.3,10.0,10.3,0.0,0.0,75,7.3,1019.5,94,8.2,22,4.59,822.7
2013-01-08,12.7,15.1,11.4,11.3,0.1,1.0,77,8.7,1018.6,99,8.7,9,4.81,2700.61
2013-01-09,11.7,12.7,10.8,9.2,0.0,0.0,64,4.9,1021.6,97,13.1,10,4.03,0.0
2013-01-10,11.8,12.7,11.1,9.1,0.0,0.0,54,2.9,1021.6,93,10.9,7,3.99,991.72
2013-01-11,11.7,12.9,10.9,9.2,0.0,0.0,60,4.3,1022.2,97,11.9,356,3.81,0.0
2013-01-12,11.8,13.7,10.5,9.8,0.1,1.0,71,6.6,1021.6,86,12.5,340,4.37,4901.49
2013-01-13,13.2,18.7,8.2,12.2,0.0,0.0,76,8.8,1017.8,17,8.0,339,16.78,36703.27
2013-01-14,14.2,18.8,9.2,13.9,0.0,0.0,83,11.2,1018.0,67,7.2,82,9.12,18782.51
2013-01-15,15.9,18.2,14.3,16.1,0.7,3.0,83,12.9,1019.2,100,6.9,344,5.04,284.55
2013-01-16,16.7,18.3,15.1,17.8,1.4,11.0,91,15.1,1019.7,100,5.4,21,3.49,0.0
2013-01-17,15.7,17.1,13.2,15.6,8.2,21.0,86,13.3,1023.7,100,13.7,14,1.98,0.0
2013-01-18,14.0,15.8,12.8,12.9,0.4,2.0,72,8.9,1026.0,96,7.6,9,5.41,5620.49
2013-01-19,15.7,18.8,12.6,15.4,0.0,0.0,78,11.7,1020.6,90,11.0,129,7.53,11208.94
2013-01-20,18.3,23.6,13.8,19.5,0.0,0.0,84,15.3,1017.3,59,7.5,156,12.74,33720.58
2013-01-21,19.5,22.6,16.9,21.5,0.8,7.0,90,17.7,1018.1,87,11.6,110,5.99,2974.1
2013-01-22,20.3,24.3,17.5,21.8,0.1,1.0,84,17.3,1018.3,92,12.8,119,7.33,15656.14
2013-01-23,19.7,23.7,16.1,20.6,0.0,0.0,82,16.3,1017.5,69,12.5,134,8.91,17924.95
2013-01-24,17.9,21.9,15.3,18.7,1.1,8.0,85,15.3,1017.4,93,14.3,59,5.34,660.48
2013-01-25,16.4,18.1,14.9,16.2,1.9,6.0,73,11.6,1018.6,100,6.9,1,3.9,0.0
2013-01-26,15.9,17.4,15.1,15.9,2.3,7.0,82,12.8,1018.2,100,12.2,14,3.99,0.0
2013-01-27,15.9,17.1,15.0,15.6,1.8,5.0,75,11.5,1021.6,100,10.0,328,2.65,0.0
2013-01-28,15.9,16.7,14.9,16.3,1.9,8.0,84,13.1,1020.3,98,6.0,335,2.39,0.0
2013-01-29,17.6,19.6,15.8,18.6,0.2,1.0,84,14.8,1019.5,99,6.4,16,4.32,0.0
2013-01-30,20.1,23.9,17.5,21.7,0.7,4.0,86,17.6,1018.5,95,13.8,141,7.97,12809.06
2013-01-31,20.2,22.5,18.7,22.1,4.5,9.0,93,19.0,1017.8,83,18.1,153,4.38,178.43
2013-02-01,21.2,25.6,18.4,23.0,0.0,0.0,85,18.4,1017.5,76,15.0,163,11.1,32944.29
2013-02-02,21.0,24.7,18.2,22.4,0.0,0.0,84,17.9,1018.2,98,14.8,136,8.83,8937.9
2013-02-03,20.6,25.2,17.0,22.6,0.0,0.0,84,17.6,1016.6,100,9.1,142,9.04,5813.39
2013-02-04,20.6,25.1,17.8,22.5,3.5,6.0,88,18.5,1016.5,80,14.8,144,9.08,9900.68
2013-02-05,21.9,26.3,18.3,24.4,0.0,0.0,84,18.9,1015.8,61,10.2,129,10.08,21165.71
2013-02-06,23.1,28.4,19.9,25.3,0.4,4.0,85,20.2,1011.8,70,17.6,159,11.77,25072.04
2013-02-07,24.0,29.4,21.5,27.0,0.0,0.0,84,20.9,1008.0,69,16.8,147,14.73,28895.49
2013-02-08,19.9,23.0,13.2,20.5,4.7,17.0,82,16.7,1014.4,100,21.2,68,5.76,7200.0
2013-02-09,11.9,12.8,10.7,10.1,4.1,14.0,79,8.4,1021.8,100,12.6,26,2.43,0.0
2013-02-10,13.8,16.2,11.9,13.0,0.0,0.0,76,9.6,1019.7,87,6.3,35,5.8,2506.24
2013-02-11,17.2,19.8,14.7,18.0,0.1,1.0,82,14.0,1016.9,98,6.3,58,5.04,0.0
2013-02-12,16.8,18.4,14.8,17.2,2.3,10.0,86,14.4,1019.2,99,15.8,16,2.54,0.0
2013-02-13,16.3,18.8,13.9,16.2,0.1,1.0,76,11.9,1018.6,100,6.6,59,7.23,7716.68
2013-02-14,19.0,22.0,16.5,20.4,0.3,2.0,85,16.3,1014.8,94,9.4,108,6.79,3076.4
2013-02-15,17.7,19.7,16.4,18.1,3.6,8.0,82,14.4,1017.0,97,18.3,40,2.9,0.0
2013-02-16,18.1,21.8,15.1,18.3,0.1,1.0,72,12.9,1016.8,93,8.8,100,10.31,18918.21
2013-02-17,21.0,25.7,17.7,22.6,0.1,1.0,81,17.6,1012.1,88,16.0,149,10.69,21521.66
2013-02-18,23.1,27.8,20.3,25.2,0.0,0.0,83,19.9,1009.5,82,15.3,154,10.93,19176.97
2013-02-19,21.7,26.0,17.7,23.8,2.6,9.0,82,18.3,1011.9,97,20.6,66,7.29,10200.82
2013-02-20,15.3,17.3,14.4,14.6,3.0,14.0,77,11.3,1018.2,100,9.4,25,2.49,0.0
2013-02-21,15.4,16.9,13.8,15.1,0.8,4.0,82,12.3,1019.5,100,8.3,17,3.78,0.0
2013-02-22,15.3,16.9,13.6,14.5,1.8,9.0,76,11.0,1023.2,100,13.0,4,3.53,0.0
2013-02-23,18.1,22.1,15.3,17.7,0.0,0.0,66,11.4,1022.1,59,10.5,30,18.42,38624.93
2013-02-24,18.0,22.4,12.6,18.5,0.0,0.0,81,14.5,1018.8,58,11.7,135,11.38,19878.39
2013-02-25,19.6,22.4,16.4,21.7,0.0,0.0,87,17.3,1016.5,90,5.6,125,4.36,0.0
2013-02-26,22.4,27.0,19.4,24.9,0.1,1.0,84,19.4,1013.7,88,11.5,150,8.81,8240.19
2013-02-27,22.6,25.5,20.1,25.8,0.6,2.0,91,21.0,1012.0,84,13.2,142,6.7,7119.96
2013-02-28,24.1,28.6,21.8,26.6,0.7,4.0,86,21.5,1008.2,68,21.4,155,11.12,22315.55
2013-03-01,25.2,31.0,22.0,29.5,0.1,1.0,85,22.3,1008.1,62,13.3,127,16.39,28629.83
2013-03-02,19.1,23.6,13.4,19.7,6.6,17.0,83,16.0,1017.0,100,23.0,48,3.29,0.0
2013-03-03,14.5,16.6,12.4,13.1,3.3,11.0,72,9.3,1024.7,100,12.0,12,3.5,0.0
2013-03-04,16.5,18.9,13.5,15.8,0.0,0.0,65,9.6,1023.8,86,6.4,326,5.99,15555.23
2013-03-05,17.9,22.8,13.9,17.7,0.0,0.0,65,10.9,1022.2,35,9.8,111,18.99,39522.22
2013-03-06,18.8,25.3,12.5,19.6,0.0,0.0,76,13.9,1019.2,13,12.5,134,21.06,41714.17
2013-03-07,19.9,24.6,15.2,21.5,0.0,0.0,82,16.4,1019.3,58,6.8,121,11.6,20848.96
2013-03-08,21.1,26.7,15.7,22.8,0.0,0.0,80,17.2,1016.1,56,10.2,150,14.85,29750.46
2013-03-09,21.8,28.0,17.5,23.0,0.0,0.0,79,17.8,1011.7,46,17.6,159,16.36,40447.76
2013-03-10,22.4,27.1,18.5,24.9,0.0,0.0,84,19.3,1011.6,60,13.8,138,12.55,35423.02
2013-03-11,23.1,26.6,21.0,25.2,0.3,3.0,82,19.8,1012.8,99,19.0,140,6.75,490.39
2013-03-12,23.6,27.0,21.6,25.7,0.8,5.0,85,20.8,1011.2,92,20.8,146,9.96,17341.11
2013-03-13,24.3,28.5,22.1,27.7,0.8,4.0,84,21.4,1012.3,69,11.5,132,14.23,28800.0
2013-03-14,22.7,25.4,20.3,25.1,4.0,6.0,84,19.7,1016.1,91,12.8,108,7.18,7493.15
2013-03-15,23.0,25.8,21.2,25.4,1.2,8.0,86,20.5,1016.6,76,17.9,138,8.21,17767.91
2013-03-16,24.0,28.0,21.3,25.8,0.4,4.0,84,21.0,1013.8,65,23.5,159,12.43,21222.3
2013-03-17,25.1,29.9,22.5,28.4,0.5,4.0,84,21.9,1008.8,67,13.6,149,14.14,27312.59
2013-03-18,24.8,27.8,22.3,28.3,2.1,9.0,88,22.5,1007.0,86,18.1,124,10.14,19219.24
2013-03-19,26.4,31.6,23.3,30.8,0.0,0.0,83,23.0,1005.4,58,14.5,133,16.77,30090.99
2013-03-20,26.3,31.4,22.4,30.9,2.4,1.0,82,22.6,1008.0,46,9.7,77,19.03,32400.0
2013-03-21,24.0,27.2,21.6,27.4,17.1,6.0,88,21.8,1009.7,97,17.6,113,8.11,9284.37
2013-03-22,25.9,29.9,23.9,29.3,0.9,6.0,85,22.9,1008.4,81,22.0,149,15.66,32851.08
2013-03-23,26.4,31.5,23.8,30.5,0.1,1.0,83,23.0,1007.9,63,13.4,140,16.71,29970.29
2013-03-24,26.7,31.6,23.6,31.3,0.0,0.0,81,22.9,1007.1,63,14.0,111,19.78,38005.97
2013-03-25,26.3,30.8,23.7,29.9,0.7,4.0,84,23.2,1005.6,75,20.6,145,15.46,28021.93
2013-03-26,26.6,31.5,23.7,30.7,0.7,4.0,79,22.4,1006.4,67,17.9,96,18.03,37340.67
2013-03-27,21.5,23.1,19.5,23.0,2.6,6.0,77,17.2,1011.1,100,11.8,45,6.97,2156.31
2013-03-28,24.2,28.1,21.6,28.0,0.5,3.0,83,21.1,1008.7,77,10.2,71,11.54,19493.6
2013-03-29,22.6,24.0,21.4,25.5,7.9,15.0,87,20.4,1010.7,100,14.0,65,4.71,0.0
2013-03-30,23.9,27.3,21.7,27.6,1.1,5.0,86,21.4,1009.0,91,12.9,69,8.82,8948.46
2013-03-31,21.9,24.8,19.6,24.3,6.4,15.0,83,18.9,1012.6,99,10.8,44,6.86,3169.88
2013-04-01,22.8,24.3,21.0,26.2,0.4,3.0,89,20.9,1012.4,100,9.3,129,3.99,0.0
2013-04-02,24.7,28.2,22.6,28.9,0.1,1.0,89,22.7,1010.1,72,12.5,138,10.26,21801.35
2013-04-03,26.4,30.3,23.4,30.8,0.8,4.0,87,24.0,1005.7,60,16.6,148,14.39,29437.17
2013-04-04,28.0,33.2,24.1,33.3,0.1,1.0,83,24.7,1000.8,50,14.8,145,19.53,32514.41
2013-04-05,29.1,35.0,23.1,35.8,0.0,0.0,82,25.4,998.7,36,9.9,210,22.04,43200.0
2013-04-06,22.4,25.9,20.1,21.6,1.5,4.0,57,13.4,1009.5,54,33.4,29,20.05,37431.69
2013-04-07,20.6,24.1,17.4,20.5,0.0,0.0,59,12.2,1011.3,48,14.3,105,22.72,41402.3
2013-04-08,21.1,23.0,18.8,23.1,0.2,2.0,79,17.4,1010.9,96,8.7,29,6.27,1000.36
2013-04-09,22.0,23.5,20.6,24.8,2.7,9.0,84,19.2,1012.4,100,7.4,16,4.78,0.0
2013-04-10,19.4,20.9,17.7,20.6,8.9,22.0,86,17.1,1016.0,100,12.2,14,3.3,0.0
2013-04-11,18.0,19.6,16.9,18.0,0.2,2.0,77,13.8,1017.7,100,11.7,10,5.28,0.0
2013-04-12,18.3,19.8,16.9,18.1,0.1,1.0,70,12.7,1019.6,100,10.8,3,7.5,1832.92
2013-04-13,20.1,23.6,17.4,21.2,0.0,0.0,72,14.9,1016.9,79,8.9,45,16.57,24587.1
2013-04-14,21.6,25.2,18.5,23.8,0.0,0.0,80,17.8,1014.8,86,7.3,200,12.42,16901.42
2013-04-15,23.1,27.7,18.1,25.6,0.0,0.0,82,19.7,1009.2,67,13.7,155,15.66,23876.27
2013-04-16,24.7,29.4,21.5,28.4,0.0,0.0,84,21.8,1005.8,81,12.2,163,13.52,21509.37
2013-04-17,26.2,31.6,22.5,30.5,0.0,0.0,82,22.7,1004.4,75,15.0,159,16.5,32558.43
2013-04-18,27.3,32.5,23.7,32.3,0.0,0.0,81,23.5,1004.2,75,13.9,159,21.63,38915.6
2013-04-19,28.0,33.4,24.0,32.8,0.3,1.0,79,23.8,1004.0,26,13.5,150,23.9,43200.0
2013-04-20,28.5,33.5,24.6,33.7,0.0,0.0,79,24.2,1006.1,59,14.0,137,21.31,43200.0
2013-04-21,25.6,27.0,24.5,30.3,32.9,18.0,92,24.2,1009.6,94,14.0,115,5.42,843.74
2013-04-22,26.4,30.1,24.1,30.7,3.4,8.0,88,24.1,1009.7,99,18.3,142,13.2,13612.49
2013-04-23,27.7,31.3,25.3,32.1,0.1,1.0,83,24.5,1009.2,98,17.6,154,15.42,22187.22
2013-04-24,28.0,32.4,24.7,33.1,0.0,0.0,80,24.1,1008.6,87,14.5,153,17.97,40196.77
2013-04-25,28.0,32.1,24.6,33.3,22.2,3.0,81,24.3,1008.1,82,14.6,124,16.03,29841.4
2013-04-26,24.7,26.3,22.8,28.1,9.2,6.0,83,21.4,1010.8,90,15.5,47,11.35,16943.98
2013-04-27,26.0,29.6,23.7,29.8,4.8,4.0,83,22.9,1007.9,73,14.5,144,13.06,21902.41
2013-04-28,26.5,29.6,23.6,31.8,22.1,18.0,89,24.5,1007.2,82,11.6,124,16.28,35862.35
2013-04-29,27.3,31.9,24.2,32.1,6.5,7.0,84,24.2,1006.6,71,14.1,166,16.7,29906.5
2013-04-30,27.6,31.6,24.1,33.3,23.7,7.0,85,24.5,1005.9,70,10.5,104,20.12,39655.75
2013-05-01,24.3,26.2,22.9,27.8,162.7,13.0,86,21.7,1007.2,100,12.8,78,9.74,8866.27
2013-05-02,24.3,26.6,22.4,28.4,13.5,16.0,88,22.1,1006.6,99,9.0,116,9.06,6467.95
2013-05-03,24.4,27.1,22.7,28.5,23.4,18.0,88,22.3,1007.6,92,13.8,57,12.74,21355.62
2013-05-04,22.5,24.8,21.4,25.8,10.5,13.0,87,20.3,1012.0,98,12.3,339,5.6,0.0
2013-05-05,24.9,28.5,22.5,29.0,1.1,6.0,84,22.0,1011.3,76,13.7,128,17.71,33104.8
2013-05-06,26.2,30.3,23.2,30.5,1.3,2.0,85,23.3,1008.9,58,20.3,154,18.88,33610.93
2013-05-07,26.7,30.3,24.2,31.5,2.2,8.0,88,24.5,1007.4,64,13.7,157,16.89,33306.13
2013-05-08,27.5,31.4,24.5,32.4,0.0,0.0,83,24.1,1006.0,57,13.3,158,19.81,39600.0
2013-05-09,27.7,31.6,24.7,33.9,7.0,9.0,85,24.9,1005.9,59,10.5,152,20.73,39942.51
2013-05-10,26.5,29.5,25.0,31.2,1.5,3.0,85,23.5,1006.5,67,15.5,31,15.47,30547.75
2013-05-11,25.3,28.4,22.4,28.4,0.3,1.0,74,20.1,1007.2,45,9.4,31,18.01,43422.53
2013-05-12,26.0,30.2,22.0,30.6,0.2,2.0,83,22.7,1006.9,52,11.8,147,20.03,43200.0
2013-05-13,27.9,31.7,24.8,33.5,0.6,4.0,83,24.6,1004.4,50,13.5,146,18.46,40107.32
2013-05-14,30.5,35.4,26.1,37.4,0.0,0.0,80,26.4,1000.3,31,13.2,164,24.02,43649.28
2013-05-15,32.2,36.7,27.9,38.8,0.0,0.0,71,25.9,998.7,48,12.0,195,25.42,41262.15
2013-05-16,32.3,36.5,28.0,39.0,0.0,0.0,70,25.8,1000.0,17,12.4,211,26.45,44412.8
2013-05-17,29.4,33.4,26.5,35.9,2.9,4.0,84,26.3,1003.9,87,14.6,89,12.22,16231.2
2013-05-18,30.9,35.2,27.0,38.3,0.0,0.0,80,26.9,1003.1,51,12.4,150,22.65,43613.27
2013-05-19,31.3,35.7,26.9,38.1,0.0,0.0,75,26.1,1001.1,43,12.5,163,23.8,43867.45
2013-05-20,30.2,34.6,26.0,36.8,29.5,6.0,78,25.6,1001.1,53,10.9,48,22.97,44647.64
2013-05-21,27.1,31.0,25.3,33.0,20.4,9.0,88,24.8,1003.0,91,8.3,41,12.64,17990.81
2013-05-22,28.2,32.4,24.5,34.2,4.3,5.0,84,25.0,1003.5,71,9.9,101,18.27,40220.52
2013-05-23,27.8,31.3,26.0,34.3,13.4,12.0,88,25.6,1006.2,78,8.5,65,15.07,27497.59
2013-05-24,27.4,30.5,25.1,33.5,8.0,11.0,89,25.4,1005.7,99,11.4,125,14.23,24758.5
2013-05-25,29.2,32.6,26.5,34.6,0.0,0.0,79,25.0,1003.5,100,15.3,163,18.52,38873.41
2013-05-26,29.7,33.2,26.9,34.7,0.9,1.0,74,24.6,1002.1,92,15.7,175,19.47,42814.83
2013-05-27,30.8,34.7,27.3,36.6,0.0,0.0,71,24.9,1002.2,72,11.3,186,21.83,41254.85
2013-05-28,31.3,35.8,27.4,37.5,0.0,0.0,71,25.2,1003.0,51,13.4,176,24.55,44617.08
2013-05-29,30.3,35.1,27.6,36.5,0.1,1.0,77,25.6,1006.0,99,14.6,147,22.59,38716.42
2013-05-30,27.1,29.8,25.3,33.6,12.4,17.0,91,25.6,1008.4,100,8.5,92,9.99,4355.19
2013-05-31,28.5,32.7,25.1,34.4,0.4,2.0,84,25.3,1007.0,70,13.6,149,21.17,39184.03
2013-06-01,29.0,33.2,26.1,34.6,2.0,3.0,80,25.1,1005.1,56,13.5,155,22.8,44878.64
2013-06-02,28.1,32.0,25.6,34.1,6.6,15.0,85,25.1,1005.7,98,9.8,103,17.32,35217.11
2013-06-03,27.0,29.7,24.7,32.4,6.6,5.0,85,24.2,1006.2,67,11.5,101,17.94,39678.42
2013-06-04,27.2,30.6,24.8,32.8,10.7,10.0,87,24.7,1006.8,79,12.9,137,15.95,31161.85
2013-06-05,27.9,31.5,24.9,33.5,10.1,13.0,85,25.0,1006.7,96,14.7,152,17.89,30709.87
2013-06-06,28.5,31.4,26.2,33.8,1.3,3.0,82,25.0,1005.5,100,12.6,162,12.92,17302.07
2013-06-07,29.7,33.8,26.8,35.9,0.2,1.0,79,25.6,1003.0,98,13.1,170,21.41,36616.77
2013-06-08,30.8,35.0,26.8,36.9,0.0,0.0,74,25.5,999.2,98,14.3,195,22.45,44087.1
2013-06-09,31.8,35.9,28.2,37.7,0.0,0.0,68,25.1,996.9,99,12.0,201,24.62,40608.18
2013-06-10,25.5,28.7,23.7,29.3,19.7,19.0,85,22.8,1003.7,100,17.2,340,4.77,0.0
2013-06-11,25.4,28.6,23.0,28.4,0.4,1.0,75,20.5,1006.8,94,10.1,302,10.7,9301.58
2013-06-12,25.7,30.9,21.4,28.5,0.0,0.0,68,18.9,1006.8,52,11.0,344,27.66,40994.07
2013-06-13,25.7,31.1,19.5,29.3,0.0,0.0,71,19.6,1004.9,0,9.0,90,28.57,47078.98
2013-06-14,26.5,31.5,20.7,30.7,0.0,0.0,72,20.6,1003.7,10,7.2,218,28.05,46562.4
2013-06-15,27.7,32.6,21.7,32.2,0.0,0.0,72,21.8,1002.7,52,8.9,349,26.78,46020.44
2013-06-16,27.5,31.9,25.4,33.5,0.4,3.0,85,24.7,1002.6,99,8.7,113,13.62,19722.74
2013-06-17,27.2,31.1,25.1,33.1,7.6,14.0,87,24.8,1001.6,97,9.2,110,11.83,9524.18
2013-06-18,29.0,32.6,25.6,35.3,1.8,6.0,82,25.5,999.5,86,10.0,144,21.76,37870.08
2013-06-19,30.3,34.2,26.6,36.9,0.7,2.0,78,25.8,999.1,81,10.7,156,22.97,44935.85
2013-06-20,30.0,33.4,27.2,36.6,0.1,1.0,80,26.1,999.7,99,11.8,293,19.45,33747.59
2013-06-21,29.2,33.2,26.0,36.4,8.6,11.0,85,26.2,1001.0,81,7.1,347,21.32,42023.8
2013-06-22,29.6,33.3,26.2,36.3,7.6,9.0,83,26.4,998.8,100,13.0,334,19.9,39845.95
2013-06-23,27.6,29.4,26.4,31.7,30.4,24.0,84,24.5,997.1,100,23.9,348,7.19,10787.19
2013-06-24,26.1,27.2,25.4,30.5,75.0,24.0,92,24.7,998.2,99,24.5,313,4.24,3772.53
2013-06-25,27.2,29.7,25.6,32.0,7.3,16.0,84,24.3,1001.8,100,17.0,181,10.02,11479.63
2013-06-26,29.0,33.0,25.7,34.1,1.5,2.0,77,24.4,1001.0,98,13.4,179,20.76,43961.28
2013-06-27,29.8,33.3,26.7,35.6,0.0,0.0,74,24.7,1000.9,100,9.4,176,20.1,38964.47
2013-06-28,30.2,33.5,26.6,37.0,0.0,0.0,78,25.8,1000.7,99,9.9,175,19.24,35778.11
2013-06-29,30.8,35.0,28.0,36.6,1.5,5.0,72,25.1,1001.3,96,15.9,176,21.64,42974.26
2013-06-30,30.6,34.4,27.4,36.6,0.2,1.0,75,25.5,1002.4,90,13.8,158,23.13,43254.68
2013-07-01,29.2,32.2,25.7,35.6,24.4,22.0,84,26.2,1001.5,86,12.0,145,18.08,38937.67
2013-07-02,27.9,30.6,25.5,34.2,16.4,17.0,89,25.9,1001.3,91,13.8,147,14.18,26410.5
2013-07-03,29.0,32.6,27.2,34.9,4.1,9.0,83,25.8,1003.8,87,13.7,155,19.06,33661.75
2013-07-04,28.9,32.7,26.3,34.7,3.1,3.0,83,25.6,1004.1,69,14.7,156,21.42,43932.44
2013-07-05,29.6,33.5,27.0,35.6,1.6,6.0,80,25.7,1003.9,73,13.4,155,23.92,44198.85
2013-07-06,29.7,33.1,26.7,35.7,1.0,2.0,82,26.1,1004.4,79,15.6,154,21.5,44727.71
2013-07-07,29.1,32.2,26.9,34.8,4.3,7.0,82,25.7,1004.4,91,15.0,160,17.83,36661.35
2013-07-08,29.4,32.9,27.7,34.3,0.8,2.0,77,24.9,1004.9,93,16.7,158,21.02,38159.52
2013-07-09,28.9,31.8,27.2,33.7,1.2,3.0,78,24.7,1003.7,97,15.3,155,17.53,27599.49
2013-07-10,28.7,32.0,26.7,34.3,8.7,12.0,81,24.9,1002.8,75,12.1,145,21.21,35018.1
2013-07-11,27.4,30.8,25.4,33.7,12.6,17.0,87,25.1,1005.5,98,7.6,89,16.95,31058.55
2013-07-12,27.6,31.7,24.7,34.1,20.9,15.0,88,25.4,1004.5,78,8.9,120,18.39,37595.27
2013-07-13,28.3,32.5,25.4,34.9,2.7,6.0,85,25.5,1001.4,51,9.3,140,20.47,41205.94
2013-07-14,27.2,30.2,25.2,33.3,11.0,18.0,89,25.2,1001.9,93,9.7,101,12.99,20899.52
2013-07-15,27.3,30.3,25.1,33.4,15.0,18.0,90,25.5,1003.8,99,9.8,120,13.75,18493.37
2013-07-16,27.2,30.6,24.7,33.2,20.3,21.0,91,25.6,1004.4,100,10.7,125,12.67,22246.17
2013-07-17,28.1,31.5,25.3,33.9,5.2,15.0,89,25.9,1002.8,97,12.4,142,16.5,32248.86
2013-07-18,28.0,32.2,25.5,33.6,9.1,17.0,87,25.6,1001.2,98,14.8,141,15.97,34016.28
2013-07-19,27.1,30.9,24.9,32.6,17.2,19.0,88,24.8,1002.3,86,13.3,131,14.38,24814.59
2013-07-20,26.7,30.8,25.2,32.7,7.6,14.0,89,24.7,1002.9,96,10.2,95,13.12,14912.65
2013-07-21,26.8,30.3,24.9,32.4,10.5,18.0,89,24.7,1002.6,100,13.8,107,12.91,26260.93
2013-07-22,26.5,30.6,24.6,32.2,13.8,16.0,90,24.7,1004.3,99,13.1,108,11.03,21033.93
2013-07-23,26.0,28.1,24.6,31.6,17.0,22.0,91,24.3,1005.9,98,10.1,61,9.23,10904.93
2013-07-24,26.5,30.0,24.4,32.0,4.2,8.0,89,24.3,1004.5,99,8.3,312,12.89,27558.32
2013-07-25,27.5,32.3,24.5,33.5,3.2,3.0,87,25.0,1001.1,98,15.0,149,20.04,37014.99
2013-07-26,28.0,32.5,25.2,34.4,6.4,2.0,87,25.5,999.9,100,11.7,71,18.06,35039.12
2013-07-27,26.2,27.8,25.3,32.5,22.0,19.0,95,25.3,1000.3,100,6.6,81,4.91,0.0
2013-07-28,25.7,27.1,24.7,31.0,31.6,24.0,94,24.7,999.9,100,13.0,72,4.96,0.0
2013-07-29,25.9,29.0,24.7,31.1,18.4,21.0,92,24.5,1003.0,98,13.1,96,9.99,7924.09
2013-07-30,26.1,28.7,24.3,31.9,15.8,19.0,91,24.5,1004.2,99,6.1,91,9.58,8016.8
2013-07-31,27.2,31.5,24.5,33.3,1.9,9.0,87,24.7,1003.2,72,8.6,90,19.06,39248.0
2013-08-01,28.4,32.2,24.8,34.7,0.1,1.0,82,24.9,1002.1,40,7.7,106,22.82,43556.9
2013-08-02,29.2,32.8,25.6,35.6,0.4,2.0,82,25.6,1001.4,89,11.3,331,23.15,43200.0
2013-08-03,27.0,28.3,25.6,31.1,61.5,14.0,85,24.3,999.0,100,22.0,240,2.16,0.0
2013-08-04,28.4,31.4,26.1,33.5,6.3,9.0,82,24.9,1006.3,61,18.4,143,20.47,43340.84
2013-08-05,27.9,31.8,24.7,34.3,2.3,5.0,86,25.3,1007.6,62,9.3,133,20.44,41011.88
2013-08-06,28.4,32.4,25.8,34.4,0.7,3.0,85,25.5,1005.5,48,13.8,144,19.99,42810.22
2013-08-07,26.7,30.3,25.0,32.0,19.0,19.0,89,24.7,1004.5,97,19.5,14,11.68,14810.74
2013-08-08,25.4,27.8,24.4,29.1,43.4,24.0,93,24.2,1004.9,100,28.4,105,6.31,1735.0
2013-08-09,25.3,27.6,23.7,30.8,22.9,19.0,94,24.3,1007.8,100,10.5,85,6.9,3423.71
2013-08-10,26.7,30.5,24.4,33.0,10.5,15.0,90,24.9,1007.9,97,10.3,121,15.08,25200.0
2013-08-11,28.0,32.0,24.7,34.7,0.8,5.0,86,25.3,1007.4,77,6.2,229,21.23,38024.93
2013-08-12,28.3,32.5,24.1,34.5,0.0,0.0,81,24.4,1005.7,41,7.7,142,24.11,43221.85
2013-08-13,29.0,32.9,24.5,35.6,0.0,0.0,81,25.1,1003.0,41,6.2,277,23.79,43200.0
2013-08-14,29.8,33.8,25.8,36.2,0.0,0.0,79,25.5,999.9,100,8.7,271,18.95,38966.93
2013-08-15,30.1,32.8,27.7,37.0,0.0,0.0,82,26.5,998.7,100,7.6,223,10.11,154.2
2013-08-16,30.8,34.2,28.4,36.5,0.0,0.0,71,24.9,997.6,100,12.0,261,20.61,35866.88
2013-08-17,29.9,32.9,27.5,35.8,0.2,1.0,76,25.1,997.1,100,11.6,281,18.08,27875.4
2013-08-18,28.2,32.4,26.1,34.5,19.7,19.0,86,25.5,998.4,99,10.1,307,14.06,20063.8
2013-08-19,27.6,30.6,25.6,33.7,14.2,18.0,89,25.5,999.7,99,11.2,330,11.61,15737.22
2013-08-20,26.1,27.9,25.0,31.0,50.1,22.0,90,24.4,1000.5,100,14.7,323,6.35,1821.84
2013-08-21,26.5,30.4,24.5,31.7,11.0,18.0,89,24.5,1000.5,95,14.3,311,11.72,24202.83
2013-08-22,28.2,32.5,24.7,34.3,2.7,6.0,85,25.1,999.3,86,10.0,306,21.48,38498.75
2013-08-23,29.6,33.9,25.7,36.5,0.0,0.0,83,26.0,998.6,100,8.3,215,18.83,29281.78
2013-08-24,28.1,30.2,26.4,34.9,1.9,11.0,88,25.9,999.1,100,7.1,103,7.58,0.0
2013-08-25,27.6,31.6,25.3,33.8,5.6,7.0,88,25.3,1002.3,99,9.1,96,15.36,19569.11
2013-08-26,26.5,29.1,24.8,32.7,6.6,13.0,91,24.8,1005.6,94,5.8,349,9.21,5654.32
2013-08-27,27.5,31.8,24.4,34.0,4.9,9.0,88,25.2,1005.3,44,10.0,137,20.16,36136.22
2013-08-28,28.7,32.9,24.9,35.0,0.3,3.0,83,25.3,1004.0,22,13.2,149,22.05,43200.0
2013-08-29,29.5,33.8,26.3,36.6,2.8,3.0,84,26.3,1003.0,62,12.4,135,21.04,43200.0
2013-08-30,28.3,32.9,26.1,34.7,10.1,9.0,87,25.8,1004.2,86,10.2,337,16.33,31231.58
2013-08-31,27.0,29.7,25.2,32.9,6.8,14.0,90,25.1,1006.4,95,9.7,70,13.59,25827.26
2013-09-01,25.8,27.7,24.6,31.4,12.3,17.0,92,24.5,1008.4,99,7.9,85,5.82,2004.51
2013-09-02,26.1,28.2,24.9,32.1,11.2,15.0,94,25.1,1008.2,99,8.9,96,4.13,0.0
2013-09-03,28.4,32.1,25.8,35.0,0.0,0.0,86,25.6,1005.2,100,7.4,73,14.94,20866.53
2013-09-04,25.5,27.9,24.0,30.9,20.8,24.0,93,24.3,1005.3,100,11.4,30,6.06,1553.09
2013-09-05,23.1,23.9,22.7,26.6,19.4,22.0,92,21.7,1008.2,100,10.0,356,2.03,0.0
2013-09-06,22.3,22.8,21.7,25.1,14.5,19.0,88,20.3,1012.7,100,11.2,355,3.38,0.0
2013-09-07,24.6,28.3,21.6,28.2,2.3,9.0,83,21.3,1013.0,87,9.0,333,13.55,31304.48
2013-09-08,24.8,27.1,23.6,29.8,9.9,8.0,91,23.2,1012.9,91,9.4,360,7.32,6341.19
2013-09-09,25.9,29.6,23.4,31.3,2.4,5.0,89,23.8,1012.1,67,7.0,288,14.87,29299.33
2013-09-10,26.8,31.3,22.7,32.3,0.7,5.0,85,23.8,1009.2,56,9.4,127,20.27,43023.06
2013-09-11,25.8,29.8,23.5,31.3,6.7,6.0,90,23.9,1009.3,91,10.5,349,12.21,29232.05
2013-09-12,25.0,27.4,23.8,30.3,15.7,22.0,94,23.9,1010.5,100,7.2,338,4.98,3457.83
2013-09-13,26.1,30.2,23.8,31.7,5.3,15.0,90,24.2,1009.8,94,7.5,295,13.97,30093.67
2013-09-14,27.6,32.2,23.0,33.5,0.0,0.0,82,24.0,1006.4,46,6.6,258,21.92,42774.92
2013-09-15,27.5,31.6,24.7,33.6,2.1,5.0,85,24.6,1005.3,51,6.3,87,19.44,40141.37
2013-09-16,26.9,31.6,24.4,32.8,8.1,11.0,88,24.5,1006.1,82,7.4,105,16.15,36816.43
2013-09-17,26.7,30.9,24.3,32.6,2.0,8.0,88,24.4,1006.7,70,9.0,49,16.89,36043.54
2013-09-18,27.6,32.1,24.1,32.8,0.3,1.0,82,23.9,1005.9,77,9.9,15,20.91,42784.82
2013-09-19,26.9,29.8,24.6,31.2,1.8,7.0,79,22.8,1006.3,81,14.5,18,13.15,32760.39
2013-09-20,25.8,29.1,24.7,30.7,12.4,11.0,88,23.6,1007.2,99,10.5,321,7.12,10132.01
2013-09-21,27.8,31.8,24.0,32.9,0.0,0.0,80,23.9,1004.9,32,12.0,304,21.68,42611.25
2013-09-22,28.5,33.2,24.4,34.1,0.3,1.0,79,24.2,1001.2,86,10.7,304,21.76,42553.94
2013-09-23,28.4,33.1,25.2,34.2,5.1,4.0,82,24.8,1000.4,98,9.5,277,13.72,22125.05
2013-09-24,27.2,30.7,24.8,32.2,5.8,5.0,82,23.7,1003.8,100,9.5,297,11.93,21486.49
2013-09-25,24.1,26.7,21.8,27.4,28.4,19.0,88,22.0,1008.8,100,15.6,345,2.7,0.0
2013-09-26,21.7,25.1,20.2,22.8,6.8,11.0,77,17.5,1013.8,100,13.1,354,6.05,5353.66
2013-09-27,22.8,26.0,20.6,24.7,0.2,1.0,75,18.1,1012.7,89,11.1,328,9.09,16022.74
2013-09-28,25.2,29.5,21.9,28.6,0.0,0.0,78,20.8,1010.2,45,10.7,350,18.8,41497.71
2013-09-29,24.4,29.3,19.7,26.3,0.0,0.0,69,17.9,1009.0,92,15.5,2,23.52,42165.23
2013-09-30,23.8,25.2,21.8,25.3,4.8,13.0,73,18.5,1009.1,98,14.3,337,6.66,3075.43
2013-10-01,22.8,24.1,22.0,25.6,15.9,24.0,88,20.7,1012.9,99,12.0,344,4.09,0.0
2013-10-02,25.0,29.2,21.9,28.3,1.1,4.0,81,21.4,1014.0,96,12.5,323,13.83,29652.11
2013-10-03,26.0,31.0,22.2,29.8,0.0,0.0,75,20.8,1012.9,12,9.0,15,21.87,41395.18
2013-10-04,26.1,30.4,21.4,30.0,0.0,0.0,75,21.1,1011.8,17,8.9,68,20.01,40434.65
2013-10-05,25.9,29.9,21.5,30.2,0.0,0.0,80,21.9,1010.3,32,9.1,140,18.46,39968.05
2013-10-06,25.7,29.5,22.8,28.8,0.1,1.0,74,20.3,1012.0,31,14.2,7,18.82,40739.53
2013-10-07,25.0,29.6,20.8,26.6,0.0,0.0,65,17.3,1012.0,10,15.9,336,22.65,41264.01
2013-10-08,24.6,30.7,18.7,26.3,0.0,0.0,68,17.6,1012.0,0,16.8,328,22.44,40796.58
2013-10-09,25.4,30.5,20.4,27.9,0.0,0.0,68,18.4,1011.6,1,10.4,337,22.43,40824.84
2013-10-10,25.6,30.9,20.1,29.1,0.0,0.0,74,20.2,1013.1,16,9.7,346,20.5,39858.68
2013-10-11,26.6,31.2,22.8,30.3,0.0,0.0,75,21.3,1012.6,29,12.1,322,19.02,39885.54
2013-10-12,26.8,31.7,22.7,31.2,0.0,0.0,75,21.6,1010.7,19,5.9,309,20.1,40161.08
2013-10-13,27.0,31.7,22.3,31.7,0.0,0.0,77,22.3,1009.7,16,9.0,328,19.83,39688.93
2013-10-14,27.2,31.9,22.8,31.7,0.1,1.0,78,22.6,1009.5,45,10.8,2,17.76,39600.0
2013-10-15,27.5,30.7,24.4,30.6,0.6,3.0,68,20.8,1011.1,80,17.3,17,14.18,35678.04
2013-10-16,23.1,26.3,20.4,24.4,18.7,18.0,75,18.2,1014.5,100,13.8,4,2.68,0.0
2013-10-17,19.6,20.2,19.1,20.9,53.1,24.0,90,17.9,1017.5,100,12.6,353,1.71,0.0
2013-10-18,19.3,19.9,18.7,20.6,24.0,24.0,91,17.7,1018.6,100,12.0,344,2.11,0.0
2013-10-19,21.2,24.5,19.1,22.4,0.6,4.0,78,17.0,1019.3,79,13.0,349,7.87,12248.14
2013-10-20,22.3,26.4,18.6,23.8,0.0,0.0,70,16.5,1017.3,35,9.5,347,17.65,32235.69
2013-10-21,23.0,26.9,19.7,25.1,0.0,0.0,73,17.8,1015.8,40,9.6,19,15.94,36364.99
2013-10-22,23.4,26.9,21.2,25.1,0.0,0.0,69,17.3,1017.0,78,8.7,9,14.22,30885.93
2013-10-23,23.5,26.8,20.3,24.7,0.0,0.0,66,16.6,1016.7,55,11.9,347,16.06,35809.35
2013-10-24,21.4,24.2,19.3,22.4,0.0,0.0,74,16.6,1016.6,71,15.3,324,6.67,15272.23
2013-10-25,21.4,27.1,17.1,22.2,0.0,0.0,71,15.3,1017.1,9,13.7,341,20.59,39600.0
2013-10-26,20.4,26.8,15.0,21.3,0.0,0.0,70,14.2,1017.7,17,7.8,353,20.73,39600.0
2013-10-27,21.0,26.4,15.1,22.3,0.0,0.0,73,15.5,1016.9,41,8.1,116,18.63,39578.91
2013-10-28,22.0,26.0,18.0,24.3,0.8,4.0,80,18.2,1016.5,80,10.6,107,10.11,18057.29
2013-10-29,22.4,25.1,21.0,25.7,0.3,3.0,87,20.1,1016.4,84,9.4,109,4.01,0.0
2013-10-30,24.2,27.8,21.5,27.7,0.8,4.0,84,21.2,1014.9,49,11.5,133,13.38,35353.59
2013-10-31,24.2,28.1,22.4,28.2,1.1,5.0,88,22.1,1015.3,69,10.7,127,10.09,24569.15
2013-11-01,24.3,28.6,21.1,28.0,0.1,1.0,83,21.0,1014.5,39,8.9,129,15.83,36609.5
2013-11-02,23.7,28.3,19.9,27.3,0.0,0.0,83,20.3,1014.1,44,5.7,9,14.89,33284.24
2013-11-03,23.4,27.9,20.7,25.7,0.0,0.0,75,18.4,1015.7,24,10.2,4,17.28,39375.77
2013-11-04,22.4,27.2,19.3,23.5,0.0,0.0,67,15.7,1018.3,4,12.3,1,19.33,39344.88
2013-11-05,23.2,27.6,19.3,24.9,0.0,0.0,70,17.2,1018.1,59,10.2,358,13.28,27188.13
2013-11-06,23.3,25.8,21.8,25.4,0.0,0.0,73,18.1,1018.2,97,10.4,350,7.52,13644.45
2013-11-07,23.9,27.1,21.2,26.9,0.0,0.0,78,19.7,1016.4,73,7.1,297,8.42,22657.49
2013-11-08,24.2,27.4,21.1,27.7,0.4,3.0,83,21.0,1014.5,80,10.2,134,9.32,23983.18
2013-11-09,24.7,29.0,21.1,28.5,0.0,0.0,81,21.1,1013.7,75,7.9,112,12.36,32705.67
2013-11-10,24.2,26.3,22.6,26.4,25.2,15.0,82,20.9,1010.2,99,26.9,333,4.78,4717.32
2013-11-11,24.3,28.2,21.9,25.6,55.2,10.0,80,20.5,1005.0,83,38.1,309,5.09,10429.0
2013-11-12,22.5,26.1,19.9,23.4,0.0,0.0,69,16.4,1012.8,55,11.5,35,16.35,39077.55
2013-11-13,20.9,23.1,19.3,21.8,0.0,0.0,70,15.1,1014.5,92,9.3,41,10.85,31376.51
2013-11-14,20.2,21.2,19.4,20.6,0.0,0.0,71,14.7,1017.7,86,11.9,17,4.95,5753.88
2013-11-15,19.8,22.7,17.8,19.9,0.0,0.0,69,13.9,1019.1,70,10.8,346,9.78,22897.23
2013-11-16,21.3,25.1,17.6,22.6,0.0,0.0,74,16.2,1018.8,80,9.0,348,12.78,32675.27
2013-11-17,21.3,23.8,19.7,22.3,0.0,0.0,67,14.9,1018.6,71,6.3,5,7.34,17683.27
2013-11-18,21.0,24.8,17.6,22.2,0.0,0.0,73,15.7,1019.2,65,6.3,49,12.25,34618.3
2013-11-19,19.8,22.3,18.1,19.7,0.0,0.0,67,13.4,1020.3,90,11.3,341,7.45,13211.82
2013-11-20,17.9,18.3,17.4,18.1,1.2,3.0,76,13.5,1018.5,94,9.9,338,2.64,1151.27
2013-11-21,18.0,19.1,17.1,19.2,3.6,11.0,87,15.8,1017.6,98,7.7,334,2.2,0.0
2013-11-22,19.2,20.5,18.0,21.0,0.2,2.0,85,16.6,1017.2,99,6.9,340,2.44,0.0
2013-11-23,20.8,22.8,19.4,23.7,3.7,7.0,90,19.1,1014.9,87,8.2,109,5.38,5429.06
2013-11-24,21.8,25.5,20.3,23.7,1.2,4.0,79,17.7,1014.5,88,17.9,8,7.42,16077.02
2013-11-25,20.2,23.6,17.9,19.8,0.0,0.0,58,11.4,1015.2,67,9.5,42,16.37,36047.84
2013-11-26,20.4,23.6,17.3,21.3,0.0,0.0,73,15.4,1014.3,72,9.0,121,10.06,24246.43
2013-11-27,18.6,20.1,15.9,19.1,6.6,11.0,81,15.2,1017.5,97,14.2,20,1.66,0.0
2013-11-28,16.1,18.7,14.5,14.5,0.8,3.0,65,9.2,1024.7,99,13.1,13,4.53,6148.37
2013-11-29,16.1,17.8,14.3,14.5,0.0,0.0,55,6.8,1023.8,82,9.4,20,5.88,16287.9
2013-11-30,16.8,20.7,13.2,16.3,0.0,0.0,66,10.0,1021.2,72,6.9,352,13.98,35558.97
2013-12-01,18.2,22.6,14.5,17.8,0.0,0.0,64,11.1,1022.3,37,10.7,344,15.83,36098.37
2013-12-02,16.6,22.5,11.0,16.1,0.0,0.0,70,10.5,1020.2,1,9.4,16,17.19,37278.74
2013-12-03,16.5,22.7,10.1,16.1,0.0,0.0,73,11.1,1018.5,19,9.6,125,17.11,37301.18
2013-12-04,17.1,23.8,12.1,17.1,0.0,0.0,75,12.1,1018.2,3,8.6,297,17.11,37051.99
2013-12-05,17.7,23.9,12.1,18.2,0.0,0.0,79,13.6,1016.4,23,7.6,119,15.25,36802.12
2013-12-06,18.5,23.9,13.2,19.0,0.0,0.0,76,13.6,1016.8,38,7.7,236,14.36,36007.49
2013-12-07,18.3,23.2,13.7,19.0,0.0,0.0,77,13.8,1017.2,48,7.6,140,13.49,36541.53
2013-12-08,17.8,23.9,13.1,18.4,0.0,0.0,82,14.4,1014.1,53,13.0,146,14.77,33566.42
2013-12-09,18.6,24.0,13.9,19.5,0.0,0.0,81,14.9,1015.6,75,7.2,335,11.57,33769.47
2013-12-10,18.8,23.1,14.9,19.4,0.0,0.0,78,14.7,1013.4,53,10.6,100,10.33,26427.76
2013-12-11,17.8,19.8,16.7,17.8,0.6,4.0,74,12.9,1016.1,97,12.3,17,3.97,1778.49
2013-12-12,17.5,19.2,16.0,17.1,0.0,0.0,67,11.3,1015.8,98,7.1,30,6.49,7955.6
2013-12-13,16.2,17.2,15.4,16.2,5.0,14.0,81,12.9,1017.9,100,9.7,4,2.29,0.0
2013-12-14,15.5,16.9,14.6,15.5,7.6,18.0,89,13.6,1018.3,100,10.8,355,2.35,0.0
2013-12-15,14.2,15.5,11.5,13.1,8.2,24.0,87,12.1,1018.8,100,17.1,352,2.22,0.0
2013-12-16,11.2,11.7,10.7,9.1,14.5,18.0,86,8.9,1021.1,100,16.6,338,2.92,1333.53
2013-12-17,12.7,17.6,8.7,10.9,0.0,0.0,69,6.8,1020.2,17,15.0,358,16.86,36211.56
2013-12-18,11.2,16.8,6.1,8.6,0.0,0.0,64,4.1,1022.0,24,13.8,22,17.19,36227.46
2013-12-19,10.1,14.8,5.9,7.7,0.0,0.0,64,3.2,1023.7,11,11.4,26,17.33,36243.18
2013-12-20,10.0,15.7,5.0,7.8,0.0,0.0,69,4.1,1024.2,1,10.2,4,16.95,36258.66
2013-12-21,10.9,16.4,6.2,8.4,0.0,0.0,67,4.4,1025.6,8,13.7,12,17.0,36000.27
2013-12-22,11.1,16.4,5.4,9.1,0.0,0.0,64,4.1,1024.7,3,9.7,351,17.16,36015.22
2013-12-23,11.1,17.5,5.1,9.3,0.0,0.0,72,5.5,1022.9,17,7.8,354,16.94,36029.81
2013-12-24,12.2,18.3,7.1,10.2,0.0,0.0,67,5.7,1024.0,8,9.4,350,16.71,36044.02
2013-12-25,12.7,18.2,7.0,10.9,0.0,0.0,62,5.0,1022.4,2,8.1,11,17.0,36057.8
2013-12-26,12.9,19.1,7.4,10.9,0.0,0.0,65,5.8,1022.6,3,11.1,5,16.26,36000.0
2013-12-27,12.7,17.2,9.0,10.4,0.0,0.0,56,3.9,1024.2,10,10.6,24,16.01,36000.0
2013-12-28,11.6,16.9,7.3,9.4,0.0,0.0,61,3.5,1022.8,3,8.4,49,16.17,36000.0
2013-12-29,11.3,16.7,5.9,9.1,0.0,0.0,62,3.4,1022.7,21,8.0,42,16.23,36000.0
2013-12-30,11.7,17.5,6.2,9.8,0.0,0.0,68,5.3,1023.5,38,8.0,329,15.01,36000.0
2013-12-31,12.9,19.5,6.6,11.4,0.0,0.0,70,6.9,1022.4,2,7.9,321,16.96,36000.0
2014-01-01,13.9,20.5,7.6,13.0,0.0,0.0,74,8.8,1018.6,0,10.7,132,16.98,36000.0
2014-01-02,16.1,23.2,10.2,16.2,0.0,0.0,81,12.5,1014.0,18,12.1,143,16.72,36000.0
2014-01-03,17.5,21.5,14.5,18.0,0.4,3.0,82,14.1,1016.4,80,11.7,15,5.04,1281.88
2014-01-04,17.4,22.1,13.8,16.7,0.0,0.0,68,10.9,1019.1,38,10.7,342,12.45,33671.65
2014-01-05,16.7,23.3,11.0,16.1,0.0,0.0,77,12.1,1015.4,9,14.8,146,16.29,36067.27
2014-01-06,19.2,23.7,15.3,19.9,0.2,1.0,85,16.4,1012.9,66,15.6,153,6.93,7815.89
2014-01-07,21.0,25.9,17.7,22.9,0.0,0.0,84,17.9,1012.5,60,11.2,151,10.03,27345.09
2014-01-08,18.0,20.2,14.9,18.2,3.0,8.0,79,14.1,1017.5,100,19.2,48,3.63,122.49
2014-01-09,14.1,15.3,13.3,12.6,1.1,7.0,69,8.5,1022.1,99,9.5,18,2.87,91.58
2014-01-10,14.3,16.1,12.8,13.7,0.1,1.0,73,9.5,1021.8,96,6.2,26,4.08,132.0
2014-01-11,16.8,19.0,14.8,17.6,0.2,1.0,83,14.0,1021.3,99,6.3,349,4.45,468.02
2014-01-12,15.6,17.7,13.4,14.5,6.5,14.0,74,10.7,1023.8,99,12.0,24,4.72,116.6
2014-01-13,12.5,14.0,8.9,9.8,0.0,0.0,62,5.2,1025.8,79,15.8,10,3.47,2754.98
2014-01-14,11.1,17.3,5.3,8.8,0.0,0.0,64,3.9,1025.3,1,10.2,345,18.41,36954.55
2014-01-15,11.5,17.9,4.8,9.7,0.0,0.0,67,4.7,1024.3,1,8.4,48,18.3,36931.22
2014-01-16,13.6,19.9,6.7,12.8,0.0,0.0,76,8.9,1022.6,7,9.2,114,17.23,36639.78
2014-01-17,15.1,20.2,10.6,14.3,0.0,0.0,77,10.7,1024.3,50,10.6,309,11.03,32436.4
2014-01-18,15.4,21.4,10.4,14.0,0.0,0.0,67,8.5,1026.8,5,13.3,0,18.0,37128.24
2014-01-19,14.5,21.0,8.0,13.3,0.0,0.0,69,8.1,1024.3,30,12.8,135,18.11,37371.4
2014-01-20,15.3,21.6,8.7,13.3,0.0,0.0,63,7.4,1025.3,39,15.3,336,15.51,31367.4
2014-01-21,15.0,20.8,10.2,12.4,0.0,0.0,49,3.4,1026.0,25,14.8,7,18.82,37855.63
2014-01-22,12.4,19.7,5.3,10.0,0.0,0.0,53,1.8,1025.2,0,9.7,3,19.56,38096.77
2014-01-23,13.0,20.4,6.6,11.0,0.0,0.0,68,6.5,1021.0,4,13.4,143,19.08,37806.72
2014-01-24,16.1,23.6,10.1,15.4,0.0,0.0,77,11.5,1014.3,3,14.5,153,18.44,37782.65
2014-01-25,17.1,20.0,15.1,17.9,0.8,5.0,87,14.8,1016.6,99,9.8,338,3.17,0.0
2014-01-26,18.6,22.4,15.6,19.6,0.2,1.0,82,15.1,1018.7,78,7.9,137,7.66,19244.58
2014-01-27,18.2,24.3,13.8,18.7,0.0,0.0,81,14.3,1018.5,59,13.5,158,14.63,32880.96
2014-01-28,18.9,22.1,15.2,19.6,0.2,2.0,82,15.5,1017.8,93,9.3,133,5.96,1314.38
2014-01-29,19.0,21.9,16.6,20.4,2.8,12.0,86,16.6,1018.6,85,9.8,140,4.22,3852.43
2014-01-30,18.8,23.8,15.5,19.9,0.0,0.0,83,15.6,1018.6,70,9.0,142,10.58,25111.01
2014-01-31,18.3,24.5,14.1,18.6,0.0,0.0,80,14.3,1016.6,43,14.4,152,15.82,28975.48
2014-02-01,19.2,24.2,14.9,20.2,0.0,0.0,83,16.0,1013.4,63,13.6,141,12.83,28474.17
2014-02-02,20.0,22.7,16.9,21.6,0.0,0.0,85,17.2,1010.9,96,9.9,125,7.37,6454.93
2014-02-03,20.4,24.7,17.7,22.1,0.7,5.0,84,17.5,1009.7,75,10.9,128,9.26,18892.79
2014-02-04,20.5,25.3,17.3,21.3,0.0,0.0,81,16.7,1009.7,53,18.7,143,10.31,28790.6
2014-02-05,22.3,27.6,18.2,23.3,0.0,0.0,82,18.8,1008.2,78,20.3,160,10.84,24329.26
2014-02-06,23.4,28.9,20.9,25.6,0.2,2.0,82,19.9,1007.1,81,17.6,153,14.96,30276.05
2014-02-07,23.8,29.5,19.0,26.4,2.7,4.0,79,19.7,1007.2,75,15.0,112,15.67,31184.77
2014-02-08,18.5,21.8,15.5,18.5,0.7,2.0,78,14.5,1008.0,100,14.6,100,5.36,894.59
2014-02-09,15.5,18.9,11.1,14.6,2.8,16.0,79,11.7,1010.6,100,16.1,49,4.15,0.0
2014-02-10,10.3,11.7,9.0,6.9,0.7,4.0,59,2.5,1019.5,100,12.8,31,4.67,89.38
2014-02-11,10.1,11.6,8.3,7.0,0.0,0.0,51,0.5,1020.0,90,11.9,33,7.06,11583.61
2014-02-12,10.8,12.0,9.8,8.4,0.0,0.0,61,3.5,1017.7,99,8.7,31,3.78,0.0
2014-02-13,10.3,12.3,8.2,7.1,0.1,1.0,55,1.4,1023.1,91,12.2,14,6.09,5825.8
2014-02-14,10.9,12.8,9.7,7.7,0.0,0.0,47,0.1,1023.0,70,10.3,34,8.68,21667.85
2014-02-15,12.2,15.3,8.8,10.6,0.0,0.0,64,5.6,1018.7,88,6.4,51,6.79,4958.34
2014-02-16,14.9,17.7,12.2,14.5,0.0,0.0,77,10.8,1016.4,98,6.5,21,7.07,5844.78
2014-02-17,17.6,20.7,15.1,18.9,0.4,3.0,87,15.5,1015.4,100,7.0,37,6.08,63.18
2014-02-18,15.1,19.3,10.7,14.5,6.9,21.0,82,12.0,1017.5,100,23.1,26,3.24,0.0
2014-02-19,11.4,12.9,10.0,8.5,0.4,2.0,60,3.7,1024.9,96,14.4,9,4.08,0.0
2014-02-20,11.4,15.9,7.3,9.1,0.0,0.0,60,3.3,1024.5,53,7.2,39,10.85,32604.07
2014-02-21,13.7,16.6,10.1,13.0,0.0,0.0,77,9.6,1020.9,91,8.0,56,6.27,1569.62
2014-02-22,16.1,18.1,14.4,16.9,1.2,8.0,89,14.3,1019.1,100,6.6,339,3.8,0.0
2014-02-23,16.5,17.5,15.3,17.7,2.1,12.0,94,15.6,1018.9,100,6.5,44,2.51,0.0
2014-02-24,19.7,23.4,17.1,20.8,0.7,6.0,89,17.7,1016.1,93,19.2,149,6.16,5535.93
2014-02-25,20.3,23.8,18.2,22.1,1.3,5.0,89,18.5,1015.3,95,12.1,135,5.9,445.49
2014-02-26,20.2,23.4,18.3,21.5,0.3,2.0,83,17.2,1016.4,94,13.2,133,5.85,478.08
2014-02-27,20.8,24.4,18.2,22.0,0.3,2.0,84,17.8,1015.8,99,15.2,137,7.1,7241.73
2014-02-28,21.6,25.0,19.4,23.2,0.6,4.0,87,19.2,1012.3,89,18.2,145,7.8,10268.43
2014-03-01,22.5,26.6,19.6,25.3,0.0,0.0,86,19.8,1011.0,87,11.8,111,9.33,10477.72
2014-03-02,21.4,24.1,19.8,23.3,1.9,8.0,85,18.8,1011.6,98,15.1,105,5.57,0.0
2014-03-03,19.4,21.2,17.6,20.6,1.3,11.0,85,16.7,1013.3,100,13.5,95,4.42,515.04
2014-03-04,18.8,20.6,16.9,20.1,3.4,19.0,88,16.7,1015.6,100,13.2,36,3.96,0.0
2014-03-05,18.2,20.4,16.0,19.2,1.0,7.0,84,15.3,1016.3,100,9.0,102,5.16,0.0
2014-03-06,19.8,22.1,17.6,22.2,2.2,14.0,91,18.3,1013.7,100,8.6,72,5.39,0.0
2014-03-07,20.3,21.8,19.5,22.7,6.1,16.0,93,19.1,1014.9,100,10.7,68,3.44,0.0
2014-03-08,19.0,21.8,15.3,20.7,5.4,21.0,93,17.8,1015.2,100,15.0,17,3.59,0.0
2014-03-09,15.2,16.4,14.3,14.9,2.4,11.0,83,12.3,1019.0,100,10.5,24,4.11,0.0
2014-03-10,15.3,16.7,14.0,15.4,0.8,5.0,84,12.7,1019.6,99,7.4,26,3.87,0.0
2014-03-11,18.5,23.4,14.7,19.6,0.0,0.0,83,15.6,1016.1,81,11.9,127,10.92,13469.59
2014-03-12,21.2,26.0,17.4,23.9,0.0,0.0,87,18.9,1011.8,72,9.4,86,10.28,15829.63
2014-03-13,20.7,21.8,18.2,23.1,3.9,16.0,90,19.1,1014.6,100,11.7,43,3.33,0.0
2014-03-14,16.8,17.9,15.5,16.7,5.5,13.0,83,13.7,1020.8,100,13.2,18,3.55,0.0
2014-03-15,17.2,20.2,15.2,17.5,0.0,0.0,76,12.8,1020.3,88,6.7,76,9.01,15149.95
2014-03-16,18.7,20.8,16.7,20.0,0.3,2.0,83,15.7,1019.4,100,6.2,32,6.7,89.11
2014-03-17,20.5,23.3,18.1,22.5,0.0,0.0,85,17.8,1016.8,99,10.1,129,6.54,0.0
2014-03-18,21.8,25.9,17.9,24.3,0.0,0.0,89,19.7,1013.3,82,15.1,146,10.36,11226.77
2014-03-19,23.6,27.5,21.4,26.8,0.6,4.0,88,21.3,1010.4,93,14.8,139,9.77,6906.94
2014-03-20,22.5,25.5,16.4,25.2,13.2,11.0,88,20.3,1012.6,99,25.5,90,4.93,0.0
2014-03-21,14.9,15.9,14.1,13.9,3.8,13.0,79,11.3,1019.7,100,14.8,19,3.21,0.0
2014-03-22,15.3,17.2,13.6,15.2,2.5,10.0,81,11.9,1019.9,95,7.7,357,6.57,10574.91
2014-03-23,16.7,18.5,15.3,17.5,1.3,5.0,86,14.4,1020.1,100,7.9,337,4.3,0.0
2014-03-24,19.0,21.9,16.7,20.8,0.2,2.0,90,17.3,1016.8,83,9.4,105,5.48,0.0
2014-03-25,21.2,25.5,17.7,23.1,0.0,0.0,87,18.8,1013.4,77,14.0,147,8.96,10074.96
2014-03-26,22.0,26.0,19.5,24.0,0.3,2.0,86,19.4,1012.4,81,15.8,140,9.05,3754.38
2014-03-27,22.7,27.0,19.1,24.9,0.0,0.0,86,20.0,1009.7,63,17.1,146,11.67,18984.03
2014-03-28,24.5,29.5,21.0,27.9,0.1,1.0,87,22.1,1007.4,73,14.5,149,12.78,24846.7
2014-03-29,25.2,29.9,22.0,29.7,0.0,0.0,87,22.8,1007.1,80,12.9,111,13.05,23092.17
2014-03-30,26.5,32.6,23.1,31.1,0.0,0.0,84,23.3,1004.7,61,12.3,138,18.25,31991.41
2014-03-31,26.5,32.4,21.0,31.0,0.5,2.0,82,22.9,1004.5,42,10.5,52,21.71,39121.31
2014-04-01,23.7,24.7,22.6,26.9,1.7,11.0,83,20.5,1008.5,99,9.5,47,6.0,98.31
2014-04-02,23.4,26.7,20.7,26.6,1.0,4.0,85,20.6,1009.0,95,9.4,106,8.7,352.45
2014-04-03,23.3,24.7,21.9,26.7,2.2,8.0,89,21.2,1011.5,99,14.5,70,6.02,0.0
2014-04-04,22.5,25.2,20.7,25.5,4.4,11.0,86,19.9,1014.9,83,9.5,127,6.66,7007.14
2014-04-05,22.6,27.0,18.9,25.2,0.9,4.0,86,20.0,1013.0,70,13.8,136,14.76,34626.86
2014-04-06,23.1,26.8,20.7,26.5,2.4,7.0,89,21.0,1012.8,87,10.7,126,13.15,25969.82
2014-04-07,22.9,25.8,21.2,25.6,7.8,9.0,88,20.7,1012.7,91,14.7,122,9.16,12579.67
2014-04-08,23.3,25.9,21.5,26.1,1.0,8.0,88,21.1,1011.7,99,14.3,128,6.85,833.57
2014-04-09,24.5,28.4,22.2,28.1,2.0,12.0,88,22.3,1010.3,85,14.7,139,14.15,28800.0
2014-04-10,25.5,28.9,23.4,29.5,2.7,15.0,89,23.5,1009.8,72,16.9,144,14.22,34443.84
2014-04-11,26.1,29.4,24.2,29.4,0.4,3.0,84,23.1,1008.8,88,20.5,148,12.51,21223.56
2014-04-12,26.6,30.8,23.8,30.9,0.1,1.0,84,23.6,1007.9,74,13.6,140,15.14,28819.17
2014-04-13,26.4,29.7,24.3,31.2,0.9,5.0,88,24.2,1010.4,92,15.2,139,12.62,24533.42
2014-04-14,26.6,30.6,24.2,31.1,3.6,6.0,86,23.8,1011.0,99,14.2,150,16.1,25245.23
2014-04-15,26.4,29.9,23.9,29.7,0.0,0.0,83,23.0,1010.4,98,20.0,155,16.84,32423.08
2014-04-16,26.8,30.9,24.2,30.6,0.1,1.0,84,23.6,1008.1,76,18.7,155,17.96,36312.51
2014-04-17,26.9,30.8,24.4,31.2,0.0,0.0,84,24.0,1007.6,86,19.1,147,15.56,26137.09
2014-04-18,27.2,31.4,24.8,31.5,0.4,4.0,84,24.3,1008.1,96,19.6,149,14.79,29595.88
2014-04-19,27.4,31.5,24.7,32.0,0.0,0.0,84,24.4,1007.2,98,16.1,135,13.46,17391.83
2014-04-20,26.8,29.8,25.0,31.2,1.0,7.0,86,24.2,1008.0,100,15.8,139,9.28,5523.22
2014-04-21,27.8,31.6,25.0,32.2,0.3,2.0,84,24.7,1007.3,96,18.6,146,14.7,22092.91
2014-04-22,25.6,26.4,24.1,30.1,7.0,12.0,90,23.9,1009.8,97,13.0,84,7.01,3876.35
2014-04-23,26.7,30.7,24.0,31.1,2.4,8.0,87,24.4,1006.9,97,17.9,137,9.13,10305.05
2014-04-24,28.9,34.1,25.7,34.3,0.0,0.0,82,25.3,1004.4,97,14.4,140,17.61,29321.12
2014-04-25,28.9,34.3,25.4,34.5,0.2,1.0,82,25.3,1006.1,95,13.7,143,18.14,33721.99
2014-04-26,28.1,33.1,25.4,33.8,21.0,10.0,85,25.1,1007.6,85,13.9,135,16.47,35677.51
2014-04-27,24.5,26.7,22.5,27.6,38.8,12.0,83,21.4,1012.5,94,15.7,21,12.76,29839.52
2014-04-28,22.9,23.9,21.8,26.0,0.8,5.0,83,19.8,1013.7,99,5.9,16,4.56,0.0
2014-04-29,23.9,26.3,22.1,27.6,3.7,14.0,86,21.4,1011.9,97,13.0,66,9.22,11208.53
2014-04-30,21.8,23.4,20.1,23.7,1.0,4.0,78,17.7,1011.4,98,12.2,0,6.31,1237.67
2014-05-01,23.6,26.5,21.5,27.0,0.1,1.0,81,20.2,1010.9,83,7.4,54,10.88,19343.86
2014-05-02,24.9,29.5,21.5,29.2,0.3,2.0,85,21.9,1012.6,60,11.6,75,21.65,41008.92
2014-05-03,24.8,28.1,22.8,29.3,5.1,10.0,88,22.7,1011.9,96,12.2,125,11.87,25379.0
2014-05-04,25.9,30.4,22.2,30.6,25.1,14.0,86,23.2,1009.5,92,22.1,103,18.89,34198.04
2014-05-05,22.1,25.1,19.2,23.4,19.9,6.0,75,17.3,1015.2,95,15.1,17,17.36,36000.0
2014-05-06,22.4,24.4,20.8,24.4,0.0,0.0,73,17.3,1015.3,99,6.5,28,12.65,11543.68
2014-05-07,23.5,26.7,20.3,26.9,0.6,4.0,84,20.6,1011.6,97,8.4,140,11.77,8969.37
2014-05-08,25.9,30.1,22.1,30.1,0.0,0.0,85,23.0,1007.1,87,13.7,166,14.79,27608.23
2014-05-09,28.5,33.2,23.6,33.4,0.0,0.0,78,23.9,1002.1,18,12.7,184,23.45,43452.35
2014-05-10,30.1,35.4,26.2,35.0,0.0,0.0,70,24.0,999.7,18,13.8,195,23.72,43697.9
2014-05-11,29.5,33.1,26.6,34.7,4.2,9.0,73,24.0,1002.8,45,13.1,111,22.33,43686.03
2014-05-12,27.3,30.3,25.1,32.3,4.8,6.0,85,24.3,1006.3,92,13.7,144,11.72,20434.17
2014-05-13,29.9,35.1,25.4,36.1,0.0,0.0,80,25.9,1001.4,52,19.1,159,23.4,42259.15
2014-05-14,31.5,36.7,26.8,37.3,0.0,0.0,69,25.1,998.4,36,15.1,181,27.29,44432.88
2014-05-15,29.6,33.5,26.4,34.9,4.3,4.0,75,24.6,1000.9,53,14.1,50,21.51,44423.98
2014-05-16,28.8,32.8,25.6,34.9,5.9,6.0,84,25.7,1003.5,98,13.4,133,14.98,25360.85
2014-05-17,30.5,34.8,26.5,37.2,0.0,0.0,79,26.2,1003.4,71,15.4,160,22.31,43624.22
2014-05-18,31.3,35.1,27.9,38.0,0.0,0.0,76,26.4,1003.9,79,14.6,159,22.59,44400.17
2014-05-19,30.9,34.9,27.7,37.2,0.0,0.0,75,25.7,1004.8,87,13.2,156,22.26,43058.97
2014-05-20,29.6,32.7,27.5,35.7,0.7,1.0,81,25.8,1004.4,94,14.1,99,16.35,26406.61
2014-05-21,31.6,36.0,27.7,37.2,0.0,0.0,70,25.1,1000.4,37,14.3,178,24.47,43220.87
2014-05-22,32.2,37.0,28.2,37.4,0.0,0.0,64,24.4,998.6,76,13.5,182,26.69,44121.49
2014-05-23,32.6,37.3,28.4,37.8,0.0,0.0,62,24.2,1001.3,65,13.8,180,26.42,44633.33
2014-05-24,32.4,37.3,28.6,37.9,0.0,0.0,65,24.8,1004.5,63,18.8,159,26.27,44629.06
2014-05-25,31.7,36.2,28.8,37.5,0.0,0.0,72,25.9,1007.0,93,18.1,148,23.36,44625.27
2014-05-26,29.1,32.1,26.7,35.9,16.8,14.0,84,26.0,1008.6,100,10.7,106,16.12,28948.53
2014-05-27,26.4,30.4,24.8,32.3,29.5,20.0,93,25.1,1007.2,100,10.7,69,8.6,14714.83
2014-05-28,27.1,31.5,24.8,33.2,23.8,15.0,90,25.2,1006.1,96,7.9,108,12.27,17707.65
2014-05-29,27.9,31.0,25.7,34.2,11.7,10.0,89,25.9,1003.8,99,9.3,105,8.88,1627.56
2014-05-30,29.7,33.9,26.6,36.7,7.8,10.0,84,26.4,1002.7,93,9.2,67,18.27,42857.35
2014-05-31,29.6,33.8,26.4,36.2,5.0,7.0,83,26.1,1003.6,92,13.0,148,18.74,39696.59
2014-06-01,30.9,34.9,27.8,37.3,0.0,0.0,75,25.9,1003.8,72,12.7,161,24.74,44777.01
2014-06-02,31.7,36.0,28.1,38.1,0.0,0.0,73,26.0,1001.8,79,15.8,163,25.08,45033.31
2014-06-03,31.8,36.2,28.3,38.5,0.0,0.0,73,26.2,999.6,96,15.1,146,24.11,44755.93
2014-06-04,31.4,35.0,28.6,38.1,0.6,1.0,75,26.4,999.5,99,13.5,149,21.89,43200.0
2014-06-05,29.9,32.8,27.0,37.0,15.8,10.0,83,26.6,999.9,100,7.9,86,12.26,3370.76
2014-06-06,28.1,31.1,26.0,34.8,24.3,18.0,89,26.1,1000.8,96,10.2,8,8.2,10762.32
2014-06-07,27.1,31.0,25.1,33.1,24.9,17.0,90,25.1,1002.0,96,10.1,343,12.74,16014.74
2014-06-08,27.9,31.6,25.6,34.8,5.5,16.0,89,25.8,1000.8,99,8.0,112,15.64,21352.24
2014-06-09,29.3,32.6,26.1,36.3,0.5,3.0,85,26.3,998.9,98,9.8,108,18.35,37959.6
2014-06-10,28.2,32.5,25.8,34.5,19.3,11.0,87,25.8,999.0,99,11.8,1,14.49,20830.78
2014-06-11,27.8,30.4,26.0,32.4,3.7,9.0,80,23.8,1000.7,100,14.9,349,11.92,21018.44
2014-06-12,26.6,29.1,24.2,30.9,7.6,10.0,81,23.0,1002.2,100,10.7,331,10.53,23706.96
2014-06-13,27.1,30.1,25.0,31.9,3.5,10.0,82,23.6,1002.4,98,13.2,338,9.59,19846.86
2014-06-14,27.7,31.5,25.0,33.1,4.5,6.0,83,24.3,1003.5,85,10.8,122,15.44,30827.56
2014-06-15,28.8,32.8,24.8,35.4,0.2,1.0,83,25.4,1002.3,36,7.1,190,21.39,44675.46
2014-06-16,30.4,34.0,26.6,37.7,0.0,0.0,80,26.4,1000.2,48,9.3,147,23.69,44673.04
2014-06-17,29.2,32.3,26.6,35.8,9.9,10.0,84,26.1,1001.7,99,11.9,339,14.35,22269.37
2014-06-18,28.8,32.1,25.6,34.9,5.2,7.0,84,25.7,1001.7,97,13.6,150,14.74,21224.64
2014-06-19,30.3,34.1,26.9,36.1,0.6,4.0,76,25.5,999.2,68,13.8,184,21.88,36535.19
2014-06-20,31.7,35.9,28.3,37.1,0.0,0.0,67,24.6,998.1,95,15.7,227,23.75,39345.48
2014-06-21,31.4,34.5,29.0,37.0,0.7,1.0,70,25.1,1000.0,100,13.2,272,18.35,34784.76
2014-06-22,26.9,28.7,25.9,33.4,42.9,19.0,93,25.7,1003.1,100,9.2,305,6.47,0.0
2014-06-23,26.8,28.6,25.5,33.0,13.8,18.0,90,25.0,1001.8,98,6.2,185,7.25,5144.72
2014-06-24,27.8,31.0,24.9,33.7,0.1,1.0,85,24.9,1000.4,99,10.5,145,15.2,34174.21
2014-06-25,29.7,33.2,26.3,36.0,0.0,0.0,80,25.7,1000.7,100,13.1,168,17.75,32270.88
2014-06-26,31.2,35.3,27.4,36.8,0.0,0.0,69,24.6,1002.0,82,13.1,199,25.09,44498.79
2014-06-27,31.3,35.2,27.5,38.1,0.2,1.0,72,25.5,1002.1,88,8.4,155,24.23,44182.46
2014-06-28,28.3,31.7,26.0,35.0,18.2,14.0,88,26.0,1002.3,98,7.9,6,12.9,20955.82
2014-06-29,27.8,31.1,25.3,34.1,9.0,14.0,87,25.4,1002.8,97,7.6,356,13.92,28208.66
2014-06-30,27.0,28.9,25.6,33.2,8.4,18.0,90,25.2,1003.6,100,11.5,19,8.52,2532.22
2014-07-01,27.4,30.6,25.6,33.8,8.3,17.0,88,25.3,1004.5,98,7.3,51,12.22,15176.61
2014-07-02,28.2,31.5,25.9,35.3,3.5,11.0,89,26.1,1003.7,99,6.6,86,17.48,29302.22
2014-07-03,29.6,33.1,27.0,36.4,0.0,0.0,83,26.3,1000.5,100,10.5,145,14.54,21003.28
2014-07-04,31.0,34.5,27.9,37.6,6.1,5.0,76,26.0,999.6,100,12.0,159,21.1,38687.39
2014-07-05,28.9,32.3,26.7,36.0,19.6,14.0,87,26.5,1001.3,100,9.5,73,13.26,14184.5
2014-07-06,28.5,31.5,26.4,35.2,11.4,8.0,88,26.1,1002.2,93,7.9,108,11.06,16219.8
2014-07-07,27.6,31.5,25.8,34.4,25.8,17.0,92,26.1,1000.8,95,8.1,105,9.56,10800.0
2014-07-08,27.9,31.9,24.9,34.2,25.9,12.0,87,25.4,999.5,87,9.8,45,15.24,22753.35
2014-07-09,29.2,33.1,26.1,36.2,2.3,9.0,84,26.2,999.9,66,10.0,119,20.47,42755.9
2014-07-10,29.6,33.5,26.9,36.8,3.8,11.0,84,26.5,1001.1,60,9.7,9,22.08,43427.13
2014-07-11,28.1,30.5,26.0,34.8,11.4,13.0,89,26.1,1002.1,95,8.7,89,11.43,11109.03
2014-07-12,27.2,29.1,25.8,33.5,22.8,20.0,92,25.7,1003.1,99,10.3,114,8.78,5150.82
2014-07-13,27.0,30.2,25.2,33.0,10.5,15.0,90,25.3,1005.5,97,11.9,111,11.35,13233.22
2014-07-14,27.3,29.8,25.2,32.9,6.1,16.0,87,24.9,1006.5,90,14.0,130,13.42,30156.32
2014-07-15,28.4,32.7,25.4,34.7,3.8,7.0,85,25.5,1006.4,92,11.6,141,22.86,43941.75
2014-07-16,28.3,32.8,25.4,34.7,1.4,5.0,85,25.4,1004.6,87,10.5,122,19.52,36487.25
2014-07-17,27.5,30.6,25.5,34.0,36.2,15.0,90,25.7,1002.6,97,8.7,97,11.49,17551.28
2014-07-18,28.4,32.8,25.1,34.1,6.4,7.0,84,25.2,1000.9,93,13.0,314,21.78,42647.64
2014-07-19,27.3,28.4,25.9,31.7,20.5,16.0,84,24.3,996.9,100,18.5,235,2.5,0.0
2014-07-20,27.6,31.5,25.3,32.4,5.4,15.0,83,24.5,1002.1,100,15.3,135,12.94,15611.11
2014-07-21,27.2,30.1,25.5,33.2,6.4,8.0,88,25.0,1004.5,100,8.5,89,7.99,0.0
2014-07-22,27.5,31.4,24.6,33.6,0.9,4.0,85,24.7,1004.0,95,5.2,317,16.83,39803.86
2014-07-23,29.1,33.5,24.9,35.7,0.0,0.0,81,25.2,1002.0,30,11.9,235,25.14,43885.82
2014-07-24,30.0,34.6,25.6,37.2,0.0,0.0,80,26.0,1000.7,43,9.6,152,25.02,44165.99
2014-07-25,30.1,34.5,26.6,37.6,1.9,2.0,83,26.7,1002.6,87,11.9,109,23.05,43475.82
2014-07-26,26.7,28.6,25.1,32.9,35.1,20.0,92,25.3,1006.3,98,10.2,346,7.87,3634.8
2014-07-27,26.3,29.5,24.6,32.0,8.8,18.0,90,24.5,1007.0,97,7.4,301,9.39,12175.83
2014-07-28,26.4,30.6,24.7,32.2,9.4,16.0,89,24.5,1004.6,89,10.0,116,13.31,23310.05
2014-07-29,26.9,30.1,24.6,32.7,7.0,12.0,87,24.5,1004.0,83,8.5,91,15.12,29851.22
2014-07-30,27.6,31.6,25.2,33.9,4.8,5.0,87,25.1,1004.6,78,8.4,97,16.92,33417.95
2014-07-31,28.7,32.9,24.6,35.1,0.0,0.0,83,25.2,1003.3,40,9.7,146,22.88,41449.4
2014-08-01,29.7,33.2,26.1,36.7,0.3,3.0,82,26.2,1000.7,55,8.5,147,22.28,43554.47
2014-08-02,29.4,33.6,26.6,37.1,7.9,9.0,86,26.7,1000.9,70,5.4,347,21.14,40545.38
2014-08-03,28.4,32.7,25.9,35.1,6.1,10.0,87,25.8,1000.7,97,9.4,242,18.92,27100.72
2014-08-04,28.1,31.8,26.2,34.9,7.8,10.0,88,25.8,1000.2,95,7.0,86,15.34,25400.36
2014-08-05,26.9,30.1,25.5,33.1,12.6,15.0,90,25.2,1001.4,98,10.5,61,12.34,25159.48
2014-08-06,27.4,30.5,25.6,33.9,1.4,9.0,89,25.3,1001.6,99,8.0,85,12.66,19435.64
2014-08-07,27.4,30.5,24.9,33.9,4.3,8.0,91,25.7,1001.2,99,10.1,126,13.18,15578.16
2014-08-08,29.0,32.2,26.1,35.8,0.0,0.0,85,26.0,1000.6,98,11.0,154,16.95,33157.96
2014-08-09,29.1,32.3,26.8,35.2,0.4,1.0,82,25.6,1001.4,95,13.1,171,17.04,35790.97
2014-08-10,30.2,34.1,26.9,36.0,0.0,0.0,74,24.9,1001.2,97,12.2,213,21.01,38239.59
2014-08-11,30.7,34.5,27.2,36.7,0.0,0.0,72,25.0,999.2,97,12.0,221,22.4,38323.68
2014-08-12,30.6,34.0,27.7,36.9,4.6,2.0,74,25.4,998.3,100,11.7,240,18.98,27927.62
2014-08-13,25.5,26.8,23.6,30.4,29.4,24.0,92,24.0,1003.0,100,13.6,320,3.69,0.0
2014-08-14,24.8,26.6,23.4,29.7,11.1,24.0,90,23.1,1007.8,98,7.8,314,5.3,2503.64
2014-08-15,26.3,29.3,23.7,31.7,0.7,5.0,87,23.8,1009.1,89,5.9,102,12.73,24904.88
2014-08-16,27.4,30.5,25.0,33.1,0.2,1.0,88,25.0,1006.7,94,11.7,157,12.32,23102.74
2014-08-17,29.5,33.3,26.3,35.7,0.9,4.0,81,25.7,1003.6,95,12.2,168,21.63,41752.8
2014-08-18,30.2,33.9,26.9,37.0,0.3,2.0,79,26.0,1004.2,100,12.7,163,22.06,39512.66
2014-08-19,27.3,30.0,25.6,33.1,10.7,14.0,89,25.2,1006.2,100,10.7,349,10.69,5708.96
2014-08-20,25.7,27.8,24.3,30.7,13.5,15.0,87,23.2,1008.6,78,6.8,30,9.6,21586.11
2014-08-21,26.6,30.7,23.8,32.2,2.3,2.0,86,24.0,1008.0,69,11.0,144,19.04,33875.03
2014-08-22,27.7,31.7,25.0,34.1,8.2,13.0,88,25.5,1007.9,70,7.9,136,18.65,40337.7
2014-08-23,28.4,31.6,25.7,34.9,3.4,13.0,87,25.9,1007.0,68,9.1,140,17.94,41710.61
2014-08-24,27.3,30.6,25.2,33.9,16.0,21.0,91,25.6,1007.0,95,7.0,68,14.53,24975.19
2014-08-25,27.0,30.9,24.8,33.0,8.7,12.0,88,24.8,1008.5,81,7.4,70,14.67,28800.0
2014-08-26,26.7,30.9,24.8,32.8,16.1,15.0,90,24.8,1008.7,80,12.4,113,16.47,33113.69
2014-08-27,26.1,29.0,24.1,31.5,8.0,18.0,89,24.0,1008.5,95,8.6,42,11.6,31146.56
2014-08-28,25.3,27.9,24.0,29.7,42.2,23.0,93,24.1,1006.5,99,16.4,329,5.74,1750.22
2014-08-29,24.8,25.9,24.0,29.3,38.0,22.0,95,23.9,1009.2,100,15.1,121,3.6,0.0
2014-08-30,25.9,30.6,23.4,31.3,9.6,13.0,89,23.8,1010.7,72,6.4,25,15.03,28641.51
2014-08-31,27.0,31.1,23.9,32.9,2.1,5.0,86,24.2,1007.8,73,12.2,90,20.5,39022.26
2014-09-01,25.7,27.6,24.4,30.8,8.8,13.0,90,23.9,1007.5,99,9.2,346,8.13,12765.25
2014-09-02,25.5,27.9,23.9,30.6,17.2,17.0,91,23.8,1009.3,87,11.8,97,9.19,18294.55
2014-09-03,26.4,29.6,24.4,31.9,3.7,5.0,88,24.2,1009.5,88,9.0,119,12.93,32057.39
2014-09-04,27.4,31.8,24.1,33.6,2.3,8.0,87,24.9,1006.4,47,11.1,141,20.13,38754.87
2014-09-05,27.4,30.5,25.2,33.4,6.9,10.0,87,25.0,1004.7,84,7.9,136,13.52,26142.98
2014-09-06,27.9,32.0,24.6,34.2,1.5,4.0,87,25.3,1006.5,36,9.2,111,18.76,42092.72
2014-09-07,28.3,32.5,24.3,34.3,0.0,0.0,80,24.3,1006.9,73,7.7,175,21.47,40776.07
2014-09-08,27.8,30.9,25.1,33.9,0.0,0.0,85,25.0,1004.9,97,8.4,145,12.84,26533.49
2014-09-09,28.6,32.2,25.7,35.6,6.0,5.0,87,26.1,1004.5,100,7.2,127,16.32,32031.26
2014-09-10,27.9,31.3,25.1,34.3,5.4,7.0,88,25.6,1005.9,79,7.9,122,15.56,36370.43
2014-09-11,29.0,32.2,26.1,35.7,1.5,5.0,86,26.3,1005.8,73,11.9,143,18.73,43199.98
2014-09-12,29.1,32.8,26.6,35.8,1.1,4.0,85,26.2,1004.5,68,11.3,137,18.44,34423.18
2014-09-13,28.6,32.1,25.8,35.4,13.3,12.0,87,26.1,1003.9,90,9.0,86,17.02,40313.63
2014-09-14,27.3,30.2,25.0,33.4,7.5,14.0,88,25.0,1004.8,88,9.0,45,11.91,27878.07
2014-09-15,27.6,30.7,25.6,33.8,2.5,4.0,88,25.4,1003.4,97,7.9,337,15.04,35029.25
2014-09-16,27.2,29.3,25.5,30.9,34.7,19.0,86,24.6,995.6,100,30.2,305,7.66,3725.55
2014-09-17,26.3,27.7,24.8,29.6,70.6,22.0,88,24.2,997.6,100,25.9,161,2.58,0.0
2014-09-18,27.9,31.6,25.6,33.8,12.5,20.0,86,25.3,1008.8,92,18.0,127,15.56,28624.92
2014-09-19,27.2,30.7,24.3,33.3,11.0,11.0,87,24.8,1008.7,91,5.9,329,15.09,31659.73
2014-09-20,26.4,30.1,24.4,32.1,12.8,17.0,91,24.7,1006.1,100,10.8,6,11.64,17362.25
2014-09-21,25.3,27.9,23.9,29.8,24.9,14.0,85,22.6,1007.7,90,8.3,2,8.65,19066.76
2014-09-22,26.2,30.4,22.4,29.9,0.0,0.0,73,20.5,1008.4,30,9.7,34,24.13,42573.25
2014-09-23,25.4,30.1,20.4,29.0,0.0,0.0,76,20.4,1009.2,12,7.9,59,21.9,42517.6
2014-09-24,25.8,30.1,21.1,29.9,0.0,0.0,77,21.2,1011.5,23,7.2,37,20.0,41620.74
2014-09-25,26.5,30.5,22.3,31.1,0.0,0.0,78,22.1,1011.8,29,8.7,130,20.51,42405.24
2014-09-26,27.3,31.6,23.3,32.1,0.0,0.0,80,23.2,1010.7,17,11.2,147,21.27,42348.69
2014-09-27,27.8,31.5,25.3,33.2,0.7,4.0,84,24.7,1010.6,48,13.3,153,17.92,39734.01
2014-09-28,28.1,31.6,25.5,33.6,0.5,2.0,84,25.0,1009.8,37,12.1,153,17.83,40256.25
2014-09-29,28.0,31.8,25.0,34.1,0.6,4.0,85,25.0,1010.2,30,7.9,146,18.21,40778.88
2014-09-30,27.5,32.0,24.7,33.9,0.2,1.0,87,25.0,1011.3,43,5.0,39,18.26,39182.75
2014-10-01,27.7,31.8,23.8,33.5,0.0,0.0,83,24.2,1010.9,32,7.4,130,19.14,41527.26
2014-10-02,27.8,32.0,23.7,33.5,0.0,0.0,80,23.8,1010.3,7,6.7,134,20.86,41360.83
2014-10-03,28.0,32.6,24.0,33.4,0.0,0.0,78,23.5,1008.9,6,7.7,137,21.27,41390.22
2014-10-04,27.9,32.5,23.8,33.4,0.1,1.0,79,23.5,1009.2,35,7.5,143,21.16,40924.75
2014-10-05,24.7,26.4,23.5,27.6,19.1,16.0,82,21.3,1014.2,90,18.7,12,6.94,10531.42
2014-10-06,25.6,29.6,22.6,27.2,0.0,0.0,63,17.9,1016.1,71,16.0,357,21.25,40258.21
2014-10-07,24.9,30.2,19.8,27.4,0.0,0.0,68,18.2,1014.6,15,10.1,339,21.81,41010.87
2014-10-08,24.6,29.9,19.6,27.7,0.0,0.0,74,19.2,1013.1,2,6.5,303,22.03,40790.98
2014-10-09,25.0,30.0,19.5,28.6,0.0,0.0,76,19.9,1011.4,5,7.2,261,21.02,40818.67
2014-10-10,25.5,29.7,21.4,29.1,0.2,1.0,76,20.5,1010.7,19,6.7,103,17.5,39851.98
2014-10-11,25.3,30.3,19.9,28.3,0.0,0.0,70,18.9,1012.0,12,7.0,64,20.98,40375.43
2014-10-12,25.6,30.5,20.4,27.8,0.0,0.0,64,17.8,1015.3,31,10.5,343,19.43,39055.22
2014-10-13,25.1,29.3,20.9,26.5,0.0,0.0,61,16.7,1017.7,33,14.5,4,20.22,39099.99
2014-10-14,23.8,28.4,20.2,25.0,0.0,0.0,62,15.6,1018.3,40,10.6,355,20.05,39600.0
2014-10-15,23.7,28.8,18.4,26.0,0.0,0.0,69,17.1,1016.6,4,6.4,354,21.54,39730.04
2014-10-16,24.6,28.5,20.4,28.1,1.0,5.0,80,20.7,1015.7,45,10.7,133,15.37,39600.0
2014-10-17,25.4,28.9,23.1,29.5,1.0,5.0,79,21.3,1015.8,72,10.5,149,13.48,38262.77
2014-10-18,25.3,29.4,22.0,28.5,0.0,0.0,75,20.2,1014.7,39,10.0,138,15.92,38722.73
2014-10-19,25.0,29.2,19.9,28.0,0.0,0.0,75,19.9,1013.8,47,9.9,139,15.63,39600.0
2014-10-20,25.7,29.9,21.7,29.4,0.0,0.0,77,21.0,1012.9,43,9.8,139,13.44,38378.77
2014-10-21,26.6,30.9,22.9,31.2,5.9,5.0,79,22.2,1014.6,44,5.8,89,16.87,39600.0
2014-10-22,25.4,28.4,23.1,29.1,6.9,8.0,80,21.6,1016.1,78,9.4,340,10.46,24755.6
2014-10-23,25.0,29.0,23.1,27.6,0.4,2.0,73,19.4,1015.3,81,9.3,343,13.62,26574.0
2014-10-24,23.8,27.1,22.4,26.6,2.8,10.0,77,19.4,1014.8,92,8.4,346,11.31,28571.23
2014-10-25,23.4,24.9,22.2,27.2,3.0,13.0,89,21.5,1015.1,93,9.0,331,4.09,2230.17
2014-10-26,25.0,28.6,22.3,28.9,0.3,3.0,83,21.8,1015.4,48,9.7,8,14.21,35196.16
2014-10-27,25.1,28.6,22.3,29.5,0.5,2.0,85,22.3,1014.7,69,7.7,345,12.62,38538.91
2014-10-28,24.7,27.2,23.0,29.3,14.1,12.0,89,22.6,1013.7,87,9.4,110,8.29,22298.22
2014-10-29,25.4,28.9,23.8,30.1,2.5,15.0,87,23.0,1013.3,81,9.2,108,9.67,22945.4
2014-10-30,25.7,29.3,23.7,30.5,2.1,8.0,85,22.9,1012.5,66,11.1,118,13.95,32136.49
2014-10-31,26.0,29.3,23.6,30.5,1.1,7.0,85,23.2,1011.8,56,11.2,141,13.05,35945.88
2014-11-01,26.5,30.3,23.7,31.0,0.2,1.0,83,23.1,1011.2,39,10.3,139,14.0,35872.84
2014-11-02,23.1,25.0,21.1,24.5,3.2,6.0,74,18.0,1016.1,80,22.3,30,5.34,5431.79
2014-11-03,20.4,21.8,19.2,19.8,0.0,0.0,58,11.8,1018.8,64,12.2,15,9.47,19092.21
2014-11-04,21.1,24.7,18.0,22.5,0.0,0.0,71,15.6,1016.6,60,6.0,81,12.46,31339.84
2014-11-05,22.9,26.2,19.8,26.0,0.2,1.0,82,19.6,1015.2,85,9.7,15,8.8,20328.88
2014-11-06,21.3,23.1,19.4,23.8,18.0,22.0,93,20.0,1015.2,100,13.2,10,1.76,0.0
2014-11-07,19.5,21.0,18.5,21.1,8.3,21.0,91,17.9,1015.1,100,12.3,358,2.98,0.0
2014-11-08,19.4,21.6,17.5,20.3,3.5,10.0,78,15.4,1018.2,100,11.3,357,4.48,5978.98
2014-11-09,20.3,21.5,19.5,22.0,0.1,1.0,79,16.5,1017.5,98,5.9,32,3.91,0.0
2014-11-10,21.3,23.4,19.7,23.9,0.9,5.0,84,18.5,1015.3,100,6.3,51,3.66,0.0
2014-11-11,20.6,21.6,19.2,22.3,1.2,7.0,83,17.7,1015.7,100,11.7,27,3.2,0.0
2014-11-12,19.7,20.7,18.9,20.0,0.5,4.0,72,14.5,1018.2,100,9.4,359,3.92,0.0
2014-11-13,20.1,22.7,18.7,19.8,0.0,0.0,64,13.0,1020.7,94,13.9,1,8.53,16004.35
2014-11-14,20.0,23.6,16.7,20.1,0.0,0.0,62,12.5,1019.0,63,10.2,43,16.58,37662.12
2014-11-15,21.1,25.2,17.7,23.0,0.8,4.0,81,17.5,1017.8,90,8.2,5,9.25,20073.44
2014-11-16,20.0,21.3,19.1,21.5,5.0,8.0,85,17.3,1018.5,87,9.7,347,3.48,768.88
2014-11-17,19.9,23.0,17.6,19.8,0.0,0.0,69,13.9,1020.2,86,14.4,21,9.8,21299.76
2014-11-18,18.0,20.4,15.2,17.2,0.0,0.0,64,11.0,1022.7,67,11.6,3,8.77,19903.37
2014-11-19,18.5,22.6,14.8,18.4,0.0,0.0,70,12.7,1021.2,55,8.3,335,13.78,34906.09
2014-11-20,19.9,24.4,15.1,20.8,0.0,0.0,75,15.1,1017.2,38,11.5,131,13.53,27846.99
2014-11-21,21.1,25.4,17.1,23.2,0.1,1.0,83,17.9,1015.2,53,8.3,126,9.96,28322.01
2014-11-22,22.2,26.1,19.5,25.1,0.4,3.0,88,20.1,1014.2,50,11.1,127,10.38,26356.47
2014-11-23,23.1,27.5,20.1,25.8,0.0,0.0,85,20.0,1013.6,58,11.2,153,11.05,32400.0
2014-11-24,23.6,28.2,20.4,26.5,0.0,0.0,83,20.2,1013.0,49,10.5,157,12.35,29439.8
2014-11-25,23.4,27.4,20.2,26.9,1.1,7.0,87,20.8,1012.1,45,9.6,131,10.7,29322.01
2014-11-26,23.0,26.4,21.4,26.1,5.6,17.0,89,21.0,1011.0,68,14.7,130,6.29,14424.86
2014-11-27,25.0,29.1,22.3,28.6,0.3,3.0,85,22.1,1010.8,45,14.3,158,14.5,35697.83
2014-11-28,24.9,28.4,22.9,28.8,1.1,6.0,87,22.5,1011.4,50,13.5,151,11.82,34387.81
2014-11-29,25.6,30.1,22.4,28.8,0.0,0.0,81,21.8,1009.8,54,15.6,169,15.57,36000.0
2014-11-30,24.8,28.7,22.0,28.6,1.2,3.0,83,21.5,1010.7,100,11.1,125,12.75,34772.15
2014-12-01,20.1,21.8,17.2,19.6,2.2,7.0,65,13.1,1015.9,100,15.9,24,3.26,208.41
2014-12-02,16.1,17.1,15.1,16.3,10.8,20.0,85,13.5,1018.3,100,9.3,14,1.61,0.0
2014-12-03,17.1,20.1,14.8,17.6,3.2,7.0,83,14.2,1016.1,80,13.0,31,5.32,14400.0
2014-12-04,16.4,18.0,15.1,14.7,1.0,4.0,65,9.7,1021.6,94,16.3,30,4.94,8871.9
2014-12-05,16.3,18.0,15.2,14.8,0.0,0.0,56,7.5,1021.9,73,9.8,30,7.51,21025.79
2014-12-06,15.8,16.9,14.7,15.0,0.2,1.0,64,9.0,1018.2,93,5.6,30,3.54,22.94
2014-12-07,15.3,16.3,14.4,14.6,4.5,14.0,80,11.6,1020.0,98,10.2,347,1.84,0.0
2014-12-08,17.1,20.2,15.5,15.9,0.0,0.0,61,9.3,1020.7,52,10.5,8,10.72,31237.54
2014-12-09,16.9,18.9,14.3,17.3,0.0,0.0,78,12.9,1019.9,86,7.4,36,3.77,2009.4
2014-12-10,18.2,20.7,15.8,18.5,1.1,8.0,79,14.4,1019.6,100,11.2,345,3.71,2590.73
2014-12-11,16.3,18.1,15.1,14.9,0.3,2.0,64,9.3,1021.1,99,11.1,19,5.67,4017.8
2014-12-12,14.2,15.9,13.0,11.1,0.0,0.0,52,4.4,1025.9,91,17.0,7,4.01,0.0
2014-12-13,13.8,17.7,11.0,11.4,0.0,0.0,49,3.1,1026.0,57,11.6,5,14.63,36135.38
2014-12-14,13.7,18.7,8.5,12.5,0.0,0.0,71,8.0,1022.2,26,7.9,69,13.71,36426.51
2014-12-15,17.0,21.1,12.4,16.9,0.0,0.0,76,12.6,1019.9,73,14.0,15,9.8,20300.85
2014-12-16,16.1,18.7,13.0,12.9,0.1,1.0,50,5.4,1026.8,54,20.8,12,9.63,28378.27
2014-12-17,13.5,18.0,10.1,10.0,0.0,0.0,40,0.0,1028.0,6,16.0,20,16.49,36205.63
2014-12-18,12.6,18.1,7.3,10.2,0.0,0.0,51,2.2,1025.7,38,8.4,358,16.57,36222.68
2014-12-19,13.4,19.9,7.6,11.4,0.0,0.0,61,5.2,1024.4,8,9.0,335,16.84,36000.0
2014-12-20,13.9,20.3,7.5,12.8,0.0,0.0,71,8.1,1020.2,30,9.8,81,16.73,36000.0
2014-12-21,14.8,20.3,10.1,12.6,0.0,0.0,66,7.6,1023.7,36,19.6,14,11.43,36000.0
2014-12-22,13.3,18.1,8.8,11.2,0.0,0.0,57,4.5,1023.8,73,12.3,47,16.55,36000.0
2014-12-23,14.7,20.3,7.9,14.1,0.0,0.0,73,9.6,1020.3,29,7.5,106,16.65,36028.66
2014-12-24,17.0,21.0,12.6,17.0,0.0,0.0,74,12.1,1021.5,63,8.3,310,11.3,32325.48
2014-12-25,18.3,21.2,15.7,18.6,0.1,1.0,73,13.2,1019.0,86,7.8,4,6.4,7453.38
2014-12-26,17.8,19.0,16.8,19.0,1.0,5.0,86,15.4,1017.9,100,7.2,52,2.64,0.0
2014-12-27,15.1,16.5,13.8,14.7,5.3,20.0,87,13.0,1020.9,100,13.0,24,2.43,0.0
2014-12-28,15.0,18.0,12.5,13.1,0.8,5.0,64,8.0,1024.9,76,14.8,349,5.5,8330.21
2014-12-29,14.8,20.6,9.5,13.6,0.0,0.0,67,7.9,1021.3,7,9.2,47,16.73,36000.0
2014-12-30,15.1,21.5,9.3,14.1,0.0,0.0,73,9.8,1018.3,2,11.8,129,16.82,36000.0
2014-12-31,15.6,22.0,9.6,14.8,0.0,0.0,71,9.5,1021.7,5,9.5,326,16.5,36000.0
2015-01-01,16.0,22.9,9.7,14.6,0.0,0.0,66,8.6,1023.4,1,10.6,51,17.06,36000.0
2015-01-02,15.4,21.4,9.5,14.3,0.0,0.0,66,8.6,1022.8,14,10.9,142,16.21,36000.0
2015-01-03,15.9,19.8,10.9,15.7,0.0,0.0,77,11.7,1020.1,68,10.7,125,9.98,30813.89
2015-01-04,18.7,22.3,16.3,19.5,0.2,2.0,84,15.8,1013.5,83,12.3,140,5.55,3034.75
2015-01-05,20.8,25.3,17.7,23.0,0.0,0.0,85,17.9,1010.7,75,7.9,139,8.1,14638.85
2015-01-06,20.8,23.7,17.3,23.6,4.6,10.0,93,19.6,1012.8,96,14.5,75,3.6,574.45
2015-01-07,15.8,17.2,14.5,14.9,5.6,18.0,77,11.7,1019.4,100,13.8,18,2.2,0.0
2015-01-08,14.1,15.2,12.9,13.0,5.1,15.0,77,10.0,1024.4,100,10.5,357,2.85,0.0
2015-01-09,14.1,15.6,12.3,12.1,2.2,10.0,65,7.6,1024.7,100,12.7,0,2.59,0.0
2015-01-10,11.7,12.3,11.2,10.5,20.1,23.0,88,9.7,1024.7,100,10.2,349,1.16,0.0
2015-01-11,12.2,13.3,11.4,11.2,4.9,14.0,89,10.5,1023.5,100,11.0,336,1.69,0.0
2015-01-12,14.2,19.2,11.5,13.0,1.9,9.0,75,9.5,1023.3,67,14.9,3,8.6,22051.1
2015-01-13,13.3,19.0,7.5,12.0,0.0,0.0,69,7.2,1023.2,2,6.8,354,18.11,36711.67
2015-01-14,13.1,19.1,6.8,12.2,0.0,0.0,75,8.4,1023.5,15,8.0,352,16.84,36688.91
2015-01-15,13.7,19.3,7.4,13.0,0.0,0.0,78,9.6,1022.1,52,10.7,125,15.03,35319.81
2015-01-16,14.4,20.4,8.3,13.6,0.0,0.0,75,9.5,1022.9,22,8.7,348,16.49,36911.67
2015-01-17,15.1,21.4,9.2,14.0,0.0,0.0,73,9.5,1023.0,13,9.9,30,17.15,36888.79
2015-01-18,16.4,21.6,10.3,16.1,0.0,0.0,71,10.4,1023.0,73,8.2,28,15.22,32550.7
2015-01-19,16.9,21.0,13.7,16.1,0.0,0.0,64,9.7,1022.2,65,10.2,37,13.51,31567.18
2015-01-20,16.5,22.3,11.2,16.3,0.0,0.0,74,11.3,1019.9,19,7.4,142,16.95,36821.3
2015-01-21,17.1,22.9,11.9,17.1,0.0,0.0,77,12.6,1022.0,35,7.6,322,11.67,31960.52
2015-01-22,17.7,24.2,11.8,17.8,0.0,0.0,76,12.8,1019.9,38,14.3,162,15.19,36524.07
2015-01-23,18.5,23.4,14.5,18.6,0.0,0.0,82,15.0,1015.8,53,14.7,152,9.02,15082.23
2015-01-24,20.0,25.7,16.3,20.2,0.0,0.0,80,16.1,1013.8,48,19.1,162,14.23,37261.26
2015-01-25,20.2,25.0,17.1,22.0,0.6,5.0,87,17.8,1015.3,69,12.2,136,8.38,20008.45
2015-01-26,20.2,23.8,17.8,21.2,0.8,5.0,83,17.1,1015.8,82,15.5,135,6.7,11187.1
2015-01-27,20.1,23.8,17.9,21.0,1.8,9.0,86,17.6,1014.3,86,16.8,137,6.52,8437.15
2015-01-28,21.0,24.9,18.2,21.6,0.0,0.0,82,17.6,1013.2,75,19.2,157,9.34,19158.14
2015-01-29,21.1,24.2,18.5,22.2,0.0,0.0,83,17.9,1015.1,80,17.1,150,8.11,11004.63
2015-01-30,17.5,19.3,14.9,17.4,3.0,6.0,81,14.2,1019.3,100,14.2,58,3.14,0.0
2015-01-31,13.9,15.5,13.0,12.4,0.6,6.0,74,9.3,1023.5,100,9.9,26,3.14,0.0
2015-02-01,13.7,15.6,11.9,12.2,0.3,2.0,72,8.7,1024.8,99,9.0,0,4.51,0.0
2015-02-02,15.0,17.0,13.4,14.4,0.0,0.0,74,10.3,1024.2,94,7.4,353,4.79,293.03
2015-02-03,17.2,19.9,14.6,18.0,0.0,0.0,81,13.7,1023.2,99,5.3,53,5.41,0.0
2015-02-04,14.5,17.4,12.4,13.8,2.0,11.0,83,11.7,1023.2,100,12.2,34,2.04,0.0
2015-02-05,11.5,12.3,10.3,9.3,2.1,8.0,72,6.4,1025.9,99,12.0,13,2.41,0.0
2015-02-06,12.7,15.3,11.0,10.7,0.0,0.0,57,4.2,1024.3,85,7.1,12,8.37,20920.59
2015-02-07,13.5,17.6,8.9,12.4,0.2,1.0,75,9.1,1021.3,90,7.6,19,7.98,18717.43
2015-02-08,14.7,17.7,12.8,13.4,0.6,2.0,68,8.5,1023.8,90,10.1,334,7.52,10777.58
2015-02-09,14.9,18.7,11.0,14.4,0.0,0.0,73,9.9,1023.0,85,6.8,97,6.61,16390.55
2015-02-10,16.4,19.8,12.9,16.8,0.0,0.0,79,12.6,1019.3,89,5.0,54,7.07,4735.07
2015-02-11,15.8,16.4,15.3,15.7,1.7,9.0,83,12.9,1018.5,100,12.0,17,2.75,0.0
2015-02-12,17.2,21.0,13.8,17.2,0.0,0.0,72,12.0,1018.0,86,9.5,109,12.49,35034.78
2015-02-13,17.4,20.3,14.8,17.9,0.6,4.0,82,14.2,1015.3,94,7.6,106,4.75,0.0
2015-02-14,18.7,20.1,17.3,20.8,5.6,16.0,95,17.8,1013.0,100,10.0,135,2.39,0.0
2015-02-15,20.8,24.9,18.4,22.8,2.0,9.0,85,17.9,1014.2,78,9.8,143,9.9,26444.74
2015-02-16,20.5,24.7,17.2,22.2,0.0,0.0,85,17.7,1015.7,79,12.8,132,9.89,20454.62
2015-02-17,20.3,24.6,17.0,21.9,0.0,0.0,85,17.3,1014.7,84,12.9,135,8.46,8725.77
2015-02-18,20.5,23.9,17.4,22.1,0.0,0.0,85,17.9,1015.2,80,12.7,141,6.21,5209.72
2015-02-19,21.9,26.3,18.9,23.2,0.7,4.0,83,18.7,1015.1,77,20.7,148,12.09,27729.32
2015-02-20,22.5,26.7,19.8,24.1,0.6,4.0,84,19.6,1013.4,68,19.4,158,10.56,27362.17
2015-02-21,23.3,28.5,20.7,25.7,0.0,0.0,82,19.7,1011.5,76,14.0,150,12.74,28764.98
2015-02-22,23.4,27.2,21.5,26.5,0.2,2.0,86,20.8,1012.0,77,11.8,139,10.97,23413.49
2015-02-23,23.7,29.1,21.1,26.8,0.1,1.0,85,20.7,1011.0,69,12.8,138,11.99,20335.06
2015-02-24,24.1,29.7,21.2,27.1,0.5,4.0,83,20.6,1009.4,56,13.8,136,17.4,29672.72
2015-02-25,24.3,30.7,20.7,27.6,0.0,0.0,82,20.8,1008.0,36,13.8,140,18.8,32182.01
2015-02-26,24.5,30.2,21.4,27.7,0.2,2.0,83,21.2,1008.6,52,16.6,137,17.2,31999.05
2015-02-27,25.2,31.4,21.5,28.3,0.0,0.0,82,21.5,1009.0,47,20.4,141,18.81,34327.78
2015-02-28,25.0,30.1,21.8,27.9,0.0,0.0,81,21.3,1011.3,66,17.6,136,15.15,27745.49
2015-03-01,18.5,23.6,15.8,18.0,4.0,6.0,69,12.6,1018.2,99,25.2,34,4.42,0.0
2015-03-02,20.0,22.2,17.9,20.7,0.1,1.0,77,15.7,1013.1,100,16.3,135,6.76,1058.83
2015-03-03,21.1,23.5,19.8,22.3,1.5,6.0,77,16.7,1009.6,96,21.1,34,6.85,2348.73
2015-03-04,20.4,22.7,18.7,21.2,0.0,0.0,71,15.0,1011.8,100,8.9,99,5.95,1905.95
2015-03-05,21.6,23.7,19.4,24.6,1.5,8.0,89,19.6,1011.6,100,7.6,73,5.62,0.0
2015-03-06,19.8,22.3,18.3,21.4,5.4,10.0,87,17.5,1013.4,100,14.8,44,3.59,13.27
2015-03-07,17.7,19.4,15.6,18.7,1.4,8.0,84,15.0,1015.0,100,7.2,41,3.93,0.0
2015-03-08,20.7,23.6,17.9,23.4,0.5,4.0,89,18.8,1014.3,100,7.7,60,5.58,145.73
2015-03-09,22.1,23.9,20.8,24.8,1.8,8.0,88,20.0,1015.9,100,12.0,113,3.71,0.0
2015-03-10,20.5,22.0,19.2,22.9,6.3,15.0,91,19.1,1017.2,100,10.4,46,3.71,73.82
2015-03-11,18.2,20.9,15.7,19.2,4.7,18.0,89,16.3,1018.6,100,13.4,18,3.72,586.25
2015-03-12,15.9,17.3,14.3,15.9,1.2,8.0,82,12.8,1019.3,98,8.9,21,3.47,114.43
2015-03-13,19.3,22.9,16.1,21.2,0.1,1.0,85,16.8,1014.8,99,9.2,104,7.83,3544.66
2015-03-14,22.5,25.2,19.9,25.9,0.5,3.0,90,20.7,1013.4,91,9.2,111,7.11,1623.56
2015-03-15,24.8,30.2,21.1,28.9,0.0,0.0,86,22.0,1011.1,56,11.0,138,14.98,28125.17
2015-03-16,25.6,30.9,22.2,29.7,0.1,1.0,84,22.4,1009.9,61,12.1,122,16.28,28742.28
2015-03-17,26.6,32.6,22.6,31.3,0.0,0.0,82,22.9,1005.9,39,13.2,132,20.72,34094.27
2015-03-18,26.7,33.0,21.7,31.5,0.0,0.0,82,23.0,1005.0,32,11.2,107,21.12,32914.6
2015-03-19,26.6,32.1,22.8,30.9,0.0,0.0,82,23.0,1008.0,41,14.1,123,17.29,36327.99
2015-03-20,25.6,29.6,23.2,28.9,0.0,0.0,83,22.2,1011.7,93,15.3,136,8.77,926.75
2015-03-21,23.9,25.6,22.4,27.1,2.6,12.0,85,21.2,1015.7,97,14.1,100,10.12,22515.98
2015-03-22,23.4,27.6,20.3,25.6,0.4,2.0,81,19.7,1014.9,72,16.0,144,14.74,36709.49
2015-03-23,23.0,25.9,20.4,26.1,4.5,14.0,88,20.8,1015.4,88,9.8,115,10.45,21099.0
2015-03-24,20.4,22.7,18.0,22.2,8.1,19.0,90,18.7,1019.6,100,13.6,12,2.61,0.0
2015-03-25,19.5,21.6,17.7,20.6,1.6,6.0,81,16.2,1022.1,100,9.5,341,4.43,0.0
2015-03-26,20.4,22.7,18.8,22.8,4.2,13.0,88,18.3,1021.9,100,6.5,339,4.04,0.0
2015-03-27,20.9,23.4,18.8,23.6,4.9,13.0,90,19.2,1020.3,86,12.0,158,6.7,9389.29
2015-03-28,22.2,26.7,18.2,24.6,0.1,1.0,85,19.3,1016.1,68,14.3,143,15.24,35227.5
2015-03-29,23.8,28.1,20.0,26.3,0.2,2.0,85,20.9,1012.5,83,17.0,154,13.67,29276.94
2015-03-30,25.3,29.6,22.8,28.2,0.0,0.0,83,22.0,1010.3,78,17.7,160,13.37,19395.86
2015-03-31,26.3,31.5,22.8,30.1,0.1,1.0,82,22.7,1008.1,50,17.5,154,20.85,35910.33
2015-04-01,27.4,33.3,23.2,31.8,0.0,0.0,80,23.5,1005.6,47,16.9,153,22.01,42722.31
2015-04-02,28.9,35.5,23.6,32.9,0.0,0.0,70,22.3,1001.8,70,13.8,174,23.55,43200.0
2015-04-03,29.5,35.7,24.1,33.0,0.0,0.0,62,21.0,1000.2,9,11.3,175,24.33,43200.0
2015-04-04,28.8,35.3,23.5,32.8,0.0,0.0,70,22.4,1001.9,6,16.4,157,24.39,43200.0
2015-04-05,27.9,33.5,23.9,32.9,0.0,0.0,81,24.0,1005.6,40,16.5,140,23.39,43200.0
2015-04-06,26.8,30.6,24.5,30.7,0.0,0.0,83,23.6,1008.2,89,18.1,134,12.18,21104.39
2015-04-07,24.1,28.2,17.8,26.9,12.9,21.0,84,21.1,1012.0,99,16.1,94,8.2,7404.39
2015-04-08,17.7,18.5,16.6,17.6,2.9,11.0,76,13.3,1017.8,100,11.5,12,4.15,0.0
2015-04-09,19.6,22.4,17.4,20.4,1.2,6.0,75,15.0,1016.2,100,12.7,28,9.01,13001.22
2015-04-10,17.2,18.7,15.9,17.5,5.4,18.0,84,14.3,1018.1,100,11.4,6,4.76,0.0
2015-04-11,19.0,22.2,16.5,19.8,0.2,2.0,78,14.9,1018.5,90,8.2,353,7.35,9902.62
2015-04-12,22.4,27.4,18.4,23.4,0.0,0.0,67,15.6,1020.4,66,14.9,342,19.83,27491.43
2015-04-13,22.0,28.5,14.4,23.4,0.0,0.0,68,15.0,1019.5,27,10.5,118,26.63,43200.0
2015-04-14,21.7,28.4,14.4,22.2,0.0,0.0,65,13.9,1016.8,17,16.0,151,27.28,43200.0
2015-04-15,22.9,28.8,18.0,23.8,0.0,0.0,69,16.8,1013.1,77,17.7,159,25.68,43200.0
2015-04-16,23.1,28.3,18.5,25.4,0.0,0.0,81,19.3,1013.1,89,16.5,143,15.19,32149.85
2015-04-17,25.2,30.9,20.7,28.1,0.0,0.0,80,21.1,1007.2,90,17.9,151,20.84,41726.02
2015-04-18,28.7,34.9,23.2,34.0,0.0,0.0,77,23.9,1003.6,55,13.2,146,23.85,43200.0
2015-04-19,30.7,37.3,24.8,36.4,0.0,0.0,70,24.2,1003.1,21,12.0,154,25.09,43200.0
2015-04-20,28.2,33.6,24.2,32.4,0.0,0.0,74,22.7,1004.9,13,18.6,53,22.44,43200.0
2015-04-21,25.9,28.9,23.5,28.0,0.0,0.0,64,18.4,1011.1,92,13.0,72,15.35,25551.11
2015-04-22,22.4,24.5,20.6,25.3,25.8,19.0,85,19.6,1014.9,94,9.0,5,4.41,0.0
2015-04-23,20.3,21.7,19.5,21.9,20.6,24.0,86,17.9,1017.0,100,12.1,336,4.63,4.73
2015-04-24,21.0,23.5,19.4,23.4,6.1,13.0,87,18.7,1017.2,91,8.0,327,4.97,4517.55
2015-04-25,23.0,26.0,20.8,25.4,0.0,0.0,76,18.5,1016.7,78,7.1,344,11.74,24765.18
2015-04-26,24.1,28.2,20.2,27.6,0.4,1.0,80,20.3,1014.9,68,10.2,161,17.73,40774.78
2015-04-27,25.2,29.3,21.3,28.6,0.0,0.0,82,21.5,1012.0,92,13.5,152,17.9,40039.97
2015-04-28,26.0,30.1,22.7,30.1,0.1,1.0,83,22.8,1009.4,59,12.6,156,16.67,38926.61
2015-04-29,26.8,30.9,23.4,32.1,0.5,3.0,85,24.0,1009.0,46,12.4,138,18.32,34839.08
2015-04-30,27.7,31.7,24.9,33.1,0.5,3.0,84,24.7,1007.7,55,14.6,155,17.74,32991.99
2015-05-01,28.9,34.0,24.7,34.5,0.0,0.0,81,25.0,1004.7,27,13.3,163,23.56,43200.0
2015-05-02,29.7,34.6,25.2,36.1,0.0,0.0,79,25.5,1004.5,26,15.3,133,25.3,43200.0
2015-05-03,30.1,35.0,26.0,36.7,0.0,0.0,79,25.9,1004.7,71,12.7,126,24.01,43200.0
2015-05-04,30.2,34.6,26.2,36.5,17.0,4.0,77,25.3,1005.9,60,12.0,107,22.47,43528.31
2015-05-05,27.2,30.6,25.3,32.7,9.1,9.0,89,25.2,1005.0,99,15.3,115,9.44,16454.64
2015-05-06,29.6,33.9,25.7,36.1,1.8,2.0,81,25.8,1002.8,67,9.7,107,20.4,40378.49
2015-05-07,28.9,33.0,25.8,34.9,1.1,3.0,84,25.8,1004.7,69,14.0,99,14.62,26955.03
2015-05-08,30.5,35.0,27.0,37.1,3.1,1.0,79,26.2,1002.9,85,18.3,131,21.52,38754.83
2015-05-09,26.9,29.4,24.7,32.1,42.5,10.0,87,24.5,1005.7,95,20.4,84,13.17,18255.49
2015-05-10,28.5,31.9,25.7,34.7,2.6,9.0,85,25.6,1005.3,55,10.6,139,19.5,40190.22
2015-05-11,28.9,32.8,25.8,35.4,3.7,7.0,83,25.6,1006.7,59,14.0,33,21.17,43200.0
2015-05-12,25.2,27.0,23.8,29.4,5.2,12.0,85,22.4,1010.4,99,10.2,61,7.24,6100.18
2015-05-13,28.1,31.7,25.0,32.9,0.1,1.0,82,24.5,1007.4,87,17.3,156,18.77,37669.35
2015-05-14,29.7,34.2,26.6,35.2,0.0,0.0,80,25.7,1005.9,49,17.5,166,22.77,43200.0
2015-05-15,29.8,34.4,27.0,36.1,15.9,3.0,79,25.6,1005.2,72,13.8,162,22.08,43384.33
2015-05-16,27.4,29.9,25.9,33.0,2.8,6.0,87,24.9,1006.4,96,12.1,16,11.75,16910.89
2015-05-17,28.5,32.6,25.1,34.4,6.9,7.0,84,25.4,1004.2,98,11.5,143,17.91,32479.58
2015-05-18,30.1,34.7,26.3,36.8,0.4,2.0,81,26.1,1002.3,82,12.3,150,19.92,43200.0
2015-05-19,29.8,33.5,26.5,36.4,2.4,3.0,81,26.1,1002.4,90,10.9,159,17.58,30871.26
2015-05-20,30.3,34.4,27.6,37.2,2.4,4.0,80,26.3,1002.0,99,9.7,137,13.27,20524.11
2015-05-21,27.7,31.7,25.8,34.1,30.3,16.0,90,25.8,1004.8,100,11.8,71,13.27,13791.57
2015-05-22,29.7,34.3,26.5,36.6,2.5,4.0,83,26.3,1002.9,100,9.0,189,16.28,28554.11
2015-05-23,28.5,32.0,25.1,34.8,42.9,12.0,85,25.6,1002.7,100,14.8,19,14.86,20971.61
2015-05-24,26.9,30.6,24.4,32.1,2.5,3.0,85,24.1,1004.7,97,9.9,73,15.99,24291.42
2015-05-25,29.7,33.9,26.1,36.1,0.4,3.0,81,25.8,1002.8,83,13.8,151,21.01,35980.45
2015-05-26,31.4,36.1,27.3,37.7,0.0,0.0,72,25.6,1002.3,79,15.3,166,24.55,44623.81
2015-05-27,32.1,36.3,28.2,37.8,0.0,0.0,66,24.9,1001.0,94,15.3,173,25.7,44621.28
2015-05-28,32.3,36.8,28.2,37.7,0.0,0.0,64,24.5,999.3,52,13.9,192,27.19,45358.33
2015-05-29,32.7,37.3,28.8,38.3,0.0,0.0,63,24.5,1000.4,11,11.6,197,26.88,45345.95
2015-05-30,32.3,36.7,27.9,39.3,0.0,0.0,69,25.7,1002.3,84,9.5,152,25.63,44085.08
2015-05-31,29.7,33.7,26.4,36.2,10.0,6.0,82,26.3,1003.1,97,13.3,95,14.98,19732.9
2015-06-01,31.9,36.3,28.5,38.4,0.8,1.0,73,26.1,1001.5,98,14.7,181,23.22,43550.19
2015-06-02,31.6,35.9,28.4,37.3,0.0,0.0,73,25.9,1002.3,99,16.7,162,20.58,36000.0
2015-06-03,31.8,35.9,28.5,37.3,0.6,1.0,67,24.7,1004.1,96,14.8,155,24.45,44615.53
2015-06-04,31.5,35.7,28.3,37.6,0.0,0.0,70,25.2,1004.7,83,14.5,156,23.5,43331.73
2015-06-05,28.9,30.5,27.2,35.2,9.9,9.0,83,25.7,1005.1,99,9.3,52,11.1,799.35
2015-06-06,29.2,33.1,26.2,35.3,9.3,13.0,83,25.8,1004.1,96,13.9,137,17.0,31707.84
2015-06-07,29.9,34.6,27.8,36.0,0.1,1.0,80,26.1,1003.4,100,17.6,160,16.07,22032.91
2015-06-08,30.2,34.1,27.7,36.0,0.0,0.0,76,25.4,1003.0,99,14.5,173,17.18,31583.41
2015-06-09,29.7,34.1,26.4,36.1,11.0,6.0,80,25.6,1002.8,100,9.4,330,18.56,35750.19
2015-06-10,30.5,35.6,26.7,37.0,2.7,3.0,76,25.3,1002.3,86,11.9,185,25.05,42327.19
2015-06-11,29.9,34.5,27.7,36.8,2.7,1.0,81,26.0,1004.6,100,12.7,351,16.31,25555.83
2015-06-12,27.8,31.6,25.2,33.9,30.8,15.0,88,25.5,1005.8,97,12.3,144,10.39,14989.79
2015-06-13,31.0,35.2,28.0,36.8,0.0,0.0,74,25.7,1003.1,99,15.5,167,22.06,41205.89
2015-06-14,30.7,34.5,28.2,36.9,2.4,3.0,75,25.6,1003.2,100,14.6,159,20.42,38545.95
2015-06-15,28.5,31.6,26.5,35.0,31.7,19.0,87,26.1,1005.1,100,10.6,145,11.23,8710.42
2015-06-16,29.5,33.3,26.1,35.3,0.4,1.0,80,25.7,1004.8,87,17.1,161,22.38,44008.42
2015-06-17,30.8,34.9,27.5,36.4,0.0,0.0,74,25.3,1002.4,54,16.5,167,25.05,45748.27
2015-06-18,31.0,35.0,27.8,37.4,1.5,4.0,74,25.7,1001.9,80,13.2,154,23.7,44668.18
2015-06-19,29.7,33.0,27.2,36.8,6.1,13.0,84,26.5,1003.6,84,11.3,79,18.45,44128.15
2015-06-20,29.6,33.2,26.3,36.6,1.4,3.0,83,26.2,1003.8,79,9.1,167,20.7,44126.83
2015-06-21,29.6,33.1,27.2,36.7,12.5,16.0,84,26.4,1002.2,99,7.3,138,19.47,42649.87
2015-06-22,28.8,32.8,26.1,35.5,6.5,9.0,84,25.6,1000.1,97,7.3,335,20.17,38345.5
2015-06-23,29.1,33.3,26.2,35.6,4.2,11.0,84,26.1,997.6,100,13.9,339,19.36,33021.02
2015-06-24,26.8,27.6,26.4,31.5,85.8,24.0,92,25.4,995.9,100,19.2,297,2.35,0.0
2015-06-25,28.8,33.0,26.0,34.2,20.0,13.0,81,25.1,998.3,99,13.3,175,14.75,21921.76
2015-06-26,30.7,34.8,26.6,36.3,0.0,0.0,71,24.7,1000.3,78,12.8,176,25.05,45209.77
2015-06-27,31.1,35.4,26.9,36.6,0.0,0.0,69,24.6,1002.7,20,15.0,179,26.76,46289.65
2015-06-28,31.7,35.8,27.6,37.3,0.0,0.0,69,24.9,1004.6,11,15.4,186,27.27,46292.48
2015-06-29,31.9,36.4,28.0,37.4,0.0,0.0,66,24.6,1002.9,11,14.3,190,27.25,46295.72
2015-06-30,32.5,37.0,29.0,37.7,0.0,0.0,62,24.0,1001.0,4,13.7,208,27.06,46030.35
2015-07-01,32.8,37.3,29.2,38.3,0.0,0.0,61,24.1,999.6,50,12.6,220,26.78,46034.62
2015-07-02,33.2,37.5,29.6,38.5,0.0,0.0,60,24.1,998.2,98,13.2,209,26.18,43200.0
2015-07-03,33.0,37.4,28.3,39.0,0.0,0.0,63,24.5,997.6,95,10.8,212,26.92,44433.29
2015-07-04,30.9,34.4,27.5,37.0,0.7,1.0,75,25.8,999.2,100,13.3,8,17.42,28351.09
2015-07-05,26.5,29.7,24.4,30.6,21.6,14.0,80,22.7,1003.4,99,13.7,4,7.97,8563.6
2015-07-06,27.2,29.4,25.6,31.7,4.9,3.0,77,22.8,1003.8,94,12.4,300,11.33,25890.25
2015-07-07,28.4,32.3,25.2,32.5,0.0,0.0,69,21.8,1003.0,44,12.3,5,21.49,44463.99
2015-07-08,28.3,32.7,23.3,33.0,0.0,0.0,70,21.9,1003.0,26,7.2,359,25.16,45543.35
2015-07-09,28.7,33.4,24.5,32.4,0.0,0.0,65,21.1,1002.6,32,12.6,23,24.44,45551.55
2015-07-10,28.9,33.3,25.6,32.6,0.3,1.0,67,21.8,1002.4,56,16.9,348,19.08,36762.28
2015-07-11,27.4,30.6,24.6,31.8,3.1,8.0,75,22.4,1002.8,61,10.7,318,15.83,31660.83
2015-07-12,29.7,34.1,25.3,35.3,0.0,0.0,72,23.7,1000.8,51,10.0,174,25.06,45314.28
2015-07-13,30.6,34.9,26.3,36.7,0.0,0.0,73,24.8,1000.7,33,10.9,143,25.17,44526.69
2015-07-14,30.6,34.8,26.7,36.6,0.2,1.0,74,25.2,1000.1,69,13.7,146,24.89,44272.81
2015-07-15,31.0,34.5,27.7,38.0,0.1,1.0,77,26.3,998.7,96,11.1,177,21.24,43754.88
2015-07-16,29.3,32.7,26.9,35.3,6.8,9.0,81,25.4,1000.0,100,12.3,309,17.39,28806.15
2015-07-17,28.6,33.2,26.3,35.2,14.9,9.0,84,25.4,1000.8,100,7.4,220,14.42,25147.51
2015-07-18,28.2,31.3,26.5,34.4,2.0,10.0,85,25.3,1001.5,100,7.1,304,9.93,8357.66
2015-07-19,28.1,32.6,26.2,34.7,35.3,19.0,88,25.8,1001.4,97,10.9,309,16.5,23643.91
2015-07-20,27.9,32.2,25.9,34.3,10.0,12.0,88,25.6,1002.4,100,10.5,137,15.12,28657.24
2015-07-21,28.1,30.4,25.6,34.1,2.7,4.0,85,25.2,1004.5,100,11.2,162,11.24,12995.58
2015-07-22,29.5,33.2,27.0,34.5,0.1,1.0,76,24.7,1003.5,98,15.3,177,19.48,38713.51
2015-07-23,30.3,33.2,27.7,35.7,0.0,0.0,71,24.5,1003.0,100,12.1,224,18.51,29846.19
2015-07-24,27.8,29.9,26.0,33.9,12.9,15.0,86,25.1,1003.9,100,6.4,211,8.82,7499.98
2015-07-25,27.1,29.2,25.6,33.1,4.5,10.0,86,24.6,1003.2,100,7.0,225,8.17,4972.15
2015-07-26,27.0,30.6,25.3,33.2,6.2,16.0,89,25.0,1003.6,100,10.8,159,11.41,13238.79
2015-07-27,27.1,30.0,25.4,33.0,6.1,13.0,87,24.7,1004.2,100,10.8,142,13.75,17679.89
2015-07-28,25.9,27.9,24.6,31.1,9.5,21.0,91,24.3,1005.5,100,12.8,146,7.0,2312.54
2015-07-29,25.7,29.1,24.4,30.6,12.7,23.0,90,23.9,1005.7,100,13.2,168,8.78,6906.67
2015-07-30,25.8,29.8,24.0,31.1,22.4,21.0,90,24.0,1005.6,98,9.1,170,10.45,13370.46
2015-07-31,25.6,29.0,24.0,31.1,17.0,23.0,92,24.1,1005.9,100,8.8,126,9.36,7217.98
2015-08-01,25.0,27.0,24.1,30.1,23.0,24.0,94,23.9,1006.3,100,11.5,121,6.6,4349.36
2015-08-02,25.1,27.5,23.8,29.8,23.2,23.0,94,24.1,1007.5,100,16.6,118,6.43,0.0
2015-08-03,25.0,27.2,23.9,29.7,10.7,20.0,94,24.0,1008.3,100,12.5,127,6.87,0.0
2015-08-04,24.9,26.3,23.7,29.8,15.1,23.0,94,23.9,1006.8,99,11.8,129,7.23,542.1
2015-08-05,25.4,28.9,23.6,30.9,30.3,22.0,94,24.3,1004.9,99,8.7,97,9.42,12285.26
2015-08-06,25.7,28.3,23.9,31.2,12.4,19.0,91,24.1,1004.8,87,6.5,101,10.26,16046.83
2015-08-07,27.5,31.4,24.4,33.6,5.3,10.0,84,24.4,1005.3,42,6.6,244,21.36,43200.0
2015-08-08,29.0,33.3,24.1,35.5,0.0,0.0,80,24.9,1002.9,22,7.1,276,25.1,43395.4
2015-08-09,30.1,34.2,26.1,37.3,0.1,1.0,79,25.9,1000.8,34,6.8,324,24.53,43200.0
2015-08-10,29.7,33.9,26.7,37.0,2.7,7.0,83,26.3,1003.3,61,9.7,337,22.95,43200.0
2015-08-11,28.7,32.6,26.8,36.0,6.7,9.0,88,26.5,1005.5,85,7.8,120,16.68,30409.03
2015-08-12,29.0,33.0,26.2,36.0,4.6,9.0,87,26.4,1005.4,79,11.1,143,21.59,42798.14
2015-08-13,28.4,32.2,26.3,35.4,10.9,9.0,88,26.0,1004.7,96,8.7,151,18.2,32087.26
2015-08-14,29.2,32.6,26.0,36.1,0.4,2.0,85,26.3,1003.6,87,10.5,178,18.45,35724.8
2015-08-15,30.3,34.1,26.7,36.8,0.0,0.0,78,25.8,1003.8,91,12.2,179,21.88,41744.54
2015-08-16,30.6,34.4,27.0,36.7,0.0,0.0,74,25.3,1003.7,96,10.6,181,22.26,39474.47
2015-08-17,30.8,34.7,27.1,37.1,0.0,0.0,74,25.4,1003.1,98,11.0,189,24.49,42661.89
2015-08-18,30.8,34.3,27.5,37.1,0.0,0.0,73,25.3,1002.7,98,10.0,192,23.77,40946.35
2015-08-19,29.7,33.3,26.0,36.5,13.2,9.0,83,26.3,1004.4,99,11.2,13,19.76,37092.27
2015-08-20,27.7,30.6,25.4,32.8,10.7,11.0,83,24.4,1007.3,83,13.5,334,15.01,29952.71
2015-08-21,29.2,32.7,25.8,34.9,0.0,0.0,75,24.1,1004.8,75,7.2,301,22.53,41467.45
2015-08-22,30.0,33.8,26.1,36.6,0.0,0.0,77,25.3,1002.6,74,8.7,287,23.26,43200.0
2015-08-23,30.2,34.1,25.9,36.7,0.0,0.0,76,25.2,1001.8,20,7.1,280,22.27,43200.0
2015-08-24,30.2,34.3,26.4,37.0,0.0,0.0,77,25.5,1002.3,52,9.2,148,23.27,43200.0
2015-08-25,29.4,33.5,26.6,36.5,8.2,13.0,83,26.2,1003.6,52,10.9,138,20.5,41026.55
2015-08-26,28.8,32.9,26.2,35.6,2.5,8.0,84,25.7,1005.8,83,9.5,111,21.37,40846.24
2015-08-27,27.9,32.0,25.4,34.2,4.8,14.0,87,25.4,1005.9,95,10.0,120,15.98,33122.51
2015-08-28,28.1,31.6,26.4,35.0,9.6,12.0,88,26.0,1003.9,99,9.7,87,13.45,19474.63
2015-08-29,26.6,29.7,25.0,32.5,32.4,20.0,91,25.0,1003.8,100,9.4,1,7.8,11317.09
2015-08-30,27.1,30.6,24.4,31.9,2.9,4.0,80,23.1,1005.5,98,12.1,354,17.53,35369.87
2015-08-31,27.6,31.0,24.9,32.9,0.9,2.0,79,23.4,1005.2,88,7.3,358,20.76,38660.98
2015-09-01,28.0,31.3,24.9,34.1,0.7,4.0,83,24.7,1004.6,95,7.4,342,19.59,42726.07
2015-09-02,27.2,30.6,25.3,33.2,7.7,13.0,88,24.9,1005.9,100,8.9,352,15.49,28491.88
2015-09-03,25.3,26.4,24.6,31.2,96.1,24.0,96,24.7,1008.3,98,6.8,120,1.8,0.0
2015-09-04,26.5,30.7,24.4,32.4,19.3,16.0,92,25.1,1009.7,97,10.5,136,11.6,13163.87
2015-09-05,28.8,32.4,25.7,35.2,1.3,5.0,84,25.6,1008.2,83,10.7,159,18.62,41196.37
2015-09-06,30.0,33.8,26.0,36.6,0.0,0.0,79,25.7,1005.6,90,9.6,195,22.58,42494.42
2015-09-07,28.9,32.5,26.7,35.7,1.9,3.0,85,26.0,1004.6,100,9.7,36,16.87,27026.11
2015-09-08,26.6,28.7,24.9,32.6,41.6,18.0,92,25.1,1006.1,99,9.3,40,6.53,0.0
2015-09-09,25.6,27.5,24.6,31.6,14.8,19.0,95,24.7,1009.4,99,8.9,34,5.46,3407.68
2015-09-10,26.5,30.6,24.4,32.3,9.3,9.0,89,24.5,1011.5,74,10.8,18,13.18,30344.07
2015-09-11,27.7,31.5,24.0,33.7,0.5,4.0,84,24.5,1009.6,64,7.5,103,20.02,40996.67
2015-09-12,26.6,29.1,25.1,31.1,12.0,8.0,82,23.0,1011.2,98,16.0,29,11.55,30249.87
2015-09-13,24.6,26.8,23.0,26.2,0.0,0.0,67,18.2,1013.8,84,14.1,11,9.59,5525.62
2015-09-14,25.5,29.6,21.7,28.4,0.0,0.0,71,19.8,1011.5,63,11.9,356,21.59,43040.28
2015-09-15,24.7,26.8,24.0,28.2,35.3,14.0,83,21.6,1009.9,100,10.6,328,4.76,0.0
2015-09-16,25.4,28.9,23.7,29.9,24.3,23.0,89,23.4,1008.9,99,11.5,2,7.74,11277.89
2015-09-17,24.8,26.4,24.0,29.6,33.5,24.0,95,24.0,1010.8,100,14.3,73,3.88,625.68
2015-09-18,25.5,27.9,23.7,31.0,27.1,20.0,94,24.3,1013.1,99,8.7,84,8.14,5988.26
2015-09-19,27.7,31.7,24.3,33.5,0.8,1.0,84,24.5,1010.6,85,10.0,179,18.5,38752.37
2015-09-20,27.8,31.1,25.3,34.0,1.4,1.0,86,25.2,1007.2,100,9.1,61,12.28,17794.8
2015-09-21,25.7,28.0,24.2,31.0,21.6,13.0,92,24.2,1006.1,100,9.5,102,5.89,0.0
2015-09-22,25.8,28.1,24.3,31.4,8.9,15.0,91,24.2,1006.0,97,8.8,96,7.06,9472.81
2015-09-23,27.1,30.7,24.6,33.0,6.6,17.0,89,25.0,1006.5,85,8.0,134,12.04,26315.29
2015-09-24,28.7,32.8,25.5,34.8,0.0,0.0,83,25.4,1003.7,21,11.0,157,19.31,42474.3
2015-09-25,29.3,33.4,26.2,36.1,2.9,5.0,83,25.9,1002.6,58,9.2,103,19.53,39917.62
2015-09-26,27.1,31.0,24.6,32.8,16.7,10.0,88,24.7,1006.0,75,10.2,25,11.73,22840.37
2015-09-27,27.7,31.7,25.5,34.1,5.8,15.0,87,25.3,1007.5,55,7.8,111,12.92,27352.49
2015-09-28,28.3,32.3,25.3,34.8,0.9,4.0,86,25.6,1007.4,29,9.0,139,18.57,39934.85
2015-09-29,28.7,32.7,24.8,35.5,1.7,6.0,84,25.6,1007.5,37,8.9,90,19.12,41677.63
2015-09-30,28.0,32.0,25.2,33.9,4.8,12.0,84,24.8,1010.1,64,8.1,98,16.35,39752.77
2015-10-01,27.9,31.8,25.1,34.1,9.0,9.0,85,24.8,1012.2,79,9.8,356,18.47,40272.49
2015-10-02,26.1,29.9,24.5,31.1,4.8,12.0,88,23.9,1012.1,78,11.3,298,12.96,24421.54
2015-10-03,26.4,30.2,24.3,31.9,1.6,7.0,87,24.0,1011.4,74,7.4,338,13.71,28817.04
2015-10-04,27.4,31.4,24.9,31.3,2.9,3.0,77,22.9,1010.2,87,18.4,321,16.83,39600.0
2015-10-05,25.9,28.6,23.3,28.9,0.0,0.0,72,20.3,1010.8,97,11.9,29,10.47,18109.07
2015-10-06,25.3,29.4,21.2,29.0,0.0,0.0,75,20.3,1012.1,74,6.8,121,20.27,40726.74
2015-10-07,26.9,30.4,23.5,31.7,0.1,1.0,80,23.1,1011.5,47,8.8,141,16.04,38367.59
2015-10-08,26.5,29.5,24.6,31.4,1.5,6.0,83,23.2,1011.6,67,10.7,29,13.92,35638.2
2015-10-09,24.0,26.5,20.7,27.3,7.9,19.0,86,21.5,1011.6,100,15.2,1,5.37,6439.88
2015-10-10,19.7,20.3,19.3,20.2,8.8,17.0,82,16.6,1015.5,100,15.5,344,2.3,0.0
2015-10-11,21.3,23.7,20.1,21.7,0.0,0.0,68,15.1,1019.5,99,12.9,332,6.06,2265.06
2015-10-12,22.3,26.1,19.7,23.1,0.2,1.0,66,15.4,1019.5,76,11.6,340,15.99,31985.24
2015-10-13,22.8,26.5,20.0,23.9,0.0,0.0,66,16.0,1019.2,74,11.2,349,17.54,38133.89
2015-10-14,23.2,27.1,20.5,25.2,0.2,1.0,72,17.6,1017.8,55,8.3,325,16.67,36697.98
2015-10-15,24.8,29.7,19.9,28.1,0.0,0.0,75,19.8,1015.3,26,7.4,300,19.9,39724.76
2015-10-16,25.2,30.0,20.6,29.2,0.0,0.0,80,21.2,1013.9,12,6.7,73,17.78,39750.31
2015-10-17,25.8,30.1,21.5,29.9,0.0,0.0,78,21.4,1013.2,17,8.7,105,17.99,39775.62
2015-10-18,25.9,30.6,21.7,30.0,0.0,0.0,77,21.1,1013.1,24,7.3,95,19.51,39800.58
2015-10-19,25.4,30.7,19.9,29.1,0.0,0.0,77,20.6,1011.4,8,7.2,315,19.83,39600.0
2015-10-20,26.0,30.6,21.6,30.4,0.0,0.0,78,21.5,1009.1,9,6.8,120,19.2,39600.0
2015-10-21,26.4,30.4,23.2,31.0,0.2,1.0,80,22.5,1010.1,27,10.0,120,16.48,39590.59
2015-10-22,25.9,30.1,22.4,29.7,1.1,4.0,76,20.9,1012.0,23,8.1,111,18.21,39600.0
2015-10-23,25.4,29.9,20.9,29.0,0.0,0.0,76,20.5,1012.7,12,10.7,133,19.27,39600.0
2015-10-24,25.0,29.9,20.2,28.5,0.0,0.0,79,20.6,1013.7,11,9.3,140,19.15,39600.0
2015-10-25,25.2,29.6,21.0,29.5,0.0,0.0,84,22.0,1014.9,29,8.4,136,16.68,39600.0
2015-10-26,25.9,30.4,21.6,30.3,0.0,0.0,81,22.0,1014.2,12,11.7,143,18.41,39600.0
2015-10-27,26.0,30.3,22.3,30.4,0.0,0.0,82,22.2,1014.1,37,12.5,136,16.29,32400.0
2015-10-28,27.1,31.9,23.6,31.2,0.0,0.0,78,22.6,1013.9,10,15.3,153,18.47,39567.09
2015-10-29,27.0,31.5,23.8,30.7,0.0,0.0,78,22.6,1014.5,24,15.3,158,17.12,39538.93
2015-10-30,26.2,30.3,23.4,30.8,2.8,10.0,84,23.1,1015.3,62,10.7,140,15.14,39401.6
2015-10-31,23.5,27.0,20.0,25.4,7.0,11.0,79,19.4,1018.9,97,18.4,44,7.66,11439.75
2015-11-01,19.4,20.6,17.9,18.9,2.5,10.0,70,13.7,1023.0,100,17.7,358,3.3,0.0
2015-11-02,21.4,25.1,18.6,21.9,0.0,0.0,62,13.6,1020.3,91,9.6,3,17.36,39420.67
2015-11-03,22.1,26.3,17.9,24.1,0.0,0.0,75,17.3,1017.7,65,6.7,107,11.88,25219.8
2015-11-04,23.5,27.2,20.0,26.9,0.9,6.0,82,20.2,1016.3,76,6.0,100,10.24,27700.31
2015-11-05,24.4,27.8,22.2,28.5,0.2,2.0,86,21.8,1014.3,67,9.5,129,9.32,22719.52
2015-11-06,25.4,29.7,23.1,30.1,6.3,4.0,88,23.0,1012.6,49,10.8,138,13.86,36504.41
2015-11-07,25.1,28.1,23.0,29.6,2.0,8.0,89,23.0,1013.5,74,11.6,140,9.5,27049.22
2015-11-08,25.5,29.0,23.4,30.7,10.0,15.0,90,23.7,1014.6,83,7.7,126,10.94,29437.67
2015-11-09,24.9,28.5,22.8,29.8,10.4,21.0,90,23.1,1014.5,84,8.0,69,10.36,30400.83
2015-11-10,24.4,27.7,22.2,28.3,5.7,16.0,86,21.8,1014.0,91,8.7,85,7.82,20110.49
2015-11-11,25.2,29.2,23.0,29.6,0.6,2.0,88,22.9,1013.2,66,12.6,124,12.38,33577.3
2015-11-12,24.8,29.0,20.9,28.6,3.9,11.0,89,22.7,1013.2,73,14.7,127,11.89,33418.16
2015-11-13,19.3,20.7,18.3,20.6,27.1,14.0,87,17.1,1015.1,92,15.3,14,2.47,1048.13
2015-11-14,20.5,22.5,19.3,22.4,0.0,0.0,81,17.1,1013.5,89,6.3,52,5.19,1505.34
2015-11-15,24.9,29.5,21.1,28.4,0.0,0.0,83,21.7,1010.8,52,13.2,155,12.15,35887.04
2015-11-16,27.0,30.9,24.6,31.1,0.0,0.0,83,23.7,1008.7,50,16.5,172,13.67,36000.0
2015-11-17,27.5,32.2,25.0,32.3,0.0,0.0,83,24.0,1009.3,28,13.9,172,16.75,35627.48
2015-11-18,26.7,30.3,24.8,31.9,0.4,1.0,88,24.5,1013.0,65,11.4,152,12.25,35463.26
2015-11-19,26.0,29.5,24.1,30.9,3.5,9.0,88,23.7,1014.3,44,9.0,143,12.34,33161.64
2015-11-20,24.2,27.6,22.6,29.2,15.7,18.0,93,23.0,1014.4,64,7.2,84,9.02,26554.9
2015-11-21,23.3,26.3,21.4,27.3,1.8,8.0,89,21.4,1015.5,69,7.8,54,8.72,23646.81
2015-11-22,23.8,26.9,21.4,28.0,1.6,9.0,89,21.8,1015.4,72,6.5,35,8.86,24984.96
2015-11-23,24.2,27.5,22.2,28.3,0.9,5.0,87,21.9,1015.5,82,8.1,75,8.07,22198.0
2015-11-24,24.4,27.7,22.4,28.2,1.4,5.0,86,21.9,1014.2,60,14.0,126,10.56,33262.64
2015-11-25,19.4,23.0,15.4,20.3,8.5,22.0,82,16.1,1017.8,94,25.6,21,3.85,7378.0
2015-11-26,15.8,17.0,14.4,14.3,2.1,9.0,64,8.9,1021.7,100,12.6,6,3.29,0.0
2015-11-27,17.9,20.0,16.5,17.3,0.0,0.0,60,10.0,1020.5,87,8.0,357,7.94,18863.77
2015-11-28,18.7,20.1,17.7,19.5,0.2,2.0,76,14.5,1020.5,96,6.5,350,3.52,0.0
2015-11-29,19.8,21.1,18.6,20.9,0.0,0.0,79,16.1,1020.7,94,11.0,6,4.86,1900.59
2015-11-30,20.5,23.0,18.6,22.0,0.0,0.0,78,16.5,1017.8,80,8.5,99,6.09,7970.6
2015-12-01,23.8,28.1,20.8,26.5,0.4,4.0,83,20.5,1013.5,63,14.0,156,12.27,35258.28
2015-12-02,23.9,28.1,19.1,26.9,1.0,4.0,82,20.6,1014.5,83,18.6,107,10.28,27480.04
2015-12-03,19.0,19.5,18.3,18.7,0.3,3.0,66,12.5,1019.0,100,9.6,10,3.0,0.0
2015-12-04,15.8,18.0,14.4,15.8,12.6,24.0,88,13.9,1019.7,100,10.9,2,1.73,0.0
2015-12-05,14.7,15.9,13.2,14.6,12.8,16.0,88,12.8,1019.9,78,10.9,5,3.35,1677.57
2015-12-06,15.9,19.9,13.0,14.7,0.0,0.0,68,9.7,1023.2,31,13.8,26,16.05,36268.78
2015-12-07,15.1,19.5,10.7,14.2,0.0,0.0,71,9.7,1023.6,16,8.1,38,16.24,36832.53
2015-12-08,15.6,18.2,12.8,14.7,2.5,5.0,69,9.8,1022.0,56,8.4,22,11.29,30829.15
2015-12-09,17.1,20.6,14.3,16.9,0.8,1.0,74,12.3,1018.0,62,8.9,0,11.19,28913.9
2015-12-10,17.8,20.5,15.5,18.4,0.0,0.0,78,13.9,1016.5,90,7.9,12,6.99,18178.47
2015-12-11,18.5,19.8,17.5,19.8,1.3,8.0,85,15.9,1014.4,100,7.6,65,2.7,0.0
2015-12-12,20.5,24.8,18.0,23.1,1.5,8.0,89,18.5,1012.0,83,7.9,48,6.06,9011.39
2015-12-13,22.0,26.3,18.4,24.9,0.0,0.0,87,19.7,1012.7,71,12.5,5,7.71,13125.99
2015-12-14,17.7,18.9,16.8,17.6,1.4,7.0,77,13.6,1016.4,100,14.3,32,3.08,0.0
2015-12-15,15.1,16.7,14.1,13.9,2.5,13.0,77,11.0,1020.2,100,13.4,17,2.33,0.0
2015-12-16,13.5,13.9,12.7,10.2,0.2,1.0,56,4.7,1025.9,100,17.0,10,2.59,0.0
2015-12-17,13.5,15.0,12.4,10.8,0.0,0.0,51,3.5,1026.8,92,13.8,354,6.27,8758.54
2015-12-18,14.2,16.5,10.5,12.6,0.0,0.0,59,6.1,1025.0,76,7.4,357,8.88,21124.46
2015-12-19,16.0,19.1,13.6,15.1,0.0,0.0,65,9.2,1024.0,81,8.3,2,12.2,31067.5
2015-12-20,17.4,21.4,14.0,17.5,0.0,0.0,73,12.5,1021.8,78,7.1,347,11.53,32395.45
2015-12-21,18.0,22.8,12.9,18.8,0.0,0.0,80,14.2,1019.7,78,7.1,119,13.95,35526.37
2015-12-22,20.1,23.9,17.7,21.8,0.4,2.0,81,16.6,1018.6,71,9.2,81,13.08,34161.26
2015-12-23,21.2,26.1,16.7,23.3,0.0,0.0,86,18.5,1015.2,59,10.5,149,10.01,28473.03
2015-12-24,22.3,26.1,18.6,24.8,0.4,2.0,83,19.0,1015.0,71,17.6,29,9.04,28309.73
2015-12-25,15.8,18.0,14.8,14.4,4.1,10.0,68,9.9,1021.8,100,14.6,23,2.42,250.9
2015-12-26,14.5,16.0,13.6,13.8,2.6,3.0,76,10.4,1021.1,91,8.4,360,4.24,5961.38
2015-12-27,15.8,18.7,13.6,15.4,0.0,0.0,78,11.8,1023.0,74,9.4,341,8.83,27596.28
2015-12-28,16.6,18.0,15.1,16.8,0.6,4.0,78,12.8,1024.9,94,6.6,359,3.69,0.0
2015-12-29,15.1,16.2,13.2,15.0,5.6,22.0,91,13.5,1024.3,100,11.0,3,1.7,0.0
2015-12-30,13.6,14.7,12.9,12.6,3.8,13.0,83,10.7,1025.8,100,10.1,0,2.05,0.0
2015-12-31,14.9,16.2,13.7,13.7,0.0,0.0,68,9.1,1027.3,100,9.4,357,3.76,774.64
2016-01-01,16.9,20.2,14.0,17.0,0.0,0.0,72,11.8,1025.5,95,6.1,62,10.83,26795.87
2016-01-02,18.7,21.9,15.5,19.7,0.0,0.0,79,14.8,1021.9,82,6.9,127,9.89,18746.15
2016-01-03,18.8,23.9,14.2,20.2,0.0,0.0,85,15.9,1018.2,57,10.5,144,11.52,32932.49
2016-01-04,19.0,23.9,14.8,20.8,0.0,0.0,88,16.8,1016.7,57,6.8,124,7.08,7070.7
2016-01-05,21.2,25.8,18.0,23.3,0.1,1.0,84,18.1,1014.8,50,7.6,170,12.23,33721.86
2016-01-06,20.2,24.5,17.0,22.3,0.3,2.0,90,18.3,1017.0,68,13.1,118,7.46,16389.21
2016-01-07,20.3,23.4,18.2,22.3,1.7,9.0,90,18.6,1018.3,82,11.6,114,5.99,14120.45
2016-01-08,19.7,20.8,19.1,21.3,4.2,12.0,93,18.5,1017.3,97,15.4,115,3.2,0.0
2016-01-09,20.7,24.3,18.9,22.5,4.9,10.0,93,19.4,1014.7,98,14.0,131,8.42,21790.91
2016-01-10,21.9,26.0,19.1,25.0,8.3,9.0,89,19.8,1012.5,61,9.2,73,10.57,27344.25
2016-01-11,18.6,20.8,16.0,18.7,0.5,4.0,78,14.6,1015.8,92,16.9,42,7.29,15839.37
2016-01-12,16.7,18.3,15.1,16.4,0.0,0.0,73,11.8,1018.6,96,7.3,58,5.43,4984.26
2016-01-13,17.4,19.1,16.0,18.1,1.6,10.0,82,14.1,1018.3,100,6.6,42,3.36,0.0
2016-01-14,16.4,17.4,15.6,17.2,6.6,19.0,93,15.2,1016.2,100,7.9,17,2.28,0.0
2016-01-15,15.0,16.0,14.0,14.6,3.5,8.0,85,12.4,1013.9,100,11.5,32,3.19,1247.04
2016-01-16,17.2,20.1,14.4,18.2,0.5,4.0,85,14.6,1011.3,99,7.1,81,5.52,953.07
2016-01-17,19.0,22.6,15.9,19.2,0.0,0.0,75,14.4,1012.3,59,15.2,17,11.57,23763.75
2016-01-18,16.6,19.6,14.5,15.9,0.0,0.0,67,10.4,1016.0,85,9.9,73,11.31,32940.73
2016-01-19,17.0,18.7,15.2,17.3,0.0,0.0,77,13.0,1017.7,93,7.1,78,5.34,7633.28
2016-01-20,18.4,20.6,16.5,19.6,0.0,0.0,83,15.3,1017.1,98,7.4,98,5.3,3620.59
2016-01-21,19.5,22.5,17.7,21.1,0.8,6.0,86,17.0,1015.4,100,9.7,85,5.07,0.0
2016-01-22,15.9,17.9,11.9,15.5,2.0,10.0,82,12.9,1017.6,100,14.8,53,2.86,0.0
2016-01-23,8.5,11.3,7.3,4.3,2.1,10.0,62,1.5,1029.5,100,18.8,26,3.11,0.0
2016-01-24,6.1,7.5,4.4,1.8,1.7,8.0,58,-1.7,1037.6,98,17.8,16,3.08,245.27
2016-01-25,9.2,12.0,7.1,5.7,0.3,1.0,46,-2.0,1033.5,79,11.1,355,13.71,29525.17
2016-01-26,7.6,8.9,6.9,5.5,19.6,21.0,81,4.4,1028.4,100,9.4,357,2.76,0.0
2016-01-27,10.5,15.1,6.9,9.3,11.8,14.0,82,7.5,1022.5,97,6.1,35,11.93,22257.55
2016-01-28,13.3,16.7,10.9,13.1,5.4,9.0,88,11.3,1017.1,67,7.6,56,8.85,20948.38
2016-01-29,16.0,19.7,11.3,16.4,0.5,3.0,85,13.4,1017.2,92,6.9,36,6.06,0.0
2016-01-30,15.6,16.7,14.6,15.4,0.9,5.0,79,11.8,1018.5,100,7.1,33,3.56,0.0
2016-01-31,15.4,18.0,13.4,15.6,5.1,16.0,90,13.8,1016.9,100,14.7,15,3.16,0.0
2016-02-01,11.5,12.9,10.4,8.8,2.4,7.0,73,6.7,1023.9,100,15.5,18,2.62,0.0
2016-02-02,11.1,12.7,9.6,8.2,0.0,0.0,55,2.4,1025.7,85,12.3,27,6.33,8057.83
2016-02-03,11.6,14.8,8.5,9.8,0.0,0.0,67,5.6,1022.6,67,7.2,40,9.09,25383.35
2016-02-04,13.1,15.1,11.9,11.6,0.0,0.0,74,8.4,1022.8,96,12.3,0,4.86,0.0
2016-02-05,14.1,16.9,12.0,12.2,0.0,0.0,63,7.0,1023.7,99,11.2,340,9.27,28676.5
2016-02-06,14.6,18.7,11.2,11.8,0.0,0.0,49,3.6,1027.5,39,17.2,18,17.96,38731.36
2016-02-07,13.6,19.8,7.7,11.8,0.0,0.0,59,5.1,1027.6,9,10.0,0,20.07,38765.8
2016-02-08,13.8,20.5,6.2,12.6,0.0,0.0,65,6.6,1023.4,1,10.0,126,20.56,38809.49
2016-02-09,14.4,21.8,6.8,13.5,0.0,0.0,76,9.7,1019.1,3,14.0,139,19.87,38833.52
2016-02-10,17.1,24.0,12.1,17.4,0.0,0.0,84,14.0,1014.2,45,14.6,152,14.94,32067.77
2016-02-11,19.2,25.9,15.7,20.7,0.0,0.0,85,16.3,1010.8,45,10.7,141,14.89,29344.21
2016-02-12,21.6,29.8,16.1,23.3,0.0,0.0,77,17.0,1008.2,14,12.6,154,19.29,38932.08
2016-02-13,23.6,32.1,15.6,25.0,0.0,0.0,67,16.1,1007.9,0,12.2,202,20.63,39143.65
2016-02-14,20.8,27.8,14.5,20.8,0.0,0.0,69,14.4,1011.8,14,21.0,47,19.46,38244.88
2016-02-15,13.1,14.2,12.0,9.6,0.0,0.0,50,2.8,1025.2,89,18.7,30,6.66,9534.42
2016-02-16,12.4,14.6,10.9,10.1,0.0,0.0,58,4.4,1026.2,79,9.2,1,7.86,10024.0
2016-02-17,13.4,16.0,10.9,11.9,0.0,0.0,63,6.4,1023.8,65,5.7,3,9.23,25434.66
2016-02-18,14.8,17.7,11.7,13.7,0.0,0.0,67,8.5,1020.9,64,6.5,347,9.39,24922.77
2016-02-19,15.0,16.4,13.0,14.4,0.2,2.0,80,11.4,1020.2,90,9.7,338,3.28,0.0
2016-02-20,16.5,18.8,15.1,15.5,0.4,3.0,64,9.4,1024.3,100,9.0,329,5.25,3019.11
2016-02-21,17.6,22.3,13.3,16.8,0.0,0.0,68,11.4,1018.3,69,14.2,146,16.47,37845.47
2016-02-22,18.3,21.2,14.9,18.9,0.2,1.0,82,15.1,1018.4,88,11.3,30,7.63,4844.21
2016-02-23,15.5,17.2,13.5,14.7,2.0,13.0,78,11.7,1022.3,100,11.3,26,3.31,0.0
2016-02-24,13.0,13.8,12.1,10.6,0.8,4.0,65,6.5,1028.8,100,14.3,16,2.95,0.0
2016-02-25,13.3,14.4,12.1,10.9,0.0,0.0,61,5.9,1030.1,100,12.3,3,4.29,0.0
2016-02-26,13.1,15.2,10.2,11.1,0.0,0.0,67,7.1,1029.7,85,14.0,341,4.27,0.0
2016-02-27,14.8,20.8,9.4,14.1,0.0,0.0,73,9.4,1025.7,65,8.2,313,16.83,27853.91
2016-02-28,16.6,22.4,12.7,16.5,0.2,1.0,73,11.3,1024.0,41,8.0,74,16.91,32189.66
2016-02-29,17.3,25.1,9.2,16.9,0.0,0.0,68,10.1,1024.6,3,9.1,77,23.02,40746.2
2016-03-01,17.5,24.7,11.2,16.8,0.0,0.0,66,10.1,1022.2,34,15.6,143,22.87,41242.54
2016-03-02,17.9,23.7,12.5,18.3,0.0,0.0,81,14.3,1020.9,47,12.9,141,12.44,31444.83
2016-03-03,19.8,24.1,16.3,20.7,0.0,0.0,81,16.3,1018.4,87,13.2,149,9.16,1891.45
2016-03-04,20.1,23.7,16.9,21.1,0.7,4.0,86,17.4,1015.3,97,15.1,143,6.75,1146.51
2016-03-05,20.5,23.0,18.5,22.3,0.3,3.0,86,17.9,1015.1,100,9.5,125,4.55,0.0
2016-03-06,21.3,24.8,18.9,23.4,0.3,2.0,85,18.5,1014.9,99,12.8,144,6.71,3444.64
2016-03-07,21.8,25.9,18.6,23.7,0.0,0.0,86,19.2,1010.8,80,17.6,141,9.31,12679.89
2016-03-08,23.9,29.4,20.4,27.4,0.1,1.0,85,20.9,1008.0,81,10.5,127,16.79,30787.76
2016-03-09,24.5,30.7,20.7,28.3,0.0,0.0,85,21.6,1007.4,79,12.1,109,17.15,29949.51
2016-03-10,17.2,22.3,14.0,15.5,2.9,9.0,66,10.5,1017.6,94,18.9,45,6.75,6664.69
2016-03-11,15.0,17.2,12.8,12.6,0.6,1.0,54,5.7,1021.8,83,11.9,76,14.35,35558.51
2016-03-12,16.2,18.9,13.9,16.0,0.0,0.0,76,12.0,1015.7,98,10.4,115,7.16,730.51
2016-03-13,18.3,21.2,16.1,18.7,0.0,0.0,79,14.5,1014.5,91,12.5,8,7.94,1071.0
2016-03-14,18.7,22.4,15.7,18.1,0.0,0.0,63,11.1,1017.6,57,13.4,84,18.77,40503.2
2016-03-15,18.7,22.9,14.4,19.1,0.0,0.0,77,14.5,1013.9,76,11.5,127,13.79,22864.82
2016-03-16,20.6,24.1,17.6,22.6,0.0,0.0,85,17.9,1011.1,80,10.7,119,8.81,4641.54
2016-03-17,22.0,25.3,19.7,25.4,0.5,4.0,90,20.2,1010.0,91,9.5,97,6.82,2483.17
2016-03-18,23.8,29.0,20.7,27.3,0.1,1.0,86,21.1,1008.5,75,11.0,85,13.27,21985.9
2016-03-19,23.6,27.6,21.2,26.9,0.4,2.0,86,21.0,1009.4,91,13.2,121,7.35,886.8
2016-03-20,24.2,28.6,21.5,27.7,0.0,0.0,86,21.7,1008.7,81,13.9,129,9.29,7148.19
2016-03-21,24.0,28.2,21.7,27.2,0.3,2.0,86,21.4,1008.2,93,15.9,124,8.42,3424.74
2016-03-22,23.9,27.2,21.7,27.2,0.9,4.0,86,21.3,1008.1,100,11.2,129,6.61,1052.07
2016-03-23,23.5,27.2,20.1,26.5,17.1,14.0,85,20.8,1010.2,96,15.8,69,8.88,13351.81
2016-03-24,17.4,19.4,15.9,17.1,8.8,17.0,79,13.8,1020.3,100,15.3,17,4.28,0.0
2016-03-25,17.4,21.7,14.7,17.0,1.6,6.0,68,11.3,1024.3,70,12.0,63,17.73,28882.0
2016-03-26,17.6,21.6,13.0,17.6,0.1,1.0,75,12.8,1022.7,63,10.4,133,15.34,25930.99
2016-03-27,18.0,20.7,16.2,18.3,0.0,0.0,73,13.0,1023.9,97,7.1,326,6.97,6734.66
2016-03-28,18.9,23.1,15.7,19.2,0.0,0.0,73,13.7,1021.2,89,12.9,120,15.31,26500.41
2016-03-29,20.1,23.8,17.6,21.1,0.1,1.0,78,16.2,1018.5,99,13.5,144,8.21,5215.96
2016-03-30,21.2,24.6,17.9,22.9,0.2,1.0,83,18.1,1016.4,100,11.6,139,7.81,586.42
2016-03-31,21.5,24.3,19.1,23.5,0.0,0.0,86,18.9,1014.4,97,13.6,146,5.93,69.36
2016-04-01,22.7,26.3,20.0,25.8,0.7,2.0,88,20.7,1011.4,92,12.0,139,7.47,0.0
2016-04-02,23.8,26.8,21.7,27.0,0.0,0.0,88,21.7,1011.3,99,15.0,146,6.88,968.9
2016-04-03,24.8,29.4,21.7,28.6,0.0,0.0,86,22.2,1010.7,75,14.8,135,13.57,28797.9
2016-04-04,25.1,30.0,22.1,29.3,0.0,0.0,87,22.6,1008.0,82,13.8,125,13.56,25182.12
2016-04-05,26.3,31.6,22.6,30.4,0.0,0.0,82,22.8,1007.3,69,13.7,132,18.75,37429.12
2016-04-06,26.3,31.8,22.8,30.4,0.0,0.0,82,22.9,1007.1,52,14.7,136,18.64,35475.8
2016-04-07,26.2,31.3,22.8,30.5,0.0,0.0,81,22.5,1008.1,50,12.2,112,18.24,34382.77
2016-04-08,25.6,29.2,23.0,29.2,0.2,2.0,85,22.7,1010.2,93,16.1,134,9.73,1978.51
2016-04-09,25.6,29.4,23.5,29.4,0.0,0.0,87,23.2,1008.2,80,16.8,147,10.59,13106.62
2016-04-10,27.2,32.8,23.3,32.6,1.8,1.0,83,23.9,1004.7,42,11.4,114,21.2,34141.55
2016-04-11,25.6,28.8,23.9,30.1,2.6,7.0,85,22.9,1006.7,68,12.0,109,7.68,8194.36
2016-04-12,26.2,31.4,22.5,30.1,0.0,0.0,82,22.7,1003.7,66,12.8,150,16.54,38061.01
2016-04-13,27.2,32.2,23.1,32.3,0.0,0.0,83,23.7,1001.7,57,12.0,70,17.4,30162.58
2016-04-14,27.8,32.8,23.2,33.7,0.0,0.0,82,24.3,1003.7,51,11.3,121,21.72,40143.35
2016-04-15,28.9,34.7,23.7,35.0,0.0,0.0,79,24.7,1004.3,31,10.9,123,23.43,43200.0
2016-04-16,29.1,34.7,23.6,35.1,0.0,0.0,79,24.9,1004.8,44,11.2,112,25.1,43200.0
2016-04-17,28.1,34.1,20.5,33.2,17.2,3.0,78,23.8,1006.4,73,28.3,108,22.75,43200.0
2016-04-18,23.2,26.3,20.1,24.7,11.3,5.0,68,16.8,1014.0,56,12.9,56,20.46,36207.38
2016-04-19,23.8,27.7,20.1,26.5,0.0,0.0,81,20.4,1012.3,66,14.2,154,11.61,14947.58
2016-04-20,25.5,29.8,22.4,29.3,4.5,4.0,87,23.0,1010.3,86,18.7,147,11.34,14468.99
2016-04-21,25.0,28.7,22.8,29.2,3.5,6.0,90,23.2,1009.7,85,14.9,124,9.5,14680.11
2016-04-22,25.9,31.3,23.2,30.2,0.2,1.0,87,23.6,1006.2,71,16.6,138,13.23,25900.48
2016-04-23,26.9,31.5,23.5,31.9,0.3,1.0,83,23.5,1004.4,52,13.9,143,19.9,38853.92
2016-04-24,26.5,30.6,23.1,31.3,0.3,1.0,84,23.4,1005.5,66,10.8,110,13.36,24020.1
2016-04-25,27.5,32.7,23.9,32.3,0.0,0.0,81,23.8,1006.1,54,14.3,139,18.14,32426.26
2016-04-26,28.6,34.1,23.7,34.8,0.0,0.0,82,25.0,1005.3,33,11.3,127,23.82,43200.0
2016-04-27,26.5,28.5,25.6,30.7,0.9,5.0,81,22.9,1007.5,75,15.1,45,7.11,7893.07
2016-04-28,26.7,29.6,24.5,31.2,0.5,2.0,81,23.0,1008.9,78,11.6,130,11.49,19076.07
2016-04-29,26.2,29.4,24.3,30.9,1.9,10.0,85,23.4,1010.5,95,10.7,132,9.96,10892.23
2016-04-30,27.0,31.1,24.3,31.5,0.8,4.0,83,23.7,1007.5,91,16.2,147,14.27,24187.44
2016-05-01,27.7,32.5,23.4,32.7,0.0,0.0,80,23.6,1005.7,64,12.8,126,20.4,43200.0
2016-05-02,29.0,34.3,24.3,35.2,0.0,0.0,79,24.8,1005.6,48,11.5,135,22.44,40319.73
2016-05-03,28.6,33.6,25.2,34.6,5.7,3.0,83,25.2,1007.2,51,13.9,115,20.85,39651.47
2016-05-04,29.1,33.6,26.0,34.6,0.4,2.0,81,25.2,1006.7,49,13.3,156,19.02,38624.5
2016-05-05,30.1,35.4,25.9,35.8,0.0,0.0,77,25.4,1004.7,20,17.1,155,25.58,43501.39
2016-05-06,30.6,36.3,25.6,37.1,0.2,1.0,76,25.6,1004.0,29,15.6,152,25.1,43743.54
2016-05-07,31.0,36.2,26.9,36.7,0.0,0.0,74,25.6,1004.3,17,17.0,155,25.17,43729.59
2016-05-08,30.4,35.6,27.0,35.9,0.0,0.0,76,25.6,1005.7,42,17.1,151,21.67,43716.14
2016-05-09,30.9,36.0,26.9,37.3,0.0,0.0,76,26.0,1004.8,36,14.0,144,23.22,43703.19
2016-05-10,27.9,31.0,25.6,32.0,1.0,5.0,75,22.9,1007.9,68,23.2,21,13.28,21506.4
2016-05-11,28.2,32.0,24.8,32.6,0.0,0.0,75,23.0,1006.9,51,14.7,143,16.57,39136.87
2016-05-12,28.7,32.7,25.4,33.5,0.2,1.0,78,24.4,1004.7,77,13.6,141,13.84,29940.95
2016-05-13,26.9,29.5,25.8,32.1,30.3,11.0,90,25.0,1007.8,97,14.8,134,10.34,8598.46
2016-05-14,27.8,31.0,25.6,32.2,0.4,3.0,82,24.3,1010.0,79,18.4,143,17.67,34203.94
2016-05-15,26.1,29.9,24.6,29.5,13.9,4.0,77,21.5,1011.8,82,26.7,59,11.81,22921.33
2016-05-16,24.7,27.9,21.3,25.7,0.0,0.0,57,15.3,1012.9,50,12.3,35,25.6,43200.0
2016-05-17,24.9,29.9,20.1,27.3,0.0,0.0,74,19.6,1009.3,30,16.1,144,21.62,43585.42
2016-05-18,27.2,32.2,22.9,31.5,0.0,0.0,78,22.7,1007.6,50,13.8,145,21.89,41458.28
2016-05-19,29.2,33.6,25.6,34.9,0.1,1.0,79,25.1,1004.5,81,11.2,159,22.11,43603.58
2016-05-20,28.4,30.4,26.5,34.4,1.5,7.0,84,25.3,1002.2,96,12.2,44,10.35,11508.58
2016-05-21,27.1,31.4,24.1,31.7,19.9,10.0,79,22.9,1006.4,98,10.0,32,15.95,27388.49
2016-05-22,26.4,28.3,24.7,31.1,2.9,12.0,83,23.1,1008.0,100,9.7,129,6.59,0.0
2016-05-23,26.9,29.5,24.7,31.6,2.0,7.0,82,23.6,1007.0,99,10.4,131,9.51,1524.9
2016-05-24,25.4,29.0,23.2,30.3,44.6,24.0,93,24.1,1005.5,100,14.5,58,7.1,8328.54
2016-05-25,25.5,28.7,23.1,31.0,19.2,18.0,92,24.1,1003.4,100,8.0,7,8.09,3168.92
2016-05-26,27.3,30.6,25.2,33.7,25.6,21.0,91,25.7,1003.2,100,9.4,91,12.79,13604.38
2016-05-27,28.2,32.3,25.3,34.6,15.3,15.0,88,25.9,1003.0,96,9.7,134,16.82,26397.78
2016-05-28,29.5,33.5,26.1,36.0,3.7,11.0,83,26.2,1002.3,100,13.2,143,18.89,41229.71
2016-05-29,29.1,32.5,26.5,36.0,18.4,10.0,84,26.0,1003.4,98,10.9,111,16.7,31797.2
2016-05-30,28.4,31.8,26.2,35.2,14.0,10.0,88,26.1,1005.1,99,9.7,132,14.39,15463.92
2016-05-31,30.0,33.9,26.7,36.1,0.0,0.0,78,25.6,1005.1,60,13.6,170,25.37,43716.81
2016-06-01,31.1,35.3,26.9,36.8,0.0,0.0,71,25.0,1004.4,10,14.6,182,26.69,45570.67
2016-06-02,31.7,36.0,27.2,37.7,0.0,0.0,69,25.2,1002.3,6,13.2,200,27.16,45827.94
2016-06-03,31.8,36.0,27.8,37.8,0.0,0.0,68,25.0,1002.8,20,12.1,223,26.58,45551.74
2016-06-04,29.6,33.1,28.0,35.9,5.0,9.0,79,25.5,1004.3,84,10.3,205,11.54,18000.0
2016-06-05,29.2,33.5,25.9,35.8,1.3,3.0,82,25.7,1005.2,49,9.4,26,22.89,43227.53
2016-06-06,28.5,32.7,25.7,35.1,1.6,4.0,85,25.6,1006.1,85,11.0,146,20.13,38751.67
2016-06-07,28.1,32.3,25.9,34.8,28.5,16.0,89,26.0,1004.8,85,10.2,129,15.51,20362.67
2016-06-08,27.3,31.2,25.1,33.3,15.2,11.0,89,25.1,1003.6,100,10.0,5,11.22,10692.23
2016-06-09,27.6,31.5,25.8,34.0,11.8,11.0,90,25.8,1002.9,99,12.2,115,10.3,9504.48
2016-06-10,27.9,31.6,24.8,34.0,12.3,14.0,87,25.3,1002.8,99,11.9,98,14.54,20495.24
2016-06-11,30.0,35.2,26.2,36.8,0.3,2.0,81,26.0,1001.4,100,9.3,124,20.52,30693.08
2016-06-12,31.0,35.8,27.0,38.3,0.9,2.0,78,26.5,1001.2,99,8.7,205,23.53,41959.86
2016-06-13,31.4,35.7,27.0,37.8,0.0,0.0,73,25.5,1000.8,99,10.7,229,23.91,43200.0
2016-06-14,31.9,35.9,28.1,37.7,0.0,0.0,68,25.1,999.2,99,13.0,201,25.52,43869.99
2016-06-15,32.3,36.3,28.7,37.7,0.0,0.0,64,24.5,999.8,99,13.8,190,26.36,45212.01
2016-06-16,28.1,31.0,26.1,32.2,2.4,7.0,74,22.9,1005.7,99,18.2,21,16.97,22761.39
2016-06-17,28.4,32.4,24.5,33.2,0.0,0.0,73,23.1,1006.1,75,13.9,150,22.97,44938.64
2016-06-18,30.7,34.8,27.3,36.3,0.3,1.0,74,25.2,1005.3,51,15.4,168,25.02,44669.84
2016-06-19,30.7,34.7,27.4,35.7,0.1,1.0,71,24.5,1004.9,99,16.1,161,23.33,43997.78
2016-06-20,30.7,35.0,28.3,36.4,5.7,4.0,76,25.8,1004.0,98,15.5,160,22.08,43200.0
2016-06-21,30.4,34.1,27.9,36.3,1.3,4.0,78,25.9,1005.1,67,15.3,154,22.6,44665.31
2016-06-22,29.4,33.2,26.5,35.3,2.5,3.0,79,25.2,1006.1,43,13.0,148,22.1,44935.15
2016-06-23,29.3,32.8,26.3,34.8,0.2,2.0,78,24.9,1005.3,30,14.1,143,23.63,45475.16
2016-06-24,29.3,33.1,26.3,35.0,1.8,7.0,78,25.0,1004.7,48,12.5,142,21.01,43769.95
2016-06-25,29.1,33.2,26.2,35.5,5.7,11.0,82,25.6,1006.2,59,12.5,132,20.46,44670.17
2016-06-26,28.9,33.1,25.7,35.0,1.1,4.0,81,25.1,1006.4,69,11.0,112,19.69,42651.15
2016-06-27,28.4,32.9,25.8,34.6,2.5,7.0,84,25.3,1005.2,71,11.5,116,17.72,39114.4
2016-06-28,29.5,33.6,26.1,36.3,0.4,2.0,81,25.8,1004.9,66,9.6,108,23.31,44220.56
2016-06-29,28.1,30.7,26.1,34.4,2.4,7.0,86,25.5,1006.0,98,9.4,119,13.5,18146.99
2016-06-30,27.2,30.7,25.3,33.0,20.8,11.0,89,25.3,1004.8,100,11.9,130,11.35,13572.46
2016-07-01,28.8,31.9,26.7,34.5,3.3,9.0,81,25.2,1003.1,100,11.9,161,16.07,25311.65
2016-07-02,29.3,31.9,27.0,36.0,5.7,12.0,84,26.2,1003.5,100,9.5,174,13.01,6985.0
2016-07-03,28.8,32.6,26.8,34.7,8.1,12.0,82,25.3,1002.8,100,12.1,178,10.77,17143.96
2016-07-04,29.7,33.7,27.0,35.0,0.1,1.0,74,24.5,999.9,100,12.4,181,17.59,34015.77
2016-07-05,27.8,31.4,25.6,33.7,18.6,11.0,86,25.2,1000.9,100,13.0,73,13.85,19949.26
2016-07-06,26.5,28.4,25.3,31.6,28.5,20.0,91,24.9,1003.9,98,18.4,105,8.49,8143.84
2016-07-07,27.1,29.6,25.2,33.2,6.8,18.0,89,25.0,1005.6,100,8.4,113,10.74,12615.9
2016-07-08,28.5,32.6,24.9,35.2,1.1,5.0,84,25.4,1003.1,38,8.6,163,23.0,43216.61
2016-07-09,30.7,35.1,26.2,37.7,0.1,1.0,78,26.1,999.8,28,9.4,189,23.81,45291.55
2016-07-10,31.8,35.9,27.2,39.4,0.0,0.0,75,26.6,997.7,69,8.1,176,24.14,44500.58
2016-07-11,31.9,35.8,27.8,39.4,0.0,0.0,75,26.6,998.5,99,8.2,135,22.59,42775.72
2016-07-12,30.2,33.6,27.8,37.2,6.0,7.0,82,26.7,1000.2,100,12.0,20,17.27,34133.05
2016-07-13,28.6,31.8,26.7,35.7,4.6,14.0,88,26.5,1000.7,98,7.4,125,13.25,18053.02
2016-07-14,28.6,31.3,26.3,35.7,16.5,17.0,88,26.4,1002.0,100,7.0,113,12.57,9529.8
2016-07-15,29.9,33.8,26.5,36.9,0.2,2.0,82,26.2,1003.2,96,7.9,207,18.18,29004.38
2016-07-16,31.4,35.2,27.2,38.2,0.0,0.0,75,26.0,1003.8,74,10.8,205,23.31,42126.58
2016-07-17,31.4,35.1,27.5,37.8,0.0,0.0,73,25.6,1003.7,99,13.7,184,24.58,42262.15
2016-07-18,31.7,35.8,28.1,37.6,0.0,0.0,70,25.4,1001.5,99,14.3,176,24.03,43692.78
2016-07-19,31.8,35.6,28.2,37.5,0.0,0.0,69,25.1,1001.0,100,13.1,173,24.44,43200.0
2016-07-20,31.1,34.8,28.4,36.4,0.5,2.0,68,24.4,1003.4,100,11.7,165,21.55,33759.17
2016-07-21,30.4,34.0,28.3,36.0,2.7,5.0,72,24.7,1006.2,99,12.1,169,19.11,28479.54
2016-07-22,30.2,34.0,27.3,35.9,0.0,0.0,74,24.7,1007.1,97,9.5,168,19.33,40254.69
2016-07-23,30.7,34.2,27.9,36.7,0.0,0.0,75,25.5,1006.4,98,10.2,175,19.71,38877.38
2016-07-24,30.7,35.1,26.1,36.6,0.0,0.0,70,24.1,1005.9,35,11.2,171,26.69,44175.83
2016-07-25,30.8,34.2,27.6,37.7,0.2,1.0,77,26.1,1006.4,21,10.3,138,23.63,43744.11
2016-07-26,30.9,35.3,26.9,37.6,0.0,0.0,74,25.3,1005.4,36,10.3,130,25.38,44014.66
2016-07-27,28.6,33.1,25.6,33.9,22.3,19.0,81,24.9,1003.9,98,28.7,20,17.25,28699.37
2016-07-28,25.6,27.0,24.7,28.2,173.0,24.0,93,24.3,1003.1,100,37.9,96,2.84,0.0
2016-07-29,27.0,30.1,24.6,33.0,13.8,19.0,90,25.2,1007.5,100,9.5,125,12.51,11340.97
2016-07-30,27.9,31.6,24.5,34.0,1.4,4.0,83,24.6,1007.3,90,6.6,113,18.77,40837.02
2016-07-31,29.3,33.6,24.8,36.2,0.0,0.0,81,25.5,1004.8,25,7.6,171,24.98,43807.26
2016-08-01,30.3,34.9,25.7,37.5,0.0,0.0,80,26.1,1001.7,39,7.3,233,25.42,43819.5
2016-08-02,31.5,36.0,26.6,38.6,0.0,0.0,76,26.4,997.2,100,11.4,285,25.05,43200.0
2016-08-03,27.6,30.3,26.6,34.3,11.3,16.0,91,26.0,999.7,100,9.4,163,5.01,3600.0
2016-08-04,27.7,31.9,25.5,33.7,20.1,19.0,89,25.7,1003.3,99,12.8,130,14.56,24886.2
2016-08-05,27.0,30.6,24.4,33.3,13.3,16.0,90,25.1,1006.3,86,8.1,156,12.48,25489.47
2016-08-06,28.5,32.5,25.1,35.2,1.9,6.0,84,25.3,1004.7,30,8.7,139,20.91,43200.0
2016-08-07,29.9,34.1,26.3,37.2,9.5,3.0,82,26.3,1001.9,27,10.1,164,23.9,43200.0
2016-08-08,29.8,34.1,25.8,37.0,2.0,4.0,82,26.1,1001.8,71,7.5,292,23.63,43200.0
2016-08-09,30.4,33.9,27.0,37.5,0.5,2.0,81,26.5,1000.6,51,9.6,297,23.18,43200.0
2016-08-10,29.6,32.7,26.5,36.6,12.1,12.0,84,26.5,1000.6,92,9.9,352,18.46,40826.78
2016-08-11,27.6,31.1,25.9,33.9,9.4,12.0,89,25.5,1001.8,100,8.9,339,10.89,11736.47
2016-08-12,27.4,31.0,25.7,33.5,10.8,15.0,89,25.3,1001.1,99,10.2,305,13.06,27945.96
2016-08-13,28.2,30.6,25.7,34.9,8.5,11.0,89,26.1,997.7,100,12.5,254,12.23,13364.57
2016-08-14,26.9,29.0,25.6,32.7,56.5,19.0,92,25.5,997.0,100,19.6,109,6.89,3869.71
2016-08-15,26.6,30.5,25.0,32.2,50.9,16.0,91,24.9,997.3,98,10.5,332,9.66,16445.9
2016-08-16,27.1,29.7,25.7,32.7,15.9,10.0,89,25.0,998.0,100,13.9,300,6.62,4268.47
2016-08-17,28.6,32.5,26.2,34.5,9.2,9.0,83,25.4,996.4,100,13.5,259,13.27,22812.43
2016-08-18,29.7,34.7,27.3,35.8,25.6,11.0,80,25.8,992.7,100,14.4,294,17.04,24461.1
2016-08-19,26.3,27.2,25.4,29.6,58.2,24.0,90,24.5,991.0,100,29.2,354,2.89,189.62
2016-08-20,27.4,31.1,25.6,33.0,4.9,13.0,85,24.5,1001.7,96,16.5,107,14.2,27284.46
2016-08-21,28.2,31.9,25.0,34.6,0.8,6.0,86,25.5,1003.3,80,10.4,332,19.73,40925.8
2016-08-22,27.4,30.7,26.0,34.2,42.6,14.0,93,26.1,1003.0,90,9.2,310,12.26,16221.56
2016-08-23,27.1,30.3,24.9,33.3,6.6,14.0,89,25.1,1004.3,72,7.6,330,12.07,28627.04
2016-08-24,28.7,33.0,24.9,35.6,0.3,1.0,84,25.6,1003.5,55,7.2,264,22.9,40756.1
2016-08-25,30.2,34.4,26.4,37.1,0.0,0.0,78,25.5,1003.7,35,8.4,182,24.6,43200.0
2016-08-26,30.4,35.4,26.3,37.5,4.2,3.0,78,25.8,1004.3,85,7.4,111,23.37,40192.97
2016-08-27,27.3,32.1,25.3,33.5,31.7,20.0,90,25.5,1006.9,96,11.2,334,10.84,15075.48
2016-08-28,27.1,31.3,25.3,32.7,4.1,5.0,86,24.4,1007.8,92,11.4,324,16.71,28399.6
2016-08-29,27.3,30.3,25.4,31.9,0.1,1.0,76,22.4,1006.8,64,8.8,325,18.9,39600.0
2016-08-30,27.5,31.7,24.6,33.0,1.2,3.0,82,23.9,1006.5,74,10.6,143,21.03,42235.79
2016-08-31,28.7,32.5,25.3,35.2,0.7,4.0,84,25.7,1003.8,84,10.1,156,18.87,38903.3
2016-09-01,29.8,34.3,26.8,36.1,1.0,1.0,80,25.7,1000.7,100,11.9,315,17.96,29626.98
2016-09-02,27.6,30.3,25.6,33.4,10.4,11.0,84,24.5,1002.3,97,7.7,263,13.96,28823.26
2016-09-03,28.5,32.1,26.0,35.0,1.1,4.0,83,25.1,1002.6,85,6.9,181,16.85,33493.41
2016-09-04,28.9,33.2,26.1,35.9,1.4,7.0,84,25.9,1004.3,84,8.8,311,20.86,38455.48
2016-09-05,28.7,32.4,26.1,35.2,0.2,1.0,84,25.6,1004.9,99,8.4,18,19.52,35528.8
2016-09-06,26.9,29.3,25.6,33.1,17.6,18.0,91,25.2,1005.2,100,11.0,347,7.47,5427.59
2016-09-07,25.9,27.4,25.0,31.8,33.4,19.0,94,24.9,1005.7,99,9.8,336,3.42,0.0
2016-09-08,26.7,29.8,24.7,33.1,8.7,18.0,92,25.2,1006.4,99,6.5,85,12.27,17528.32
2016-09-09,27.9,31.0,25.4,34.5,3.6,14.0,89,25.9,1005.1,100,9.6,120,11.78,14456.16
2016-09-10,27.0,29.0,25.7,31.7,6.6,8.0,84,24.1,1005.3,100,15.1,353,9.6,2318.46
2016-09-11,24.7,25.6,23.6,28.4,8.9,19.0,86,22.2,1008.2,100,11.6,337,5.64,3851.06
2016-09-12,25.5,29.1,23.2,29.9,9.1,14.0,86,22.9,1009.7,92,10.2,336,10.52,26086.89
2016-09-13,27.1,31.3,23.8,32.3,1.5,6.0,84,24.1,1009.5,65,13.6,333,17.22,39126.4
2016-09-14,27.3,31.1,24.6,32.9,3.6,9.0,86,24.7,1007.5,57,11.2,314,17.45,39398.06
2016-09-15,28.3,32.4,25.0,34.6,1.6,5.0,83,25.0,1006.0,32,7.6,332,20.07,42913.14
2016-09-16,28.8,32.6,25.7,34.2,0.0,0.0,78,24.2,1006.1,34,11.0,331,20.98,42888.85
2016-09-17,28.3,32.4,24.6,34.1,0.9,2.0,80,24.3,1006.6,26,7.8,24,20.63,42831.15
2016-09-18,28.3,31.9,25.3,34.2,2.6,4.0,81,24.5,1007.6,38,9.2,310,20.34,42773.23
2016-09-19,28.1,31.8,25.6,33.8,0.2,1.0,80,24.2,1007.8,40,9.9,48,19.41,42715.15
2016-09-20,27.3,30.5,23.9,31.0,0.0,0.0,73,21.6,1010.9,62,12.5,20,19.05,41522.77
2016-09-21,27.0,30.6,23.9,29.8,0.0,0.0,65,19.9,1013.8,78,14.5,5,20.54,39600.0
2016-09-22,26.9,30.3,23.6,30.4,0.0,0.0,71,20.9,1012.4,93,9.7,354,17.28,41580.7
2016-09-23,26.1,29.0,24.0,30.9,6.0,9.0,84,23.1,1010.0,93,7.2,47,11.67,32450.06
2016-09-24,25.1,28.1,24.1,30.8,11.6,21.0,93,23.9,1008.8,97,4.7,47,6.65,7200.0
2016-09-25,26.6,30.3,23.8,32.2,1.7,5.0,87,24.2,1008.5,62,8.4,123,16.01,37443.73
2016-09-26,27.8,31.7,24.1,33.6,0.0,0.0,82,24.3,1007.7,17,9.3,148,19.21,41450.56
2016-09-27,28.8,33.0,24.5,35.2,0.0,0.0,82,25.1,1006.2,5,7.1,148,21.32,42255.27
2016-09-28,29.0,33.6,25.8,34.8,2.7,4.0,80,25.0,1005.3,58,13.7,320,18.58,38680.25
2016-09-29,28.8,32.8,25.7,33.7,0.0,0.0,72,23.0,1005.6,94,10.1,27,20.18,38469.9
2016-09-30,27.0,30.6,24.4,30.9,5.7,5.0,71,21.2,1007.6,93,8.9,83,19.95,40481.6
2016-10-01,26.1,29.9,23.5,29.5,0.0,0.0,72,20.4,1009.7,57,11.0,75,19.17,41346.41
2016-10-02,26.3,30.3,22.9,30.1,0.0,0.0,73,20.9,1010.0,23,8.8,28,18.71,38503.7
2016-10-03,27.0,31.3,22.8,31.1,0.0,0.0,73,21.5,1008.4,15,8.0,359,18.82,41155.73
2016-10-04,28.1,32.7,24.2,33.5,0.1,1.0,78,23.6,1007.3,19,7.4,207,19.57,39467.26
2016-10-05,27.8,31.4,25.3,33.5,2.3,7.0,83,24.5,1008.2,50,9.8,2,16.51,37697.22
2016-10-06,27.7,31.9,24.3,32.1,0.3,2.0,75,22.4,1009.4,25,10.1,356,20.01,40993.6
2016-10-07,27.1,32.1,22.5,31.5,0.0,0.0,73,21.5,1008.8,17,6.1,298,21.59,40774.1
2016-10-08,28.0,33.0,22.7,32.4,0.0,0.0,71,21.7,1009.3,14,8.0,349,20.21,40057.85
2016-10-09,27.8,31.5,25.0,31.6,0.0,0.0,69,21.3,1009.1,25,9.3,85,18.15,40333.82
2016-10-10,27.2,30.9,23.9,31.3,0.0,0.0,76,22.2,1009.3,21,12.5,124,16.47,39600.0
2016-10-11,27.5,31.1,25.0,31.9,0.0,0.0,75,22.3,1009.8,53,10.6,116,14.12,35838.85
2016-10-12,27.4,31.3,24.9,29.8,0.0,0.0,62,19.0,1011.4,52,13.0,38,17.73,39388.59
2016-10-13,24.6,26.0,22.9,25.3,0.0,0.0,62,16.6,1013.1,64,14.3,353,6.45,14495.24
2016-10-14,22.6,23.3,22.0,24.8,37.1,16.0,82,19.2,1011.9,97,14.5,342,3.37,6899.62
2016-10-15,24.4,26.6,22.9,28.2,6.3,14.0,86,21.9,1011.8,98,8.7,329,5.0,3633.99
2016-10-16,26.0,30.5,22.6,30.4,0.0,0.0,81,22.3,1011.9,36,6.8,312,17.15,39600.0
2016-10-17,26.8,31.5,23.4,29.5,0.0,0.0,68,20.1,1009.6,52,15.1,9,19.11,39796.41
2016-10-18,27.3,31.0,24.3,28.4,0.0,0.0,58,18.2,1006.7,100,20.5,353,17.61,36417.23
2016-10-19,24.1,26.4,21.8,25.8,19.7,13.0,75,19.3,1003.8,100,22.7,327,2.61,0.0
2016-10-20,26.3,30.9,22.5,30.5,0.0,0.0,76,21.3,1004.3,27,7.0,149,18.31,39615.75
2016-10-21,26.4,30.6,22.5,30.6,0.0,0.0,77,21.9,1004.6,74,8.6,42,16.74,38631.47
2016-10-22,26.8,31.3,24.1,32.3,1.8,8.0,86,24.1,1006.6,83,7.1,143,13.53,34931.13
2016-10-23,26.4,29.1,24.1,32.0,7.6,10.0,88,24.2,1007.7,64,8.0,139,10.04,25285.93
2016-10-24,26.4,30.2,24.0,31.5,7.9,8.0,87,24.0,1008.2,51,11.6,140,12.2,35198.88
2016-10-25,25.7,27.9,24.1,30.5,8.8,14.0,90,23.9,1010.0,94,13.2,139,9.39,18665.76
2016-10-26,26.5,30.0,24.1,31.4,0.7,5.0,88,24.2,1012.9,78,14.2,146,13.62,35750.17
2016-10-27,26.8,30.8,23.4,31.6,0.0,0.0,84,23.6,1014.0,21,10.3,140,15.35,39572.96
2016-10-28,26.7,30.2,24.0,31.4,0.0,0.0,83,23.2,1013.4,55,7.9,120,12.72,36024.15
2016-10-29,24.7,28.0,20.2,27.7,4.9,10.0,80,20.8,1015.7,40,15.6,34,14.2,38432.15
2016-10-30,19.8,21.6,18.3,20.7,15.3,22.0,83,16.7,1020.0,99,12.1,344,4.06,1782.91
2016-10-31,20.7,22.4,19.4,22.5,17.7,19.0,88,18.6,1019.5,100,12.7,347,3.7,2001.63
2016-11-01,20.2,22.1,18.7,20.8,6.7,13.0,77,16.0,1020.1,100,12.6,358,3.25,0.0
2016-11-02,20.7,22.4,19.6,20.5,0.0,0.0,65,14.0,1021.2,98,14.6,13,5.95,3680.27
2016-11-03,21.4,25.1,18.4,21.9,0.0,0.0,66,14.6,1020.0,45,13.4,15,16.42,39366.43
2016-11-04,21.2,25.8,16.7,23.0,0.0,0.0,77,16.6,1014.9,23,8.4,65,16.91,39335.13
2016-11-05,22.6,27.8,17.6,24.9,0.0,0.0,80,18.6,1010.6,22,11.0,151,15.92,34869.2
2016-11-06,24.0,28.3,20.2,27.9,0.3,2.0,86,21.4,1012.1,56,9.9,136,10.07,29322.93
2016-11-07,24.8,27.3,23.1,29.4,1.8,10.0,88,22.7,1014.0,95,6.8,55,4.32,3224.91
2016-11-08,20.5,23.9,16.9,21.8,27.8,24.0,87,18.2,1017.1,100,22.9,21,2.02,0.0
2016-11-09,15.7,16.9,15.2,14.9,3.7,16.0,83,12.8,1021.3,100,13.7,4,1.51,0.0
2016-11-10,14.8,15.5,14.2,14.2,9.8,16.0,80,11.4,1022.6,100,10.5,7,2.64,0.0
2016-11-11,17.6,21.1,14.8,18.0,0.6,2.0,75,13.1,1018.4,73,7.8,54,13.8,31037.68
2016-11-12,21.8,26.7,16.7,24.4,0.0,0.0,83,18.6,1015.4,47,9.4,136,12.95,25174.24
2016-11-13,24.5,28.5,21.2,28.1,0.0,0.0,86,21.8,1014.0,39,12.6,162,10.93,30092.74
2016-11-14,25.3,29.4,22.7,29.0,0.0,0.0,85,22.5,1012.8,51,15.1,158,11.74,32914.46
2016-11-15,25.2,28.7,22.8,29.2,0.9,7.0,86,22.6,1014.4,58,10.6,137,10.67,33093.45
2016-11-16,24.5,28.5,22.2,28.0,0.0,0.0,86,21.7,1014.7,59,12.4,139,11.75,28311.45
2016-11-17,24.5,28.4,22.0,28.0,0.0,0.0,84,21.3,1014.4,59,11.5,140,12.34,32400.0
2016-11-18,24.6,28.4,21.7,28.4,0.5,4.0,84,21.5,1012.1,61,8.9,152,11.82,32139.56
2016-11-19,24.7,28.5,22.4,29.1,0.7,4.0,86,22.1,1011.0,49,9.9,143,11.15,31503.03
2016-11-20,25.1,28.6,22.5,29.9,0.2,1.0,88,22.8,1010.7,37,9.2,140,10.98,28539.72
2016-11-21,25.3,28.9,23.0,30.4,0.7,4.0,90,23.4,1010.0,53,10.2,135,11.33,34459.25
2016-11-22,25.4,29.1,23.3,30.3,1.2,7.0,88,23.2,1010.2,53,7.4,125,9.79,32287.35
2016-11-23,21.4,24.2,15.5,23.0,5.0,16.0,82,18.1,1014.1,89,20.0,33,4.83,10690.49
2016-11-24,15.0,15.9,13.9,13.5,1.0,5.0,69,9.3,1019.3,100,13.6,13,3.15,0.0
2016-11-25,16.3,17.0,15.5,15.4,0.0,0.0,69,10.6,1016.6,98,9.0,18,4.43,0.0
2016-11-26,16.5,17.5,15.3,14.9,0.4,3.0,65,9.9,1019.7,94,16.2,354,3.91,1077.02
2016-11-27,17.2,21.5,13.7,16.3,0.0,0.0,62,9.6,1018.5,13,8.3,17,17.09,37175.78
2016-11-28,16.5,21.6,12.1,15.8,0.0,0.0,65,9.6,1020.5,0,8.7,11,17.28,37737.72
2016-11-29,17.5,21.8,12.8,16.8,0.0,0.0,66,11.0,1022.2,70,10.1,359,10.66,33645.61
2016-11-30,18.3,19.9,17.4,16.3,0.0,0.0,53,8.6,1024.0,94,15.7,15,5.07,10920.32
2016-12-01,18.2,22.0,15.6,17.1,0.0,0.0,59,9.8,1023.2,49,12.3,2,16.38,36179.74
2016-12-02,18.9,23.1,15.6,18.5,0.0,0.0,63,11.4,1022.1,60,9.1,354,13.65,36000.0
2016-12-03,19.1,23.2,15.6,19.8,0.0,0.0,74,14.2,1020.7,73,7.9,331,7.42,13089.36
2016-12-04,20.3,24.6,17.3,21.2,0.0,0.0,73,15.2,1019.0,75,8.3,329,9.42,23935.51
2016-12-05,21.2,26.2,16.1,22.7,0.1,1.0,77,16.5,1018.1,36,7.6,341,14.23,36533.94
2016-12-06,20.6,24.2,16.0,19.7,0.0,0.0,57,11.3,1021.4,24,17.9,25,14.85,36826.89
2016-12-07,18.0,23.8,12.9,17.2,0.0,0.0,61,10.0,1019.2,13,7.9,340,16.54,36847.87
2016-12-08,18.5,24.6,12.8,18.0,0.0,0.0,64,11.0,1017.2,19,7.8,313,16.7,36868.68
2016-12-09,18.5,24.5,13.0,19.1,0.0,0.0,74,13.4,1014.4,11,10.2,118,16.77,36616.56
2016-12-10,18.3,24.2,12.8,18.7,0.0,0.0,75,13.2,1015.4,58,9.0,112,16.4,36363.83
2016-12-11,18.7,24.4,12.9,19.6,0.0,0.0,81,15.1,1013.8,82,13.9,146,15.22,36000.0
2016-12-12,22.4,28.1,17.8,24.7,0.2,1.0,83,19.0,1010.8,56,16.4,157,15.48,36000.0
2016-12-13,21.7,25.3,18.8,24.4,7.4,21.0,88,19.7,1013.1,84,10.2,61,5.8,16205.44
2016-12-14,18.5,20.1,17.0,18.7,5.4,22.0,80,15.0,1018.0,100,13.4,8,3.13,989.32
2016-12-15,15.2,16.7,14.7,13.7,1.6,9.0,71,9.9,1023.3,100,12.1,2,1.65,0.0
2016-12-16,15.4,16.2,14.5,13.2,0.0,0.0,51,5.1,1025.7,98,12.3,6,2.42,0.0
2016-12-17,16.3,20.5,11.3,15.2,0.0,0.0,60,8.3,1021.5,28,10.8,116,15.71,36218.81
2016-12-18,18.2,21.1,15.5,19.2,0.0,0.0,80,14.7,1019.4,79,6.8,50,6.34,8410.36
2016-12-19,20.7,24.3,18.3,23.2,0.0,0.0,86,18.2,1015.8,87,7.6,119,5.46,2314.74
2016-12-20,22.0,25.9,19.7,24.5,0.2,2.0,89,20.1,1013.8,71,16.8,142,7.61,15707.97
2016-12-21,23.0,26.7,20.8,26.2,1.5,8.0,88,20.8,1014.8,79,10.0,127,9.35,23976.91
2016-12-22,20.2,22.2,18.3,20.2,2.7,4.0,71,14.6,1018.7,89,19.9,14,4.41,698.82
2016-12-23,19.5,23.3,16.9,19.8,0.0,0.0,69,13.6,1017.5,47,9.7,47,11.19,33903.5
2016-12-24,20.6,24.5,17.3,22.3,0.5,3.0,83,17.5,1015.7,70,14.2,144,6.0,6741.02
2016-12-25,22.6,26.4,20.1,24.8,0.2,2.0,84,19.6,1014.2,70,14.4,149,8.31,22615.57
2016-12-26,21.6,26.0,17.4,23.6,1.9,8.0,83,18.5,1015.7,93,18.4,82,7.84,20543.45
2016-12-27,17.0,17.9,15.4,14.2,0.1,1.0,49,6.2,1023.2,94,17.2,7,3.58,1310.72
2016-12-28,15.3,19.5,11.7,13.3,0.0,0.0,53,5.4,1022.8,6,11.9,20,16.7,36000.0
2016-12-29,15.2,20.7,10.9,13.3,0.0,0.0,58,6.5,1024.5,4,12.2,359,16.82,36000.0
2016-12-30,15.7,20.5,11.5,14.2,0.0,0.0,57,6.9,1023.6,32,7.1,2,14.79,36000.0
2016-12-31,16.8,20.8,13.9,16.0,0.0,0.0,63,9.5,1022.1,86,7.6,326,8.46,22467.95
2017-01-01,17.1,18.6,15.4,17.7,6.8,12.0,82,13.9,1021.0,90,9.4,320,3.41,0.0
2017-01-02,19.6,22.8,16.4,21.1,0.0,0.0,81,16.2,1019.6,86,7.1,333,6.67,5101.04
2017-01-03,21.7,26.0,17.7,23.6,0.3,2.0,77,17.3,1018.5,67,9.5,140,9.99,19291.02
2017-01-04,21.6,25.7,17.3,23.0,0.1,1.0,77,17.1,1016.7,53,12.8,137,10.69,24126.48
2017-01-05,20.8,24.5,18.7,22.5,0.3,1.0,81,17.2,1015.8,74,12.4,298,8.24,20594.41
2017-01-06,21.9,26.8,18.1,23.9,0.2,2.0,76,17.2,1013.9,74,6.7,268,12.69,32400.0
2017-01-07,22.6,26.6,19.2,24.9,0.0,0.0,77,18.0,1011.9,65,14.3,149,11.28,21600.62
2017-01-08,22.3,25.9,19.4,24.4,0.2,2.0,82,18.8,1012.2,55,15.3,118,8.42,16255.88
2017-01-09,21.9,25.9,19.5,23.2,0.1,1.0,79,18.0,1013.5,80,18.3,131,6.45,6057.76
2017-01-10,21.1,22.2,20.3,23.5,34.3,19.0,92,19.7,1013.7,100,14.7,110,1.29,0.0
2017-01-11,19.9,22.5,16.2,20.8,43.6,19.0,93,18.7,1013.2,100,22.7,85,1.13,0.0
2017-01-12,13.4,16.5,12.0,11.1,15.3,22.0,87,11.3,1016.2,100,25.0,19,1.72,0.0
2017-01-13,13.8,15.5,11.9,11.6,0.3,3.0,69,8.1,1017.5,97,14.9,12,5.43,2874.71
2017-01-14,15.8,18.4,13.9,14.6,0.0,0.0,66,9.4,1017.4,93,9.2,28,7.64,18381.89
2017-01-15,15.5,16.1,14.6,14.0,0.2,2.0,72,10.5,1019.9,100,13.5,28,4.06,503.16
2017-01-16,15.9,17.5,14.3,15.4,0.0,0.0,74,11.3,1018.8,99,8.5,47,4.92,1238.76
2017-01-17,16.2,16.8,15.7,15.6,0.6,6.0,78,12.4,1019.7,100,16.9,36,3.3,457.35
2017-01-18,18.2,22.0,14.9,18.9,0.0,0.0,77,14.1,1020.0,87,7.9,78,10.75,26502.92
2017-01-19,18.6,22.3,16.7,19.6,1.0,5.0,87,16.3,1019.6,87,17.3,60,4.3,3967.69
2017-01-20,16.1,17.4,14.4,14.7,0.6,5.0,71,10.9,1022.3,98,19.3,28,4.63,0.0
2017-01-21,15.5,16.9,14.7,13.6,0.1,1.0,67,9.3,1025.3,100,17.4,25,2.87,0.0
2017-01-22,15.8,18.9,14.4,14.6,0.0,0.0,68,9.7,1026.0,76,11.7,4,9.39,22553.64
2017-01-23,16.6,20.1,14.3,16.0,0.0,0.0,71,11.0,1024.4,58,11.8,41,12.03,26734.84
2017-01-24,17.6,23.3,11.1,17.5,0.0,0.0,74,12.3,1023.0,50,13.8,105,17.13,31632.15
2017-01-25,19.1,22.0,16.6,19.6,1.4,6.0,74,14.3,1024.4,85,11.7,349,7.12,19203.67
2017-01-26,19.3,22.9,16.6,20.0,0.0,0.0,75,14.6,1022.5,71,11.6,151,6.71,10211.99
2017-01-27,18.9,23.9,14.4,19.0,0.3,3.0,78,14.6,1020.7,59,16.3,125,10.4,20296.65
2017-01-28,19.0,24.2,14.4,19.1,0.0,0.0,80,15.1,1015.8,26,16.4,151,13.82,33734.87
2017-01-29,19.9,24.3,15.8,20.9,0.0,0.0,82,16.5,1014.7,55,16.6,138,11.12,22937.44
2017-01-30,20.4,24.8,16.3,21.4,0.3,3.0,79,16.2,1017.3,27,13.2,113,14.01,36845.14
2017-01-31,19.9,24.2,16.2,20.7,0.3,3.0,80,16.0,1017.5,39,14.3,134,11.06,27747.05
2017-02-01,20.3,24.3,17.0,21.6,1.1,8.0,82,16.9,1019.4,79,13.5,104,9.33,18531.61
2017-02-02,20.2,23.7,17.6,21.1,0.2,2.0,78,16.0,1020.1,70,18.4,142,7.81,13445.41
2017-02-03,19.5,22.7,16.3,20.5,1.5,9.0,84,16.7,1017.3,90,15.8,116,5.14,962.57
2017-02-04,21.1,25.2,17.9,22.8,3.9,8.0,82,17.7,1014.4,57,14.8,86,12.3,26404.32
2017-02-05,20.0,23.7,17.7,21.3,0.6,4.0,83,16.9,1014.0,86,17.6,122,5.91,1584.88
2017-02-06,19.9,24.2,17.1,19.8,0.1,1.0,78,15.7,1012.6,86,19.8,130,9.68,19499.49
2017-02-07,21.0,25.4,17.4,21.4,0.2,2.0,81,17.3,1012.2,65,22.6,141,9.26,14368.56
2017-02-08,20.3,23.7,16.9,20.0,2.3,7.0,75,15.4,1015.1,98,24.8,53,7.91,11883.04
2017-02-09,14.9,16.2,13.5,12.4,0.8,5.0,57,6.3,1021.3,91,18.0,31,3.82,116.87
2017-02-10,14.2,15.8,12.9,11.2,0.0,0.0,51,4.1,1023.0,94,16.9,40,5.77,777.72
2017-02-11,14.6,16.7,13.0,11.7,0.0,0.0,50,4.1,1026.6,85,16.0,20,7.61,13080.63
2017-02-12,15.1,19.8,11.6,13.4,0.0,0.0,59,6.6,1026.4,34,11.7,359,16.46,34119.95
2017-02-13,16.5,22.1,10.5,15.8,0.0,0.0,67,9.6,1025.4,7,11.2,114,19.98,39152.9
2017-02-14,16.9,21.5,11.4,17.3,0.2,1.0,81,13.3,1026.0,52,10.9,101,8.99,15741.94
2017-02-15,18.2,22.9,13.5,18.7,0.0,0.0,79,14.3,1024.0,67,11.2,137,9.58,20968.65
2017-02-16,20.0,24.5,16.1,20.8,0.3,2.0,80,16.1,1019.2,63,16.1,161,8.73,15535.18
2017-02-17,20.5,25.2,17.0,21.7,0.9,5.0,82,17.1,1019.2,60,14.1,150,11.44,23961.63
2017-02-18,20.7,26.3,16.4,21.6,0.0,0.0,75,15.4,1020.3,49,11.5,141,15.68,33169.39
2017-02-19,20.4,26.6,15.8,20.9,0.0,0.0,77,15.7,1014.5,9,18.7,155,19.23,33247.22
2017-02-20,22.2,28.5,18.5,23.3,0.6,5.0,80,18.2,1009.6,55,19.3,149,12.82,19043.34
2017-02-21,23.9,28.9,21.1,25.7,2.1,9.0,82,20.4,1011.1,77,23.2,145,11.8,19681.04
2017-02-22,24.7,30.4,21.4,27.3,2.4,8.0,82,21.3,1011.2,79,18.4,143,12.74,27753.37
2017-02-23,17.1,23.8,13.5,15.7,3.9,17.0,75,12.6,1016.6,99,25.0,40,3.72,0.0
2017-02-24,13.2,14.7,11.7,10.8,1.9,8.0,70,7.6,1022.0,100,15.9,33,4.36,0.0
2017-02-25,13.8,15.8,12.1,11.4,0.1,1.0,62,6.5,1021.7,97,13.6,25,6.93,8951.44
2017-02-26,15.6,18.8,13.5,13.7,0.0,0.0,56,6.7,1021.5,73,11.5,29,13.99,28319.16
2017-02-27,16.6,19.0,13.6,15.5,0.0,0.0,62,9.1,1021.7,84,10.0,18,8.53,7383.98
2017-02-28,18.3,21.1,16.0,18.4,0.0,0.0,68,12.1,1019.5,98,8.3,67,9.75,14102.01
2017-03-01,17.1,18.0,15.9,16.6,1.2,8.0,76,12.7,1021.3,99,11.4,336,3.22,0.0
2017-03-02,19.4,24.2,16.3,19.1,0.0,0.0,66,12.4,1018.7,74,16.7,164,14.52,25426.0
2017-03-03,19.5,25.1,14.2,19.4,0.0,0.0,75,14.6,1013.1,34,19.3,150,14.22,30638.02
2017-03-04,21.2,25.9,17.9,22.5,1.2,8.0,84,18.3,1009.9,70,19.2,154,9.23,10452.36
2017-03-05,22.5,27.6,19.4,24.5,1.0,5.0,85,19.6,1009.1,74,18.1,142,10.0,15045.34
2017-03-06,21.1,23.8,18.9,22.0,2.5,9.0,78,17.0,1012.6,96,18.8,64,6.65,4320.84
2017-03-07,18.5,19.7,17.0,18.9,2.3,17.0,82,15.3,1014.4,100,11.8,39,3.6,0.0
2017-03-08,16.2,17.2,15.1,15.5,4.1,17.0,81,12.9,1016.6,100,16.0,27,3.12,0.0
2017-03-09,17.0,18.6,15.1,17.4,3.2,9.0,81,13.7,1013.8,100,8.4,57,4.13,0.0
2017-03-10,19.7,24.1,16.9,21.4,0.6,5.0,84,16.9,1010.4,75,10.7,92,9.5,8520.85
2017-03-11,21.0,23.6,18.4,23.3,1.6,12.0,90,19.3,1011.5,93,13.0,110,5.09,0.0
2017-03-12,23.3,28.4,20.4,25.4,2.4,10.0,85,20.6,1009.5,91,21.4,145,9.45,13580.5
2017-03-13,24.9,30.5,22.0,28.4,0.7,5.0,85,22.0,1007.9,75,15.3,133,14.49,20351.72
2017-03-14,22.6,24.2,21.3,24.0,1.0,6.0,78,18.4,1012.3,100,19.9,60,5.98,0.0
2017-03-15,20.6,23.4,18.0,22.6,2.8,12.0,84,17.8,1013.8,99,11.2,85,5.01,1173.43
2017-03-16,21.5,23.9,20.4,24.5,15.5,24.0,93,20.4,1012.0,99,14.0,94,3.66,0.0
2017-03-17,21.7,24.3,19.7,23.8,6.7,14.0,90,20.0,1012.2,99,19.2,118,3.92,0.0
2017-03-18,22.2,24.8,20.8,24.9,14.4,14.0,94,21.2,1012.8,99,18.9,113,5.6,2896.96
2017-03-19,23.2,26.2,21.2,26.3,12.6,14.0,92,21.8,1012.5,96,18.2,128,8.74,12982.28
2017-03-20,24.6,28.2,22.8,28.1,2.2,11.0,90,22.7,1011.7,80,16.8,137,11.48,22137.7
2017-03-21,24.3,26.7,22.4,26.7,3.1,9.0,86,21.9,1011.2,98,24.3,136,9.9,15976.45
2017-03-22,25.0,29.3,22.1,28.0,1.0,7.0,84,22.0,1009.2,66,22.6,144,15.01,31784.03
2017-03-23,25.0,28.5,23.1,27.7,1.7,11.0,85,22.2,1010.4,83,22.5,141,11.82,22688.78
2017-03-24,25.4,28.3,23.2,28.2,1.3,8.0,83,22.3,1011.3,88,21.9,150,10.88,17440.84
2017-03-25,19.1,23.5,16.0,18.6,19.4,15.0,80,15.6,1016.6,100,29.5,32,5.25,709.19
2017-03-26,16.8,18.2,15.1,15.4,0.9,5.0,66,10.4,1022.3,99,15.2,17,5.04,0.0
2017-03-27,17.9,19.8,15.9,17.7,0.0,0.0,70,12.2,1022.0,92,8.4,17,6.81,4320.68
2017-03-28,20.0,25.7,14.8,21.3,0.0,0.0,80,16.1,1016.5,51,15.2,148,19.12,34291.54
2017-03-29,22.0,25.8,19.7,24.5,1.8,11.0,87,19.6,1014.9,90,15.5,137,7.9,4204.96
2017-03-30,24.1,28.0,20.4,27.1,0.2,2.0,86,21.6,1013.6,85,17.1,149,10.49,11513.61
2017-03-31,22.1,23.7,19.1,22.7,11.0,8.0,77,17.6,1016.2,81,25.5,32,13.01,31996.97
2017-04-01,20.1,24.4,16.4,19.8,0.0,0.0,64,12.9,1020.0,16,18.0,51,25.42,43200.0
2017-04-02,20.1,24.3,15.9,20.5,0.0,0.0,71,14.4,1019.3,51,13.8,122,16.66,34001.89
2017-04-03,21.3,25.3,17.3,22.7,0.2,2.0,79,17.5,1016.9,57,18.2,141,12.86,20168.59
2017-04-04,22.3,25.7,19.3,23.8,0.5,4.0,83,19.3,1014.5,75,23.3,150,9.99,8520.59
2017-04-05,22.9,26.3,19.9,24.8,0.1,1.0,85,20.1,1011.3,73,20.9,150,8.83,6455.67
2017-04-06,24.7,29.5,21.7,27.9,2.8,12.0,86,22.1,1008.9,73,18.1,142,13.61,24528.71
2017-04-07,25.4,29.5,22.7,28.7,0.2,2.0,86,22.8,1008.1,73,18.8,141,11.82,17198.04
2017-04-08,26.4,32.5,22.9,30.3,0.0,0.0,85,23.5,1006.7,36,19.9,141,16.31,26803.18
2017-04-09,27.4,33.2,23.3,32.4,0.0,0.0,83,24.1,1003.9,32,18.6,133,21.83,33415.1
2017-04-10,28.8,34.7,23.3,35.0,0.0,0.0,82,25.3,1001.7,27,16.6,133,24.03,43200.0
2017-04-11,28.7,34.0,24.5,33.6,1.7,2.0,78,24.2,1003.4,22,21.6,67,24.78,43200.0
2017-04-12,21.8,23.7,20.7,22.2,2.5,12.0,71,16.3,1012.6,99,18.0,29,4.68,0.0
2017-04-13,22.3,26.5,19.7,24.0,5.3,4.0,75,17.4,1016.1,95,12.0,9,12.18,15861.18
2017-04-14,22.5,26.3,18.6,24.7,0.0,0.0,82,19.2,1012.7,54,14.0,142,13.74,24256.56
2017-04-15,24.6,28.8,20.8,27.9,0.5,5.0,86,22.1,1009.6,72,19.5,149,11.71,16190.57
2017-04-16,25.7,29.0,23.1,29.2,0.2,2.0,86,23.0,1010.0,95,19.4,149,11.2,10995.24
2017-04-17,25.8,30.0,23.1,29.6,8.8,16.0,85,22.9,1010.6,91,19.1,118,13.79,21637.88
2017-04-18,24.1,27.4,20.8,27.3,16.0,15.0,84,21.1,1009.0,98,15.1,74,8.88,5116.49
2017-04-19,26.0,30.3,22.5,30.1,1.3,7.0,84,23.1,1005.7,63,15.1,137,14.94,25854.36
2017-04-20,27.4,32.3,22.8,32.8,0.0,0.0,83,24.1,1005.1,27,14.3,118,20.13,32628.81
2017-04-21,26.6,32.2,20.5,30.2,15.2,6.0,78,22.1,1006.7,52,24.9,45,21.03,39654.6
2017-04-22,21.5,25.4,18.6,21.8,0.6,2.0,67,14.9,1013.8,72,19.4,23,18.1,33164.14
2017-04-23,21.8,24.7,19.8,23.9,3.7,5.0,78,17.7,1013.3,84,10.6,54,12.15,19471.58
2017-04-24,22.9,25.7,20.9,25.5,3.0,8.0,83,19.9,1010.8,99,13.5,126,8.27,1126.11
2017-04-25,25.3,29.7,22.4,29.0,0.9,4.0,84,22.2,1008.0,82,16.0,140,12.93,23463.96
2017-04-26,25.6,28.6,23.0,30.2,5.1,11.0,86,23.1,1009.1,71,11.9,40,13.88,27775.96
2017-04-27,23.2,24.3,22.0,25.2,18.4,14.0,80,19.4,1013.1,95,17.1,30,7.57,11314.96
2017-04-28,23.1,26.1,21.2,24.2,0.0,0.0,67,16.5,1015.2,86,14.2,16,15.72,33885.52
2017-04-29,23.6,27.4,19.6,25.9,0.0,0.0,77,19.1,1013.2,69,15.6,151,15.11,24134.95
2017-04-30,24.9,29.0,20.8,27.6,0.1,1.0,82,21.6,1009.3,51,18.6,149,14.31,24207.01
2017-05-01,27.1,31.8,23.5,31.7,0.6,5.0,84,24.0,1007.8,52,14.5,143,16.53,25283.68
2017-05-02,28.0,33.4,24.3,32.7,0.3,3.0,83,24.5,1007.0,37,16.8,137,18.86,27107.61
2017-05-03,29.0,34.5,24.7,34.5,0.0,0.0,82,25.4,1005.7,25,17.3,142,19.88,30346.15
2017-05-04,28.4,31.9,25.6,32.0,0.5,3.0,72,22.6,1009.5,43,21.2,61,23.39,40033.21
2017-05-05,27.0,29.9,23.7,30.9,0.7,3.0,77,22.5,1012.5,81,14.0,131,14.8,28815.42
2017-05-06,26.9,30.9,24.2,31.8,8.1,11.0,85,24.0,1013.1,71,14.1,138,19.24,34139.1
2017-05-07,27.6,32.0,24.4,31.9,1.3,4.0,81,23.9,1011.0,68,20.3,151,22.15,41328.0
2017-05-08,27.7,32.2,24.9,32.7,7.7,9.0,83,24.5,1008.4,70,14.8,146,17.28,37516.24
2017-05-09,25.7,27.8,23.1,30.2,17.0,13.0,88,23.5,1010.4,83,16.1,105,11.49,22181.51
2017-05-10,26.8,30.1,24.0,31.6,8.1,7.0,85,23.9,1011.7,69,15.4,143,20.61,43065.8
2017-05-11,27.2,30.2,25.0,31.9,5.0,7.0,85,24.4,1011.2,79,16.8,156,19.71,40840.37
2017-05-12,26.0,27.5,24.6,30.4,19.0,14.0,86,23.3,1010.9,86,21.2,69,14.58,31768.94
2017-05-13,26.3,29.6,23.5,31.1,6.5,8.0,85,23.5,1009.2,66,16.1,133,17.79,35657.03
2017-05-14,26.8,29.7,24.3,31.4,17.4,8.0,86,24.2,1007.7,54,17.3,149,18.3,43303.09
2017-05-15,26.3,28.6,25.0,30.6,20.9,17.0,86,23.6,1006.9,96,21.6,21,10.83,19973.04
2017-05-16,26.8,30.0,23.8,29.6,0.0,0.0,69,20.3,1009.0,72,17.3,19,25.44,43200.0
2017-05-17,24.1,26.2,21.3,26.9,3.4,5.0,80,20.3,1010.0,98,13.7,347,8.44,4704.28
2017-05-18,21.4,22.7,20.2,23.4,17.4,19.0,85,18.8,1011.4,100,11.9,340,7.22,1115.01
2017-05-19,22.1,23.1,21.0,25.0,18.5,22.0,93,21.0,1009.0,100,13.1,323,2.56,0.0
2017-05-20,25.7,30.0,21.4,29.3,0.1,1.0,81,21.9,1004.9,66,11.5,277,18.79,43895.87
2017-05-21,26.7,29.9,24.5,31.9,5.4,13.0,88,24.5,1003.8,78,12.0,126,11.47,22127.61
2017-05-22,27.9,31.3,25.0,33.6,2.6,14.0,88,25.7,1003.8,57,15.3,128,16.0,34394.31
2017-05-23,28.8,31.9,26.2,35.4,15.4,13.0,88,26.5,1004.2,81,13.8,106,17.88,41022.72
2017-05-24,27.1,29.8,25.2,31.1,15.6,13.0,81,23.4,1006.7,96,17.3,29,12.63,18554.85
2017-05-25,25.4,28.1,23.6,26.4,1.2,7.0,62,17.5,1010.6,80,17.6,18,15.69,33190.08
2017-05-26,25.3,29.5,22.1,26.0,0.0,0.0,54,14.9,1010.7,87,14.2,33,27.28,39600.0
2017-05-27,25.7,30.7,20.0,28.4,0.0,0.0,68,18.7,1009.4,59,13.5,55,28.12,45657.82
2017-05-28,26.5,31.4,21.0,30.1,0.0,0.0,71,20.5,1008.8,45,12.8,80,26.42,46138.0
2017-05-29,27.2,31.5,22.9,31.4,0.0,0.0,75,22.1,1008.0,66,14.6,123,24.24,46136.68
2017-05-30,28.0,32.3,23.9,33.1,0.1,1.0,80,23.8,1007.4,78,13.7,144,18.78,37929.69
2017-05-31,29.2,33.7,25.6,34.3,18.1,5.0,80,25.1,1004.4,93,20.7,159,18.35,38499.6
2017-06-01,31.1,35.7,26.6,36.9,0.6,2.0,75,25.9,999.8,90,16.9,190,25.24,44508.15
2017-06-02,32.7,37.0,28.4,38.3,0.0,0.0,66,25.2,998.9,77,18.0,207,26.42,46364.46
2017-06-03,33.3,37.8,29.2,38.4,0.0,0.0,62,24.8,998.1,62,17.8,204,27.34,45021.32
2017-06-04,33.4,37.7,29.1,38.3,0.0,0.0,59,24.1,997.2,60,18.4,202,27.13,46080.73
2017-06-05,33.2,37.7,29.4,38.1,0.3,1.0,60,24.3,999.1,14,19.1,187,26.37,46100.45
2017-06-06,29.8,32.6,26.3,35.6,28.9,12.0,79,25.6,1004.7,71,16.3,97,16.94,40445.51
2017-06-07,26.0,27.2,25.2,31.5,31.3,20.0,93,24.8,1008.2,97,12.9,350,5.03,0.0
2017-06-08,27.1,30.6,25.3,32.8,4.3,10.0,88,24.8,1006.7,96,18.0,110,16.0,32905.08
2017-06-09,27.1,30.6,24.9,32.6,10.4,16.0,89,25.0,1005.9,95,15.3,137,17.76,36679.03
2017-06-10,27.9,31.2,25.5,33.4,6.6,12.0,86,25.3,1005.1,90,14.4,138,17.85,40413.63
2017-06-11,28.4,32.0,25.9,34.8,16.1,9.0,87,26.0,1004.4,85,11.7,139,17.16,35132.96
2017-06-12,29.0,32.4,26.7,35.5,6.0,6.0,85,26.1,1003.0,97,11.7,141,16.55,36470.7
2017-06-13,28.2,31.8,25.4,34.2,40.6,12.0,86,25.5,1004.0,99,14.8,86,12.9,12921.03
2017-06-14,28.0,30.6,25.5,34.3,39.4,15.0,89,26.1,1005.3,99,11.6,109,10.82,8832.34
2017-06-15,29.8,33.5,26.6,36.5,8.7,7.0,84,26.7,1003.8,98,10.7,146,17.41,36084.81
2017-06-16,29.7,33.1,27.3,35.6,3.1,3.0,80,25.8,1002.9,100,16.6,43,15.78,16014.37
2017-06-17,27.0,29.5,25.0,32.1,19.6,13.0,85,24.1,1003.5,95,14.5,57,13.01,25726.32
2017-06-18,26.8,28.7,25.3,32.1,11.9,14.0,88,24.7,1003.0,100,13.2,123,7.75,1090.15
2017-06-19,27.7,30.9,25.0,33.6,22.5,17.0,87,25.3,1002.5,99,10.1,119,13.46,17308.22
2017-06-20,28.0,31.7,25.2,34.4,14.0,14.0,87,25.6,1001.8,99,10.7,104,14.5,16069.43
2017-06-21,28.8,32.1,25.5,35.3,6.4,10.0,86,26.1,1001.0,98,13.5,114,15.77,19780.86
2017-06-22,29.6,34.3,26.6,36.5,1.3,3.0,83,26.3,1001.9,100,14.5,130,18.28,28933.32
2017-06-23,29.1,31.4,27.9,35.4,7.4,6.0,86,26.5,1002.9,100,15.2,146,11.22,10684.8
2017-06-24,29.5,33.9,26.0,35.5,6.8,5.0,83,26.1,1002.3,98,21.4,153,19.15,41018.06
2017-06-25,28.4,31.8,25.7,34.4,6.0,6.0,85,25.7,1003.3,97,13.8,134,17.51,32565.06
2017-06-26,28.2,31.5,25.5,34.5,20.7,17.0,87,25.8,1005.5,95,13.2,103,13.44,17875.33
2017-06-27,27.4,30.2,25.1,33.3,19.1,15.0,88,25.2,1006.5,96,11.3,128,14.23,26516.38
2017-06-28,27.3,30.0,25.2,32.8,13.3,12.0,88,25.1,1007.1,100,11.6,140,9.26,4249.63
2017-06-29,27.5,30.1,25.5,32.8,13.0,11.0,88,25.3,1006.2,100,15.9,147,12.35,13651.53
2017-06-30,28.3,31.4,25.2,33.4,7.5,9.0,84,25.3,1004.0,99,16.7,161,14.41,20783.41
2017-07-01,29.4,32.4,26.9,35.0,2.8,7.0,81,25.7,1001.9,100,15.9,176,14.04,12772.11
2017-07-02,28.5,30.7,27.2,34.4,21.2,16.0,86,25.8,1001.4,100,14.1,174,8.96,7292.57
2017-07-03,27.9,29.8,26.3,33.6,10.5,18.0,87,25.5,1002.0,100,13.4,175,8.92,5069.78
2017-07-04,27.9,30.7,25.6,33.7,22.7,14.0,85,25.1,1003.1,96,14.8,161,13.91,22867.25
2017-07-05,27.5,30.4,24.8,33.4,30.9,13.0,87,25.2,1004.9,96,11.7,113,14.57,30549.56
2017-07-06,28.0,31.1,25.1,34.0,14.3,13.0,87,25.5,1004.5,95,11.9,128,16.4,36798.62
2017-07-07,27.9,31.4,25.3,34.1,35.5,18.0,89,25.8,1003.9,99,12.3,125,13.92,21727.97
2017-07-08,27.4,31.3,25.9,33.3,23.8,22.0,91,25.7,1004.8,99,13.0,148,12.28,11789.11
2017-07-09,28.4,32.1,26.1,34.0,6.2,9.0,86,25.7,1004.7,100,16.2,162,14.04,21025.31
2017-07-10,27.8,30.6,25.3,34.0,17.1,14.0,88,25.5,1004.1,100,10.2,321,11.99,4528.66
2017-07-11,26.2,28.3,24.5,31.3,40.7,22.0,91,24.6,1005.8,100,14.1,113,9.73,8190.55
2017-07-12,26.5,29.6,24.6,31.7,7.9,12.0,89,24.4,1008.0,96,15.2,134,12.55,16271.09
2017-07-13,26.9,30.0,24.8,32.4,3.1,10.0,86,24.4,1006.8,97,13.9,113,15.54,24444.61
2017-07-14,26.8,30.3,24.7,32.5,16.2,19.0,88,24.6,1005.3,96,10.9,116,16.45,32837.81
2017-07-15,26.8,29.4,24.8,32.5,11.5,13.0,89,24.7,1004.7,98,10.0,30,11.54,13153.38
2017-07-16,27.2,29.9,25.1,31.8,13.3,18.0,86,24.6,1003.3,95,19.2,15,11.4,20442.53
2017-07-17,26.1,28.5,24.8,30.2,29.8,22.0,90,24.4,1004.2,100,22.5,72,8.41,2340.43
2017-07-18,26.2,29.7,24.5,31.5,15.9,18.0,91,24.5,1007.1,100,12.2,107,10.23,7465.47
2017-07-19,26.9,30.1,24.7,32.2,15.0,18.0,87,24.6,1005.7,99,13.0,136,12.78,18101.59
2017-07-20,26.4,28.4,24.5,31.3,21.9,21.0,90,24.6,1005.1,98,16.6,125,11.43,11507.37
2017-07-21,26.5,28.9,24.4,31.7,15.9,13.0,88,24.3,1007.6,98,13.2,116,11.91,21309.97
2017-07-22,27.1,30.5,24.4,33.2,11.3,13.0,88,24.9,1008.5,97,8.3,345,17.45,29862.43
2017-07-23,28.5,32.1,24.8,34.9,1.3,4.0,83,25.2,1006.0,75,10.3,305,23.62,39600.0
2017-07-24,28.9,32.5,26.0,35.4,1.9,3.0,84,25.9,1003.0,100,11.2,65,17.65,28937.11
2017-07-25,27.5,29.7,24.8,33.6,28.8,13.0,89,25.4,1003.2,94,13.7,6,12.46,18288.16
2017-07-26,27.8,31.9,25.5,34.3,6.9,11.0,86,25.2,1003.6,64,12.6,259,20.05,40289.81
2017-07-27,28.7,32.6,25.1,35.1,0.7,3.0,83,25.3,1003.4,53,13.4,150,22.8,43498.06
2017-07-28,28.8,32.6,25.6,35.5,4.4,4.0,85,25.7,1004.4,64,10.1,120,23.2,41607.68
2017-07-29,29.7,33.3,26.7,36.8,3.4,8.0,82,26.2,1002.7,56,15.6,196,22.44,39659.62
2017-07-30,31.0,35.6,26.3,38.5,0.4,1.0,78,26.6,999.3,47,12.6,185,25.97,43271.8
2017-07-31,31.0,35.8,26.6,38.6,10.2,2.0,80,27.0,998.2,54,15.4,116,24.85,43284.57
2017-08-01,29.2,33.1,26.6,36.4,8.6,9.0,87,26.7,999.6,94,13.3,100,16.66,25200.0
2017-08-02,28.7,31.4,26.9,35.7,11.1,9.0,88,26.5,999.5,100,9.3,11,12.73,18000.0
2017-08-03,28.0,31.0,26.1,34.8,32.6,17.0,90,26.2,998.4,100,10.1,109,9.43,13250.56
2017-08-04,26.4,27.7,25.1,32.6,70.6,24.0,94,25.3,999.1,100,10.0,58,5.76,3491.63
2017-08-05,26.9,30.2,24.8,32.9,39.8,22.0,92,25.4,1001.6,99,14.9,104,9.92,8258.45
2017-08-06,28.7,32.0,25.4,34.7,0.4,2.0,85,25.7,1004.1,61,11.7,132,17.71,39260.71
2017-08-07,29.5,33.2,25.8,36.1,2.5,4.0,82,25.9,1004.1,72,14.1,154,20.94,43200.0
2017-08-08,30.8,34.0,27.3,36.7,0.0,0.0,75,25.7,1002.8,73,14.1,186,22.76,43200.0
2017-08-09,31.1,35.2,27.6,37.3,0.3,1.0,73,25.6,1002.2,96,13.8,196,23.41,37020.05
2017-08-10,30.1,33.0,27.5,36.9,0.3,3.0,82,26.7,1002.2,98,12.7,195,14.79,23370.25
2017-08-11,30.6,33.9,27.7,37.1,0.5,4.0,78,26.2,1002.5,95,15.6,170,20.76,33557.25
2017-08-12,30.6,33.8,27.9,36.7,0.0,0.0,79,26.5,1003.5,99,15.0,166,17.03,32751.01
2017-08-13,30.8,34.0,28.3,37.3,4.4,1.0,80,26.9,1004.5,96,17.1,167,18.69,32863.76
2017-08-14,29.9,32.6,27.3,36.8,14.0,6.0,87,27.4,1004.6,94,17.7,160,8.6,896.81
2017-08-15,27.1,29.7,24.9,32.8,61.4,22.0,93,25.8,1004.7,100,14.7,121,6.58,0.0
2017-08-16,26.5,29.2,25.0,31.5,19.1,24.0,93,25.2,1005.3,100,16.0,136,6.4,588.9
2017-08-17,26.0,27.7,24.8,31.3,20.4,18.0,92,24.5,1007.2,93,13.5,134,7.77,1453.28
2017-08-18,26.4,30.3,24.5,32.2,7.1,15.0,90,24.6,1009.3,90,11.8,142,13.25,20671.11
2017-08-19,27.0,30.2,24.7,33.0,5.3,9.0,89,25.0,1009.3,80,12.2,130,14.8,22045.72
2017-08-20,27.9,30.6,25.6,33.7,0.6,3.0,85,25.1,1007.0,66,11.6,155,13.72,32251.49
2017-08-21,29.1,32.8,25.5,35.2,0.1,1.0,82,25.4,1004.4,20,13.2,160,22.78,43200.0
2017-08-22,29.9,34.6,25.8,36.6,0.0,0.0,81,25.9,1001.7,58,11.9,162,22.73,43200.0
2017-08-23,30.0,34.6,27.0,37.2,13.3,5.0,85,27.0,1000.1,99,12.9,310,17.14,29532.45
2017-08-24,27.0,28.4,25.3,32.5,44.5,21.0,90,25.3,1000.4,100,16.6,186,5.35,0.0
2017-08-25,26.8,28.4,25.4,32.2,39.7,18.0,92,25.3,1004.8,98,17.2,117,9.62,6121.87
2017-08-26,26.8,30.5,24.5,32.6,5.1,13.0,89,24.7,1006.2,91,12.9,339,16.53,29924.32
2017-08-27,28.2,31.8,24.6,34.4,1.5,4.0,85,25.2,1004.7,55,12.2,320,23.49,43200.0
2017-08-28,28.3,32.6,25.4,33.9,1.9,6.0,82,24.9,1004.7,92,19.0,143,21.81,40276.28
2017-08-29,25.3,26.9,24.2,30.1,24.5,22.0,94,24.2,1006.8,99,13.2,105,4.96,1539.09
2017-08-30,25.7,28.4,24.1,30.6,23.3,22.0,92,24.3,1008.3,98,17.1,120,9.51,11701.7
2017-08-31,27.3,30.9,24.3,33.6,4.0,11.0,88,25.0,1008.3,65,8.7,142,17.79,38322.84
2017-09-01,28.4,32.1,25.7,34.9,4.0,6.0,87,26.0,1005.5,52,12.7,144,18.59,37829.82
2017-09-02,29.0,31.3,26.2,36.1,11.0,12.0,88,26.7,1003.3,79,9.7,129,15.06,26489.69
2017-09-03,27.9,30.2,25.7,34.5,3.5,8.0,91,26.2,1004.5,97,9.6,57,9.71,7316.31
2017-09-04,27.7,30.3,25.3,34.2,14.8,13.0,91,26.0,1005.3,98,11.3,70,11.36,11628.77
2017-09-05,27.7,30.8,25.3,34.1,49.9,15.0,90,25.8,1005.8,99,11.1,98,12.53,20753.79
2017-09-06,27.6,30.3,25.1,33.8,29.0,15.0,89,25.6,1006.4,99,10.2,62,11.65,8657.75
2017-09-07,27.4,30.1,25.5,33.4,3.4,8.0,89,25.2,1007.5,100,9.5,12,11.3,12321.62
2017-09-08,27.4,29.8,25.1,33.7,9.6,13.0,90,25.6,1007.5,77,8.7,127,13.79,29635.13
2017-09-09,27.3,30.8,24.9,33.3,18.2,12.0,90,25.5,1005.7,89,14.4,114,9.74,10864.62
2017-09-10,28.0,31.3,25.4,34.7,3.8,6.0,89,26.0,1006.9,98,10.5,106,11.59,11669.85
2017-09-11,27.1,30.5,24.5,33.0,17.2,10.0,88,24.9,1009.1,97,10.6,27,10.95,11894.3
2017-09-12,27.4,30.5,24.7,33.8,11.9,13.0,89,25.3,1010.4,77,8.5,36,14.8,25200.0
2017-09-13,27.6,30.9,24.7,33.6,13.6,15.0,87,25.2,1009.9,57,10.6,329,18.69,41205.52
2017-09-14,27.2,30.2,24.7,32.0,9.0,13.0,86,24.5,1007.4,83,15.5,330,14.93,36507.8
2017-09-15,26.6,28.8,25.3,29.3,13.0,18.0,82,23.3,1005.6,100,24.5,26,5.79,4393.1
2017-09-16,26.0,29.2,24.3,30.8,18.9,18.0,93,24.7,1009.2,93,23.1,87,9.73,10332.71
2017-09-17,27.9,31.8,24.2,33.8,2.0,4.0,84,24.7,1010.5,40,10.6,218,17.84,40759.81
2017-09-18,29.2,33.7,25.5,35.3,0.0,0.0,81,25.5,1008.0,22,14.1,160,18.54,42693.44
2017-09-19,29.7,33.2,27.1,35.8,1.0,5.0,84,26.6,1006.7,56,15.5,148,16.41,42475.12
2017-09-20,28.0,31.2,25.5,34.1,15.4,16.0,87,25.5,1008.0,87,12.6,135,14.29,27734.51
2017-09-21,27.7,31.5,25.1,33.5,1.9,8.0,86,25.0,1008.0,71,11.6,60,17.32,39116.66
2017-09-22,27.5,31.5,25.5,33.4,7.9,11.0,86,25.0,1008.7,84,12.2,59,14.8,34644.66
2017-09-23,27.3,30.3,24.8,33.6,8.3,13.0,88,25.0,1009.3,91,5.7,140,12.28,21971.29
2017-09-24,28.7,32.3,25.1,34.9,0.1,1.0,82,25.1,1006.7,69,8.8,117,18.99,39616.08
2017-09-25,26.9,28.6,25.5,32.6,48.1,17.0,92,25.5,1004.2,98,15.3,300,3.76,999.21
2017-09-26,27.6,31.1,25.2,33.0,2.0,6.0,86,25.0,1008.6,50,14.2,138,16.6,39115.99
2017-09-27,27.8,30.6,25.5,33.9,1.3,6.0,86,25.1,1009.5,48,9.4,140,15.05,39233.69
2017-09-28,28.8,32.3,25.3,35.8,3.2,5.0,85,25.9,1008.5,42,8.1,131,19.98,40757.23
2017-09-29,27.1,30.1,25.4,33.2,15.7,14.0,89,25.1,1009.8,98,10.1,97,10.08,16416.56
2017-09-30,26.5,28.6,24.7,31.7,12.7,15.0,88,24.3,1011.3,93,10.2,109,8.26,4091.51
2017-10-01,27.5,30.9,24.5,32.9,4.8,7.0,85,24.7,1009.7,69,12.7,136,15.64,36828.49
2017-10-02,27.3,30.6,24.6,33.2,7.3,11.0,87,24.9,1009.1,76,12.1,100,14.45,34999.81
2017-10-03,26.0,27.9,24.5,31.6,15.1,18.0,91,24.4,1010.9,97,10.7,39,8.5,8022.87
2017-10-04,25.8,28.7,24.6,31.3,14.6,21.0,91,24.2,1012.5,83,12.0,50,9.86,16103.22
2017-10-05,25.8,28.7,23.9,31.0,8.8,18.0,90,23.9,1012.4,84,9.7,76,9.65,17365.19
2017-10-06,25.3,28.3,24.0,30.4,20.3,19.0,92,23.9,1011.6,95,19.2,19,7.83,12559.25
2017-10-07,24.6,26.1,23.6,29.4,65.8,24.0,94,23.6,1011.6,100,10.7,65,3.17,0.0
2017-10-08,26.0,29.3,23.8,31.2,6.2,11.0,89,24.0,1011.8,75,9.8,35,11.56,29082.02
2017-10-09,27.2,32.0,24.2,32.2,14.3,12.0,86,24.5,1009.2,84,14.2,338,15.75,30075.83
2017-10-10,25.9,28.4,25.0,29.6,41.3,23.0,90,24.2,1007.6,100,31.1,59,4.78,0.0
2017-10-11,25.2,27.0,24.3,29.6,41.0,23.0,94,24.1,1010.2,98,15.9,77,5.29,363.69
2017-10-12,25.5,29.3,23.9,30.4,11.0,19.0,91,23.8,1010.9,80,9.0,53,9.4,20783.46
2017-10-13,24.5,26.9,22.4,26.8,0.5,3.0,77,20.1,1010.6,62,16.3,15,12.33,30331.99
2017-10-14,25.1,28.8,22.2,27.4,0.0,0.0,72,19.6,1009.2,50,16.1,18,16.35,34407.81
2017-10-15,24.7,28.0,21.1,25.5,0.0,0.0,64,17.4,1008.7,91,18.9,6,16.8,37005.91
2017-10-16,20.9,24.4,19.5,21.4,15.1,14.0,78,16.9,1011.1,100,17.7,358,1.71,0.0
2017-10-17,20.6,21.9,19.6,20.4,0.0,0.0,72,15.4,1014.5,97,19.6,2,6.02,0.0
2017-10-18,21.4,22.8,20.5,21.9,1.0,4.0,75,16.9,1015.6,100,18.1,353,3.85,0.0
2017-10-19,23.0,26.7,21.1,24.9,0.0,0.0,79,19.0,1014.5,62,13.8,337,12.71,27771.56
2017-10-20,24.3,28.2,21.1,27.4,0.0,0.0,80,20.3,1013.5,43,11.4,33,14.51,25200.0
2017-10-21,24.5,28.2,22.7,26.8,0.0,0.0,75,19.6,1013.3,73,16.3,55,14.71,28730.3
2017-10-22,23.5,25.9,22.3,25.1,0.0,0.0,70,17.7,1013.9,100,13.7,31,8.58,5325.4
2017-10-23,22.4,24.0,20.6,22.8,0.0,0.0,67,15.9,1016.4,71,17.5,16,8.36,9378.77
2017-10-24,22.5,25.7,20.1,23.6,0.0,0.0,68,16.3,1018.4,64,11.5,23,12.32,28547.43
2017-10-25,23.5,27.7,19.1,26.3,0.2,2.0,79,19.5,1017.8,51,10.2,90,13.46,26917.36
2017-10-26,24.7,28.5,21.9,28.3,0.4,2.0,79,20.7,1016.6,67,7.9,84,12.42,27042.05
2017-10-27,25.4,28.8,23.0,29.2,0.0,0.0,79,21.3,1014.8,84,9.5,17,15.0,35869.51
2017-10-28,25.2,29.4,22.1,28.9,0.8,6.0,80,21.3,1015.4,42,10.6,37,16.33,39550.85
2017-10-29,24.2,27.4,21.0,25.6,0.2,2.0,70,17.9,1018.8,18,20.0,34,17.31,39378.67
2017-10-30,21.6,25.3,19.0,20.5,0.0,0.0,59,13.0,1021.5,5,24.4,29,19.57,39494.25
2017-10-31,20.9,25.3,17.5,20.9,0.0,0.0,65,13.7,1019.6,35,13.7,2,18.14,39465.24
2017-11-01,21.4,26.4,16.9,22.5,0.0,0.0,71,15.6,1017.1,12,8.9,23,18.08,39364.76
2017-11-02,22.1,28.0,17.3,23.6,0.0,0.0,75,17.1,1015.5,4,12.8,5,18.51,39405.76
2017-11-03,23.7,28.3,19.3,23.5,0.0,0.0,61,15.3,1016.7,10,20.0,17,18.47,39375.31
2017-11-04,23.3,27.0,19.9,21.9,0.0,0.0,50,12.2,1019.2,92,23.4,19,17.16,36363.28
2017-11-05,21.4,23.0,19.0,20.4,0.5,5.0,58,12.6,1019.4,99,15.5,354,4.05,0.0
2017-11-06,21.3,23.8,18.5,21.0,0.0,0.0,63,13.8,1016.8,78,13.9,333,8.78,18645.59
2017-11-07,21.7,23.9,20.2,22.4,0.0,0.0,72,16.3,1017.2,96,16.6,348,4.5,651.42
2017-11-08,22.4,25.0,20.6,24.0,2.8,3.0,76,17.8,1016.6,98,12.7,5,5.03,0.0
2017-11-09,21.4,22.6,20.4,24.2,6.3,11.0,90,19.7,1015.3,97,9.1,351,2.23,0.0
2017-11-10,23.6,27.5,20.4,27.0,0.0,0.0,85,20.8,1014.6,75,8.3,18,9.07,20356.63
2017-11-11,24.4,28.7,20.2,28.2,1.4,6.0,84,21.2,1013.4,27,7.5,159,13.74,38123.1
2017-11-12,24.4,28.2,21.5,27.9,0.5,1.0,85,21.6,1011.8,28,12.7,132,13.49,37884.04
2017-11-13,24.8,28.5,21.2,28.5,1.4,6.0,83,21.6,1011.2,43,15.0,137,12.13,32731.2
2017-11-14,25.2,29.1,22.4,28.8,0.6,4.0,82,21.6,1012.7,59,11.8,76,12.61,35210.89
2017-11-15,24.6,28.0,21.9,27.5,0.3,2.0,80,20.7,1014.1,73,12.7,72,10.21,18160.45
2017-11-16,25.3,29.6,22.3,28.9,0.2,1.0,85,22.4,1011.9,82,18.5,147,8.44,16963.83
2017-11-17,27.2,32.0,24.2,31.1,0.0,0.0,81,23.5,1007.9,58,18.4,164,15.17,38270.43
2017-11-18,24.1,25.4,21.0,25.7,6.3,7.0,78,19.6,1011.8,87,28.6,47,6.47,10800.0
2017-11-19,19.3,20.6,18.2,18.3,0.0,0.0,63,12.1,1016.9,93,14.5,30,2.55,0.0
2017-11-20,17.4,18.5,16.7,15.5,0.3,3.0,67,11.2,1019.2,100,21.6,23,2.69,0.0
2017-11-21,16.8,17.4,16.0,15.2,0.0,0.0,64,9.9,1018.9,92,13.2,18,3.81,0.0
2017-11-22,17.2,18.7,15.9,14.9,0.0,0.0,59,9.0,1019.3,100,19.4,18,5.12,569.4
2017-11-23,16.2,17.5,14.1,12.8,0.0,0.0,49,5.5,1022.1,100,19.0,16,2.44,0.0
2017-11-24,13.6,15.2,11.6,10.3,0.0,0.0,60,6.0,1024.8,94,19.9,5,5.88,1666.2
2017-11-25,14.0,15.3,12.8,11.3,2.0,3.0,63,7.0,1023.9,86,15.9,355,4.26,0.0
2017-11-26,16.9,21.7,13.8,15.6,0.0,0.0,65,10.0,1022.2,43,14.2,347,13.67,26063.15
2017-11-27,18.1,23.3,14.0,18.1,0.0,0.0,71,12.5,1017.3,28,8.0,50,15.45,36000.0
2017-11-28,20.3,25.2,15.3,21.8,0.7,2.0,80,16.4,1016.5,59,9.4,11,13.81,29876.27
2017-11-29,21.5,23.9,19.9,24.1,0.0,0.0,86,19.0,1016.5,91,8.7,311,4.9,1221.12
2017-11-30,21.9,26.5,18.8,23.9,3.9,9.0,85,19.1,1016.3,48,22.0,19,12.06,34255.98
2017-12-01,18.9,20.1,18.2,18.0,1.0,2.0,70,13.3,1019.2,97,17.5,11,4.96,491.77
2017-12-02,18.6,20.4,17.5,18.4,0.0,0.0,71,13.3,1019.5,78,12.3,4,5.47,7451.02
2017-12-03,19.5,23.4,15.5,20.8,0.0,0.0,79,15.6,1017.7,63,8.8,37,10.99,22361.47
2017-12-04,20.3,23.9,17.9,20.0,0.0,0.0,68,14.0,1018.8,22,15.6,39,15.84,36238.97
2017-12-05,18.8,22.4,17.0,17.8,0.0,0.0,64,11.7,1020.1,79,14.0,44,12.71,33036.07
2017-12-06,19.0,23.1,15.0,19.2,0.1,1.0,76,14.6,1016.4,60,13.8,123,9.49,19129.56
2017-12-07,19.8,21.9,17.6,21.7,6.4,12.0,87,17.5,1016.4,96,9.4,57,3.48,0.0
2017-12-08,17.1,19.5,16.0,16.0,6.7,11.0,76,12.6,1022.3,100,23.5,26,2.53,0.0
2017-12-09,16.2,17.6,15.4,14.6,0.0,0.0,59,8.0,1020.3,98,11.4,17,4.99,964.86
2017-12-10,17.0,19.1,14.4,16.6,0.1,1.0,70,11.4,1018.3,98,8.7,48,3.9,0.0
2017-12-11,16.9,17.8,16.1,16.4,0.1,1.0,67,10.8,1018.6,100,9.4,5,2.36,0.0
2017-12-12,16.1,17.1,15.2,16.4,3.2,16.0,85,13.6,1017.4,100,8.3,360,2.36,0.0
2017-12-13,16.9,18.8,15.3,17.6,2.9,12.0,89,15.0,1015.2,100,10.8,12,3.55,0.0
2017-12-14,15.9,16.6,15.4,15.4,5.7,15.0,87,13.8,1017.1,100,15.2,15,2.46,0.0
2017-12-15,16.0,17.6,14.7,14.9,0.5,5.0,79,12.2,1019.7,100,14.8,20,3.25,0.0
2017-12-16,15.6,17.3,14.2,12.8,0.0,0.0,58,7.2,1026.0,92,18.8,21,3.06,0.0
2017-12-17,13.7,17.0,10.9,10.3,0.0,0.0,49,3.0,1028.4,40,18.5,37,16.06,36211.2
2017-12-18,12.5,17.6,8.7,9.3,0.0,0.0,49,1.9,1028.3,37,13.0,23,15.26,36227.32
2017-12-19,13.8,18.7,10.0,10.3,0.0,0.0,49,2.9,1029.1,1,20.9,20,16.59,36243.25
2017-12-20,13.7,18.5,9.4,9.8,0.0,0.0,42,0.7,1030.1,13,20.4,19,16.96,36258.92
2017-12-21,15.4,17.9,13.5,12.8,0.0,0.0,48,4.1,1025.7,91,12.3,5,8.04,11469.95
2017-12-22,15.5,20.0,12.1,14.4,0.0,0.0,64,8.5,1019.8,48,9.5,109,11.91,25816.76
2017-12-23,17.0,19.2,15.1,16.9,1.0,9.0,78,13.0,1017.1,99,9.7,5,5.6,123.21
2017-12-24,18.6,23.3,15.6,16.9,0.5,3.0,62,10.8,1021.1,50,19.5,8,14.35,32310.85
2017-12-25,16.5,21.8,11.9,14.9,0.0,0.0,58,7.7,1019.8,94,11.0,35,16.33,36000.0
2017-12-26,16.8,22.3,10.0,16.0,0.0,0.0,66,9.9,1020.2,55,10.6,19,14.61,35758.88
2017-12-27,15.5,17.8,13.9,14.9,11.5,16.0,84,12.8,1021.0,100,16.0,349,1.0,0.0
2017-12-28,16.1,19.1,14.1,16.4,2.5,11.0,84,13.4,1020.5,98,10.2,350,5.95,7648.95
2017-12-29,17.8,19.3,16.5,18.9,0.0,0.0,86,15.3,1020.4,100,7.1,347,2.77,0.0
2017-12-30,17.6,18.4,16.5,17.0,3.6,12.0,81,14.1,1022.3,100,20.0,24,2.17,0.0
2017-12-31,16.1,16.7,15.2,14.5,0.0,0.0,63,9.0,1022.7,95,14.2,13,3.27,0.0
2018-01-01,17.3,20.2,14.7,17.6,0.0,0.0,77,13.1,1018.5,90,9.9,126,7.65,9147.23
2018-01-02,18.8,22.0,15.7,20.1,1.6,8.0,84,16.1,1016.8,97,11.0,123,3.91,0.0
2018-01-03,19.3,23.2,15.8,20.6,0.0,0.0,85,16.6,1016.2,83,13.4,139,6.77,11591.97
2018-01-04,20.2,22.2,18.8,22.2,2.0,6.0,88,18.2,1014.1,100,10.7,132,3.43,0.0
2018-01-05,19.9,21.3,18.4,22.1,4.0,12.0,93,18.8,1013.1,94,11.5,128,2.01,0.0
2018-01-06,19.8,21.6,18.2,21.0,0.1,1.0,88,17.6,1011.5,97,13.3,135,2.98,0.0
2018-01-07,20.8,23.8,18.8,22.7,3.7,9.0,92,19.3,1010.3,97,15.3,137,3.31,0.0
2018-01-08,15.8,21.9,10.9,14.3,2.9,12.0,78,11.7,1015.5,100,33.8,42,3.36,0.0
2018-01-09,11.1,12.5,9.0,7.6,0.5,3.0,56,2.5,1025.1,100,16.6,18,3.67,0.0
2018-01-10,12.6,13.8,11.8,9.8,0.0,0.0,52,2.8,1026.9,99,11.5,10,2.77,0.0
2018-01-11,12.7,14.0,11.4,10.2,0.0,0.0,55,3.8,1026.9,90,11.6,359,2.42,0.0
2018-01-12,13.3,16.9,10.0,10.7,0.0,0.0,53,3.9,1026.2,72,13.2,14,8.23,19900.63
2018-01-13,15.0,18.3,11.4,13.4,0.0,0.0,61,7.5,1023.1,82,10.4,78,9.67,19505.38
2018-01-14,15.8,19.2,13.0,15.2,0.0,0.0,71,10.5,1021.0,79,11.3,45,9.69,23704.17
2018-01-15,16.7,21.7,12.6,16.5,0.0,0.0,81,13.3,1016.6,82,17.1,145,9.37,17382.4
2018-01-16,17.6,20.3,15.1,19.0,1.8,6.0,91,16.0,1014.7,96,7.9,82,3.48,919.41
2018-01-17,18.2,21.8,15.7,19.0,0.0,0.0,88,16.0,1014.5,63,14.8,135,5.61,5840.03
2018-01-18,18.9,23.3,15.7,19.8,0.8,7.0,87,16.6,1014.6,83,15.9,123,4.89,781.97
2018-01-19,20.0,25.5,15.6,21.0,0.0,0.0,77,15.4,1016.7,53,15.0,129,16.65,32400.0
2018-01-20,18.5,21.1,15.7,19.7,0.4,4.0,88,16.4,1014.9,87,11.8,107,4.04,0.0
2018-01-21,19.8,23.0,18.2,21.9,1.4,6.0,89,17.9,1013.6,93,8.9,102,4.61,1127.22
2018-01-22,19.5,22.1,17.8,20.8,4.7,12.0,88,17.4,1013.5,99,12.9,92,3.82,0.0
2018-01-23,20.6,25.1,18.2,21.8,0.8,5.0,83,17.5,1012.3,68,15.0,136,10.49,29809.98
2018-01-24,21.3,26.3,18.7,22.2,0.4,3.0,86,18.7,1010.3,74,21.8,149,8.68,19252.28
2018-01-25,23.0,27.0,21.2,24.3,0.3,3.0,84,19.9,1010.0,77,21.6,161,10.42,26360.81
2018-01-26,19.7,22.3,16.6,20.1,6.2,13.0,89,17.8,1012.9,99,19.9,102,3.61,0.0
2018-01-27,17.5,18.3,16.8,18.0,7.1,14.0,90,15.8,1012.6,100,19.1,69,1.98,0.0
2018-01-28,13.0,16.8,9.3,11.1,10.9,24.0,90,11.4,1014.6,100,20.0,28,2.48,0.0
2018-01-29,9.5,11.5,7.8,5.7,1.9,4.0,63,2.5,1022.2,97,19.7,23,5.76,1274.19
2018-01-30,10.0,11.4,8.6,6.9,0.0,0.0,60,2.6,1021.2,96,12.6,25,5.44,561.36
2018-01-31,10.5,12.2,8.7,6.6,0.4,4.0,58,2.3,1024.9,92,21.3,8,5.08,7162.71
2018-02-01,12.3,15.3,9.9,9.2,0.0,0.0,44,0.2,1022.7,66,14.7,49,16.03,26269.99
2018-02-02,12.2,13.5,11.1,8.5,0.0,0.0,53,2.7,1026.2,94,18.9,23,5.04,308.5
2018-02-03,11.7,14.8,9.7,7.9,0.0,0.0,43,-0.6,1027.0,68,14.8,29,11.43,23837.13
2018-02-04,11.3,14.9,9.3,7.7,0.0,0.0,46,0.1,1026.1,65,14.9,29,11.89,24529.26
2018-02-05,10.2,13.0,8.3,6.0,0.0,0.0,45,-1.4,1028.6,82,18.0,18,10.54,24609.48
2018-02-06,11.6,14.6,8.0,8.8,0.0,0.0,46,0.1,1024.3,87,10.6,5,12.46,28514.6
2018-02-07,12.7,14.8,10.2,10.0,0.0,0.0,48,1.8,1021.5,96,9.9,19,6.91,6144.14
2018-02-08,12.9,17.2,9.9,10.1,0.0,0.0,49,2.1,1018.9,76,14.5,70,14.58,27541.43
2018-02-09,15.2,22.6,9.2,14.4,0.0,0.0,75,10.6,1013.7,79,17.1,124,15.09,30664.29
2018-02-10,16.6,19.7,13.8,16.8,2.2,14.0,87,14.5,1016.7,94,17.1,51,4.22,0.0
2018-02-11,14.2,15.2,12.9,12.4,1.4,9.0,71,9.0,1023.3,100,14.6,29,3.09,0.0
2018-02-12,13.7,14.7,12.1,11.8,0.5,3.0,68,7.9,1027.0,99,12.1,360,3.19,0.0
2018-02-13,15.3,19.4,13.1,14.2,0.0,0.0,66,8.9,1023.0,86,12.6,138,9.94,20389.79
2018-02-14,17.5,24.7,11.8,17.2,0.0,0.0,82,14.1,1016.0,21,16.3,150,15.73,38790.46
2018-02-15,19.1,24.9,15.0,20.4,0.0,0.0,88,16.8,1013.7,61,14.8,131,11.78,22877.53
2018-02-16,20.7,24.6,18.3,22.7,0.2,2.0,86,18.1,1014.5,88,10.6,109,7.86,7342.0
2018-02-17,20.7,24.6,17.3,22.0,0.3,3.0,83,17.5,1013.7,73,16.3,138,8.77,11727.63
2018-02-18,20.1,24.9,16.5,21.2,0.0,0.0,87,17.7,1014.1,83,17.6,133,7.45,7886.72
2018-02-19,21.4,25.1,17.9,23.3,0.3,2.0,87,19.1,1013.8,90,14.0,144,5.85,752.01
2018-02-20,22.9,26.2,20.5,25.0,0.6,5.0,87,20.4,1012.0,95,16.9,143,7.08,1745.71
2018-02-21,21.9,24.4,20.5,23.8,3.0,15.0,89,20.0,1011.4,99,17.7,124,5.14,0.0
2018-02-22,16.8,20.6,13.3,15.9,3.5,20.0,81,13.6,1016.0,100,21.7,46,3.36,0.0
2018-02-23,14.4,17.6,12.5,13.3,1.0,6.0,76,10.0,1019.3,79,13.0,21,6.13,2207.46
2018-02-24,17.7,22.9,12.7,18.5,0.2,2.0,82,14.4,1017.5,89,8.9,103,9.24,8174.24
2018-02-25,19.3,22.0,17.6,19.9,0.5,5.0,79,15.3,1018.4,99,12.8,28,6.17,1447.51
2018-02-26,18.9,21.1,17.1,20.2,1.7,7.0,83,15.9,1017.4,100,9.2,97,4.44,0.0
2018-02-27,19.7,21.9,17.9,21.0,2.9,11.0,89,17.9,1013.7,95,18.6,141,4.13,801.42
2018-02-28,21.9,25.7,19.4,24.2,0.7,5.0,87,19.5,1012.2,92,15.0,151,8.59,6328.39
2018-03-01,22.3,26.7,19.1,23.8,0.2,2.0,84,19.3,1009.4,67,19.1,150,9.43,14511.53
2018-03-02,23.3,28.2,20.6,25.8,1.9,7.0,89,21.1,1007.7,81,16.4,137,8.78,17434.96
2018-03-03,24.3,30.1,21.7,27.1,0.3,3.0,87,21.8,1006.0,76,16.7,140,11.05,17823.24
2018-03-04,25.7,33.1,21.2,28.9,0.1,1.0,82,22.0,1005.6,27,16.0,141,17.53,32295.55
2018-03-05,24.4,29.9,20.8,28.1,0.0,0.0,86,21.6,1008.6,47,15.1,112,13.08,22813.81
2018-03-06,24.3,28.2,21.6,26.6,1.0,9.0,84,21.3,1011.8,89,21.2,132,8.63,7864.98
2018-03-07,23.6,28.1,17.3,25.8,6.3,15.0,86,21.0,1012.7,88,25.3,128,6.66,10379.22
2018-03-08,17.3,20.6,15.0,15.3,5.5,8.0,66,10.6,1020.8,87,27.7,25,6.76,1458.71
2018-03-09,17.5,21.6,13.8,15.7,0.0,0.0,54,7.8,1022.6,24,13.7,47,19.18,40704.72
2018-03-10,17.3,23.5,11.4,16.3,0.0,0.0,67,10.6,1020.0,7,17.8,128,19.4,40925.07
2018-03-11,17.4,22.2,12.1,17.9,0.0,0.0,80,13.7,1018.7,67,11.5,86,8.02,10843.31
2018-03-12,19.8,22.6,17.1,21.4,1.4,5.0,85,17.2,1016.8,89,10.1,122,5.67,1850.59
2018-03-13,20.6,24.4,17.9,21.8,2.7,4.0,85,17.8,1013.9,75,18.6,143,9.81,16296.94
2018-03-14,21.4,25.1,18.8,23.2,0.4,3.0,89,19.4,1011.5,90,22.2,141,7.2,3923.65
2018-03-15,22.7,27.4,20.6,24.9,1.0,5.0,86,20.0,1011.3,78,17.2,150,8.73,13144.37
2018-03-16,22.8,26.2,21.0,24.8,0.3,2.0,85,20.0,1011.9,95,18.8,137,6.04,170.01
2018-03-17,23.5,27.2,21.6,25.8,2.7,10.0,89,21.5,1011.6,95,22.3,149,5.89,1109.9
2018-03-18,23.8,26.9,21.7,26.0,0.0,0.0,88,21.5,1011.5,83,25.2,154,6.12,0.0
2018-03-19,24.1,29.8,21.1,27.1,6.8,4.0,86,21.4,1009.2,71,18.9,113,10.57,20630.09
2018-03-20,21.1,25.6,17.3,21.5,2.2,2.0,71,15.2,1014.5,11,17.9,61,20.44,41633.72
2018-03-21,18.6,22.3,15.9,18.1,0.0,0.0,68,12.3,1017.5,27,14.8,61,15.12,40721.26
2018-03-22,18.7,23.4,15.1,18.7,0.0,0.0,70,12.6,1016.4,26,12.3,71,17.99,40616.94
2018-03-23,19.9,24.9,15.0,20.6,0.0,0.0,76,15.3,1016.1,45,16.6,129,14.22,24026.45
2018-03-24,21.0,25.0,17.0,22.4,0.5,4.0,83,17.8,1015.7,58,14.1,146,8.62,10667.35
2018-03-25,21.9,25.1,18.8,24.1,0.0,0.0,82,18.6,1016.9,89,11.6,136,6.09,1743.94
2018-03-26,22.7,26.7,20.2,25.3,0.8,6.0,82,19.4,1017.2,71,11.2,118,13.07,28288.64
2018-03-27,22.5,26.7,18.8,24.5,0.3,3.0,81,18.8,1015.2,67,13.6,139,12.51,26558.19
2018-03-28,22.5,25.9,19.3,24.4,1.7,8.0,84,19.5,1012.1,49,17.9,147,10.46,27409.14
2018-03-29,23.3,27.3,20.3,25.9,0.6,6.0,84,20.3,1011.6,64,14.5,149,10.48,17892.94
2018-03-30,23.5,26.8,21.0,26.0,0.9,4.0,84,20.5,1013.0,68,15.8,138,10.87,27695.47
2018-03-31,23.5,27.6,19.8,26.2,0.2,2.0,83,20.3,1013.6,70,13.5,140,12.48,26983.15
2018-04-01,23.9,28.1,20.2,26.5,0.1,1.0,82,20.3,1013.0,87,13.7,140,14.42,31516.0
2018-04-02,24.0,29.2,19.5,26.4,0.0,0.0,80,20.0,1012.0,87,17.4,149,16.25,34372.96
2018-04-03,24.1,29.1,20.3,26.0,0.0,0.0,78,19.6,1010.9,79,19.8,152,18.28,37457.73
2018-04-04,24.1,28.8,20.4,25.8,0.2,1.0,78,19.7,1010.1,71,19.5,151,13.09,22956.33
2018-04-05,24.2,28.4,20.9,26.4,0.9,1.0,80,20.4,1008.7,59,19.9,152,10.97,20587.27
2018-04-06,19.8,22.2,17.7,19.1,11.6,12.0,75,14.9,1016.5,90,27.7,28,4.33,0.0
2018-04-07,17.3,19.1,14.0,14.9,0.0,0.0,53,7.3,1025.3,83,19.4,15,4.58,0.0
2018-04-08,18.0,23.5,12.6,17.7,0.0,0.0,64,10.7,1020.4,62,12.0,112,21.67,41462.45
2018-04-09,20.3,25.9,14.5,20.7,0.0,0.0,74,15.2,1015.1,23,18.0,140,19.35,42913.49
2018-04-10,22.0,26.4,17.8,23.6,0.3,3.0,84,19.0,1011.4,51,23.1,151,9.69,8238.52
2018-04-11,24.2,28.7,20.8,27.2,1.7,8.0,87,21.8,1008.6,73,19.0,149,9.77,8241.12
2018-04-12,25.8,31.3,22.3,29.0,0.0,0.0,85,22.8,1005.8,55,18.6,145,13.38,18645.27
2018-04-13,27.1,33.1,22.9,31.4,0.0,0.0,83,23.7,1006.2,28,16.7,139,17.22,33015.59
2018-04-14,26.2,32.0,22.1,29.7,3.0,5.0,82,22.7,1007.6,67,25.3,73,12.65,21763.24
2018-04-15,21.2,23.3,18.9,21.5,1.3,5.0,72,15.8,1014.3,99,18.2,21,7.6,2598.04
2018-04-16,20.8,23.3,19.0,21.8,0.1,1.0,75,16.2,1016.2,90,16.0,21,10.1,17507.61
2018-04-17,21.0,24.7,18.1,22.9,1.3,2.0,83,17.9,1016.4,77,15.1,150,11.6,16692.13
2018-04-18,22.0,27.5,17.1,24.2,0.0,0.0,79,17.8,1013.9,41,10.2,127,20.51,41496.6
2018-04-19,23.0,27.3,19.3,25.7,0.1,1.0,85,20.2,1011.1,52,14.1,145,9.76,11321.62
2018-04-20,24.8,29.2,21.5,27.7,0.7,3.0,86,22.2,1009.2,72,20.7,163,12.57,25191.92
2018-04-21,25.6,29.4,23.6,28.7,0.3,3.0,86,23.1,1007.9,68,22.5,156,11.11,17868.89
2018-04-22,26.3,32.1,22.5,29.7,0.0,0.0,84,23.1,1006.1,42,19.9,146,14.18,24138.18
2018-04-23,27.1,32.8,23.3,31.9,0.1,1.0,83,23.8,1004.9,33,15.2,116,16.35,29641.44
2018-04-24,26.5,29.9,24.3,31.3,5.3,16.0,87,24.1,1007.7,87,13.3,113,8.68,12431.68
2018-04-25,24.3,25.3,22.8,28.8,25.2,15.0,93,23.1,1009.8,100,13.6,83,2.71,0.0
2018-04-26,23.3,25.8,21.7,26.8,7.7,19.0,91,21.7,1011.4,100,12.7,40,4.91,27.9
2018-04-27,23.0,25.0,21.4,26.0,13.5,12.0,87,20.8,1014.5,98,12.6,358,4.74,5491.67
2018-04-28,24.8,28.6,22.5,29.2,1.2,6.0,87,22.4,1013.2,79,11.1,132,15.65,33310.13
2018-04-29,24.5,28.1,22.8,28.4,9.7,12.0,91,22.8,1010.8,94,17.0,153,8.41,7823.77
2018-04-30,25.3,28.0,23.2,29.3,7.9,12.0,90,23.5,1009.8,72,18.1,146,14.66,32218.17
2018-05-01,27.1,30.9,24.0,32.0,0.5,5.0,87,24.5,1009.6,61,15.1,145,17.33,29301.22
2018-05-02,25.9,28.9,24.3,31.0,24.9,13.0,91,24.3,1011.1,89,11.7,121,8.58,9012.81
2018-05-03,25.5,28.7,23.7,30.7,15.4,22.0,90,23.6,1013.2,94,9.2,56,9.98,11418.2
2018-05-04,26.2,30.0,23.2,30.7,2.5,9.0,87,23.7,1011.6,83,16.3,147,15.66,26837.05
2018-05-05,26.7,29.2,24.7,30.8,5.6,8.0,87,24.3,1010.6,65,19.3,158,14.61,30187.41
2018-05-06,28.5,33.1,25.1,33.2,0.5,2.0,81,24.7,1007.0,22,17.6,166,22.51,43200.0
2018-05-07,29.9,35.2,25.4,36.1,0.0,0.0,79,25.5,1003.1,9,15.1,182,23.84,43221.84
2018-05-08,28.5,33.0,25.0,33.6,4.0,3.0,81,24.8,1004.4,46,18.9,64,21.17,42125.43
2018-05-09,27.1,30.9,25.1,32.6,25.0,15.0,89,25.0,1007.8,90,15.6,86,11.5,16949.06
2018-05-10,26.3,29.7,23.4,30.9,44.3,14.0,88,24.1,1010.0,90,17.3,108,9.73,8488.8
2018-05-11,27.2,29.3,25.4,32.1,11.9,9.0,89,25.1,1008.7,88,17.9,143,12.81,25705.94
2018-05-12,26.8,30.6,25.0,32.0,22.2,13.0,89,24.8,1008.9,89,16.9,145,13.42,28115.58
2018-05-13,25.6,28.3,23.1,30.5,23.6,11.0,90,23.8,1009.6,98,11.2,124,10.76,5659.1
2018-05-14,28.0,32.1,25.2,33.3,4.8,4.0,86,25.3,1007.4,71,15.7,164,19.0,38335.73
2018-05-15,29.1,33.6,26.1,34.2,0.1,1.0,81,25.4,1004.4,24,18.8,170,24.47,43382.43
2018-05-16,29.7,34.0,26.3,35.3,0.8,2.0,80,25.8,1003.7,18,19.5,167,24.56,43633.22
2018-05-17,30.2,34.6,26.9,36.0,0.0,0.0,78,25.7,1003.6,26,17.5,171,23.76,43624.1
2018-05-18,29.9,34.4,26.8,35.5,0.0,0.0,78,25.3,1003.9,52,16.0,165,23.14,43615.49
2018-05-19,29.4,33.5,26.0,34.9,0.0,0.0,79,25.1,1004.6,45,17.1,159,24.43,40887.04
2018-05-20,28.9,32.2,26.3,34.4,4.5,6.0,83,25.6,1005.7,62,17.4,152,20.32,41361.09
2018-05-21,28.0,30.9,26.2,33.5,11.7,9.0,87,25.6,1007.0,49,18.2,147,18.02,40820.24
2018-05-22,28.2,31.1,25.9,33.8,3.8,9.0,85,25.4,1008.7,39,18.6,148,21.06,40517.77
2018-05-23,28.6,32.4,25.7,34.2,0.1,1.0,81,24.7,1008.7,37,14.3,151,23.27,39945.85
2018-05-24,28.7,32.1,25.7,33.6,1.6,6.0,82,25.3,1006.3,64,18.5,164,18.9,38482.37
2018-05-25,29.9,33.4,26.9,34.8,0.0,0.0,76,25.2,1003.7,23,17.6,168,23.49,43833.25
2018-05-26,30.1,33.3,27.3,35.5,0.6,3.0,74,24.9,1004.3,59,15.9,162,21.44,41242.51
2018-05-27,27.5,31.6,25.2,32.8,23.0,13.0,86,24.8,1007.8,91,18.6,1,15.08,21600.0
2018-05-28,25.7,28.3,23.5,30.0,18.8,12.0,83,22.6,1009.6,81,13.3,357,13.97,22227.87
2018-05-29,27.5,32.0,24.6,33.0,13.0,7.0,84,24.4,1008.4,83,12.7,152,15.71,30607.7
2018-05-30,28.7,32.1,25.9,34.3,7.4,13.0,84,25.5,1007.8,97,15.0,152,17.92,24781.81
2018-05-31,28.4,31.3,26.5,34.7,6.3,9.0,88,26.1,1008.2,99,14.3,142,13.91,14635.1
2018-06-01,27.2,30.6,23.7,33.5,28.2,11.0,91,25.5,1008.4,96,9.8,92,12.77,19880.22
2018-06-02,27.6,32.1,24.6,33.8,21.3,17.0,87,25.1,1008.5,94,13.2,111,19.04,30801.52
2018-06-03,27.6,30.3,25.0,33.6,13.7,12.0,87,25.1,1006.4,86,8.6,86,15.46,33756.2
2018-06-04,28.2,32.0,25.4,34.1,4.8,14.0,84,25.0,1005.7,85,15.8,25,21.02,43200.0
2018-06-05,27.2,30.6,24.9,30.3,0.4,3.0,73,21.8,1006.5,97,17.1,352,14.03,19533.85
2018-06-06,28.8,32.4,24.7,34.3,0.5,4.0,76,23.9,1004.4,67,9.4,339,23.52,43817.17
2018-06-07,29.6,33.6,25.4,35.1,0.0,0.0,74,24.1,1002.8,28,10.9,19,24.88,44719.71
2018-06-08,30.1,34.5,25.5,36.3,0.0,0.0,75,24.9,1000.7,7,14.0,96,26.12,44712.14
2018-06-09,29.2,31.7,27.0,36.2,4.0,7.0,87,26.7,1000.8,75,13.6,289,14.08,28400.42
2018-06-10,28.8,31.2,26.7,35.7,9.6,16.0,87,26.3,1001.9,99,7.6,254,14.75,24078.6
2018-06-11,29.3,33.4,25.6,35.7,0.1,1.0,83,25.9,1001.2,92,13.6,136,18.14,28616.88
2018-06-12,30.9,34.3,28.5,36.8,0.0,0.0,75,25.9,999.3,98,16.4,204,20.7,35723.63
2018-06-13,30.6,33.3,28.3,35.9,0.0,0.0,73,25.1,998.1,98,15.0,220,14.36,23776.45
2018-06-14,28.9,31.5,26.5,35.1,36.7,14.0,83,25.7,999.2,98,11.5,32,14.23,16040.63
2018-06-15,27.4,31.7,24.4,32.6,23.7,10.0,82,23.9,1001.5,86,12.9,10,18.35,33284.22
2018-06-16,28.1,31.4,25.9,34.1,1.9,8.0,85,25.1,1002.1,77,15.5,98,17.43,31476.45
2018-06-17,27.3,29.7,25.3,33.0,17.7,18.0,89,25.3,1001.4,89,11.5,128,12.96,22131.69
2018-06-18,28.9,32.7,25.4,34.6,5.2,9.0,84,25.8,999.7,76,17.6,146,18.8,34599.99
2018-06-19,30.4,34.4,27.0,36.5,0.1,1.0,79,26.1,1000.2,40,16.3,161,23.13,44131.66
2018-06-20,30.6,34.4,27.7,37.0,2.1,2.0,77,26.0,1002.2,91,14.0,176,22.54,43456.76
2018-06-21,31.2,34.7,28.1,37.3,0.3,1.0,74,25.9,1001.9,99,13.8,183,20.86,33383.18
2018-06-22,31.5,34.5,28.0,37.5,0.2,1.0,72,25.6,1000.6,99,12.0,193,22.95,43117.08
2018-06-23,30.7,33.7,28.3,36.5,0.1,1.0,74,25.4,1000.1,100,11.3,190,15.57,17218.47
2018-06-24,29.7,31.9,28.0,35.3,1.3,7.0,78,25.4,1000.8,100,14.0,160,10.42,633.66
2018-06-25,28.7,29.8,27.5,33.0,0.4,4.0,78,24.4,1002.3,99,18.7,157,12.89,14938.32
2018-06-26,28.4,31.1,26.5,33.0,0.7,7.0,79,24.3,1005.4,93,16.9,151,11.89,4998.0
2018-06-27,26.8,29.3,24.5,31.7,3.9,14.0,88,24.6,1007.7,82,13.1,142,8.98,4412.43
2018-06-28,29.1,33.4,25.6,34.0,0.0,0.0,76,24.3,1005.4,58,14.3,177,22.47,41646.93
2018-06-29,30.5,34.0,26.6,35.6,0.0,0.0,71,24.4,1001.1,81,15.3,189,25.03,43875.19
2018-06-30,31.1,35.1,27.0,36.7,0.0,0.0,71,24.9,999.7,75,12.5,184,23.04,42690.11
2018-07-01,31.6,35.8,27.9,37.5,0.2,1.0,69,25.1,999.5,93,12.4,205,24.14,40850.25
2018-07-02,32.2,36.4,28.7,37.2,0.0,0.0,65,24.7,997.8,93,14.5,200,23.58,41330.95
2018-07-03,32.6,36.9,28.8,37.1,0.0,0.0,61,23.8,996.7,92,15.7,204,24.96,44703.89
2018-07-04,32.8,36.9,29.0,37.4,0.0,0.0,60,23.8,996.4,79,13.8,199,25.43,43933.68
2018-07-05,32.9,37.4,29.3,38.1,0.6,1.0,61,24.3,996.7,76,13.8,191,24.8,44449.65
2018-07-06,32.2,36.4,28.7,38.7,2.0,6.0,69,25.5,997.6,96,16.4,180,21.61,42394.89
2018-07-07,29.1,32.3,27.0,36.2,13.3,13.0,87,26.7,999.6,99,10.6,348,12.82,14236.66
2018-07-08,27.3,30.5,25.4,33.3,17.0,23.0,91,25.5,1001.3,94,12.5,123,10.11,11329.54
2018-07-09,28.2,30.9,25.8,34.0,11.3,20.0,86,25.6,1003.0,84,16.6,111,18.26,37127.38
2018-07-10,28.1,31.8,25.3,34.3,10.7,24.0,86,25.3,1003.7,68,10.8,93,19.42,42000.98
2018-07-11,28.6,32.2,25.2,35.2,4.3,19.0,84,25.4,1002.1,68,9.1,116,21.33,43666.27
2018-07-12,30.1,34.2,25.2,36.1,0.1,1.0,76,25.1,1000.6,64,12.8,104,24.26,43985.1
2018-07-13,28.4,31.2,26.7,35.1,20.6,16.0,87,26.0,1001.2,99,8.9,93,11.33,17897.82
2018-07-14,26.7,28.3,25.4,32.7,29.5,24.0,91,25.2,1001.2,100,10.5,5,7.71,962.92
2018-07-15,26.4,28.6,24.9,31.8,22.2,19.0,92,25.0,1001.4,99,13.4,341,7.02,9062.95
2018-07-16,27.0,29.7,25.6,32.1,30.2,22.0,89,24.9,1001.0,98,16.6,1,10.25,13136.65
2018-07-17,27.4,30.7,25.2,32.6,16.3,19.0,87,25.1,1001.6,98,17.7,25,12.76,14246.69
2018-07-18,28.0,31.5,25.9,33.3,20.9,10.0,86,25.5,1000.5,93,16.0,353,12.54,20741.52
2018-07-19,26.7,29.0,25.1,31.7,28.0,23.0,91,25.2,1001.5,99,18.4,76,11.01,11751.03
2018-07-20,26.0,27.5,24.5,31.4,35.9,24.0,94,25.0,1001.8,100,13.0,106,5.93,1151.33
2018-07-21,25.8,27.5,24.5,30.3,58.9,24.0,94,24.7,999.8,100,22.2,47,6.17,0.0
2018-07-22,28.6,32.3,25.5,34.0,2.3,7.0,83,25.2,999.3,98,19.9,350,18.11,39190.57
2018-07-23,29.4,33.3,25.8,36.4,2.6,5.0,84,26.3,998.5,93,12.3,11,21.81,43365.14
2018-07-24,29.1,33.3,26.6,35.8,6.8,9.0,86,26.2,999.3,97,10.5,331,17.75,29011.07
2018-07-25,27.9,31.1,26.2,34.4,22.0,16.0,89,25.9,1000.8,99,9.7,117,13.36,16969.72
2018-07-26,26.5,28.7,25.3,32.2,34.3,21.0,93,25.2,1002.7,98,14.1,110,8.35,6155.95
2018-07-27,26.3,29.2,24.4,31.6,15.5,23.0,91,24.8,1002.6,92,15.6,94,14.6,23420.55
2018-07-28,26.0,29.2,24.5,31.2,25.9,24.0,93,24.7,1002.5,94,12.1,85,9.96,14429.88
2018-07-29,26.3,30.2,24.3,31.5,21.2,24.0,91,24.6,1002.4,93,15.3,90,12.72,21302.18
2018-07-30,26.8,30.4,24.8,32.8,16.7,20.0,90,24.9,1002.1,96,10.4,69,14.73,25445.87
2018-07-31,27.0,30.2,24.5,33.3,21.0,21.0,92,25.5,1002.8,100,9.2,100,12.88,7382.82
2018-08-01,27.7,30.4,26.0,34.3,9.8,16.0,90,25.9,1002.4,100,8.7,136,11.41,8282.01
2018-08-02,27.6,30.8,25.3,33.5,26.2,17.0,89,25.6,1001.6,100,12.9,128,11.56,11516.38
2018-08-03,28.1,30.4,26.2,34.2,14.9,9.0,87,25.7,1000.4,100,11.4,133,11.06,3126.24
2018-08-04,26.8,29.3,25.1,32.7,17.7,19.0,92,25.3,1002.0,100,9.8,56,9.68,872.33
2018-08-05,26.4,29.1,24.4,32.3,30.2,21.0,91,24.9,1004.4,99,8.7,81,9.41,1742.1
2018-08-06,27.1,30.4,24.3,33.2,16.8,18.0,90,25.2,1004.5,97,10.5,127,14.85,20708.13
2018-08-07,28.0,31.4,24.9,34.6,7.5,13.0,88,25.7,1003.4,83,10.0,122,18.19,40174.7
2018-08-08,28.4,31.6,25.1,35.0,5.8,14.0,86,25.7,1003.6,52,9.1,76,20.08,43116.99
2018-08-09,28.5,32.2,25.3,35.0,4.1,12.0,87,26.0,1003.0,96,11.8,305,20.12,37683.08
2018-08-10,29.7,33.0,26.8,36.5,0.4,2.0,83,26.3,1001.0,100,11.2,295,14.88,13526.17
2018-08-11,30.3,34.4,26.6,37.5,0.3,1.0,80,26.3,998.9,77,8.4,51,23.82,41520.73
2018-08-12,29.0,32.0,26.6,35.9,8.1,11.0,86,26.3,998.5,94,13.6,300,20.88,33519.12
2018-08-13,29.8,34.2,25.9,36.7,0.2,2.0,81,26.0,998.6,72,14.7,254,24.6,43200.0
2018-08-14,30.5,34.2,27.3,37.3,0.0,0.0,80,26.5,997.9,98,13.7,278,18.72,30374.46
2018-08-15,29.2,31.8,27.4,36.0,12.4,10.0,86,26.6,999.2,100,14.5,288,11.03,13792.74
2018-08-16,27.3,28.6,26.1,32.7,71.4,24.0,93,26.0,997.5,100,19.2,321,6.26,1196.87
2018-08-17,26.6,29.1,25.6,31.1,37.4,22.0,91,25.0,998.2,100,24.4,34,7.53,833.62
2018-08-18,26.8,29.9,24.8,32.9,15.6,20.0,91,25.2,1000.9,99,11.5,9,11.97,11527.25
2018-08-19,27.9,31.3,25.3,34.5,6.8,7.0,87,25.5,1002.0,94,10.2,112,17.51,31242.09
2018-08-20,29.1,32.1,25.9,36.2,2.0,8.0,87,26.5,1001.8,90,12.8,137,17.4,31352.54
2018-08-21,29.1,31.8,27.0,36.4,7.9,5.0,88,26.8,1000.1,84,8.0,98,15.24,30279.46
2018-08-22,28.3,31.5,25.8,35.4,25.6,14.0,90,26.4,1000.2,87,11.8,122,15.74,25713.75
2018-08-23,28.1,31.2,25.8,34.9,19.8,15.0,90,26.3,1002.1,97,9.9,319,14.43,19936.11
2018-08-24,28.0,32.3,25.1,34.9,10.2,17.0,88,25.8,1002.6,96,8.7,121,19.07,37934.18
2018-08-25,28.1,31.5,25.0,34.3,4.0,11.0,87,25.5,1001.9,84,10.5,60,14.95,22732.18
2018-08-26,28.3,32.5,25.8,34.8,8.1,11.0,88,25.9,1001.2,82,13.2,340,19.07,37326.61
2018-08-27,28.5,33.3,25.7,35.0,7.0,11.0,87,25.9,1002.0,68,11.4,337,20.12,33346.42
2018-08-28,26.8,28.9,25.8,32.7,24.9,24.0,92,25.4,1002.1,100,11.3,287,6.1,1589.15
2018-08-29,25.9,27.5,24.9,31.3,76.5,24.0,95,25.0,999.4,100,16.6,305,4.33,0.0
2018-08-30,25.7,27.4,24.7,30.8,47.1,23.0,94,24.7,998.3,100,12.8,60,5.13,0.0
2018-08-31,28.0,31.0,25.4,33.0,8.3,10.0,84,25.1,1003.2,99,19.5,137,13.76,19192.05
2018-09-01,28.4,31.9,24.7,34.5,8.7,8.0,86,25.6,1005.2,98,14.2,114,15.09,21956.51
2018-09-02,26.9,29.1,24.9,33.0,21.3,18.0,93,25.6,1003.8,97,12.5,109,6.48,1219.34
2018-09-03,26.0,29.3,24.3,31.4,22.2,18.0,93,24.8,1004.6,89,13.6,109,8.22,5729.66
2018-09-04,27.6,31.5,24.2,33.9,4.3,10.0,88,25.3,1005.3,32,10.7,124,19.73,43200.0
2018-09-05,29.4,33.0,26.0,36.0,0.3,2.0,82,25.8,1004.1,44,11.0,158,20.18,43200.0
2018-09-06,29.6,33.1,26.8,36.7,0.5,4.0,85,26.8,1003.6,87,11.8,128,18.22,42091.84
2018-09-07,28.3,30.6,26.3,34.5,7.2,16.0,86,25.7,1006.3,98,14.5,39,14.75,27678.06
2018-09-08,26.5,29.5,24.4,28.7,0.6,4.0,68,20.1,1009.7,98,20.0,24,17.42,31289.64
2018-09-09,26.2,29.3,24.0,29.2,0.0,0.0,71,20.4,1011.7,75,12.3,33,17.9,37471.08
2018-09-10,27.1,30.8,24.1,31.9,0.0,0.0,78,22.6,1011.9,75,10.2,58,19.99,43200.0
2018-09-11,26.9,29.7,24.3,32.4,6.4,14.0,87,24.4,1009.8,54,11.3,108,17.04,40232.1
2018-09-12,27.5,31.2,24.8,33.3,2.0,11.0,85,24.7,1007.6,64,14.1,122,19.57,42666.22
2018-09-13,28.2,31.6,25.4,33.7,2.4,8.0,80,24.2,1007.2,75,11.2,84,19.37,36000.0
2018-09-14,27.4,30.3,24.3,33.2,3.1,14.0,86,24.8,1008.6,55,13.0,101,17.18,40179.39
2018-09-15,28.6,32.4,25.2,34.4,0.8,5.0,82,25.0,1007.4,18,12.2,316,21.2,42967.23
2018-09-16,29.9,33.7,26.8,34.9,0.3,3.0,75,24.9,1001.0,58,19.6,315,20.29,38785.76
2018-09-17,27.7,29.3,25.0,31.5,5.0,12.0,75,22.6,1000.8,99,18.4,298,7.35,7272.41
2018-09-18,25.5,28.5,23.3,30.5,57.3,24.0,92,24.1,1008.3,100,13.2,94,8.89,4693.16
2018-09-19,25.8,29.0,24.0,31.3,14.6,19.0,92,24.4,1011.5,64,11.8,131,12.46,25140.0
2018-09-20,27.2,31.0,23.9,33.1,0.3,3.0,86,24.5,1010.9,35,9.7,129,18.91,39084.22
2018-09-21,27.3,31.7,23.6,32.7,0.0,0.0,82,23.8,1011.1,59,9.4,128,21.38,36457.7
2018-09-22,27.8,31.5,23.9,33.3,0.0,0.0,81,23.9,1012.6,41,8.3,123,20.59,40138.49
2018-09-23,27.9,31.4,24.1,33.5,0.3,2.0,81,24.0,1012.4,43,8.9,138,20.12,42085.8
2018-09-24,28.1,31.8,24.6,33.6,0.0,0.0,80,24.1,1009.8,5,13.0,144,21.7,42360.88
2018-09-25,28.3,32.0,24.7,33.8,0.6,4.0,84,25.3,1007.0,16,15.0,148,19.09,40910.34
2018-09-26,27.9,30.9,25.5,33.8,15.1,14.0,88,25.6,1007.0,59,11.9,134,15.32,35572.02
2018-09-27,25.3,27.4,24.2,29.9,21.2,22.0,93,24.0,1008.8,100,14.5,31,7.12,1142.28
2018-09-28,23.1,24.0,21.9,25.6,53.4,18.0,89,21.2,1011.8,100,18.3,5,4.12,0.0
2018-09-29,25.7,28.9,23.0,28.5,0.0,0.0,72,20.0,1011.7,53,14.5,7,18.46,39885.95
2018-09-30,25.8,29.7,22.4,28.6,0.0,0.0,72,20.0,1011.5,32,14.9,46,20.31,40562.39
2018-10-01,25.9,30.3,22.7,28.6,0.0,0.0,71,20.0,1013.9,13,13.9,35,20.82,40344.52
2018-10-02,25.4,29.8,21.4,28.1,0.0,0.0,71,19.5,1014.7,20,10.1,34,20.17,40620.62
2018-10-03,25.4,29.6,21.0,28.6,0.0,0.0,72,19.8,1015.2,42,10.8,41,20.67,38893.37
2018-10-04,25.2,29.5,20.9,27.8,0.0,0.0,72,19.4,1015.4,3,12.3,33,21.71,40431.06
2018-10-05,25.2,29.9,20.9,28.4,0.0,0.0,73,19.8,1014.3,1,9.2,36,21.42,40211.98
2018-10-06,25.6,29.9,20.9,29.4,0.1,1.0,78,21.2,1013.6,13,10.6,100,18.28,39992.36
2018-10-07,26.2,30.7,22.1,29.9,0.0,0.0,75,21.1,1013.6,14,15.6,114,19.85,39600.0
2018-10-08,26.1,30.0,22.3,29.4,0.0,0.0,76,21.2,1012.8,29,14.6,132,17.34,37009.99
2018-10-09,26.3,31.0,22.3,30.3,5.2,5.0,78,21.8,1012.4,62,21.9,87,19.41,36227.83
2018-10-10,21.2,22.7,19.9,21.8,13.3,15.0,82,18.0,1017.4,87,22.3,2,5.58,6926.99
2018-10-11,22.6,26.1,19.8,23.5,0.0,0.0,71,16.9,1018.6,84,16.3,3,14.7,26662.91
2018-10-12,23.0,25.9,20.4,24.3,0.0,0.0,70,17.1,1018.3,71,13.8,21,14.03,22290.57
2018-10-13,23.7,28.1,20.2,26.7,0.6,4.0,80,19.9,1015.6,78,13.6,105,12.28,25525.7
2018-10-14,26.5,31.4,22.4,30.2,0.0,0.0,82,22.8,1012.1,69,17.6,160,16.78,38266.35
2018-10-15,26.0,30.5,22.4,30.1,25.2,15.0,87,23.6,1012.2,83,16.8,115,12.78,27979.13
2018-10-16,22.5,24.7,20.5,24.6,11.7,14.0,85,19.8,1013.1,100,14.9,29,6.38,202.92
2018-10-17,20.9,22.0,20.0,22.4,22.4,20.0,88,18.8,1012.5,100,16.4,27,5.7,0.0
2018-10-18,21.4,23.3,19.5,23.3,4.4,15.0,84,18.5,1013.4,98,12.8,19,6.56,2743.85
2018-10-19,22.3,24.5,20.6,25.3,12.6,22.0,91,20.7,1014.6,96,12.6,351,5.49,1432.75
2018-10-20,24.1,26.7,21.9,28.4,9.8,18.0,92,22.6,1015.3,72,10.6,27,9.21,16987.71
2018-10-21,26.0,30.0,23.1,30.6,3.1,9.0,87,23.6,1014.0,61,15.1,144,14.98,34562.75
2018-10-22,25.6,29.2,23.7,30.5,24.6,14.0,91,24.0,1013.7,93,13.6,127,11.87,23956.61
2018-10-23,22.7,24.6,21.0,25.7,37.5,24.0,93,21.6,1014.9,98,17.9,31,7.48,8032.51
2018-10-24,23.3,27.1,20.2,27.0,10.1,18.0,90,21.6,1014.8,90,11.8,50,8.89,14216.18
2018-10-25,26.3,30.5,23.3,30.3,1.7,8.0,83,22.9,1014.2,44,16.5,155,16.28,36696.24
2018-10-26,25.5,29.3,23.9,30.2,7.3,18.0,90,23.6,1016.1,64,12.5,83,12.24,32050.52
2018-10-27,24.2,26.3,22.5,26.9,0.3,3.0,80,20.5,1018.5,76,15.1,19,9.72,18728.69
2018-10-28,24.1,27.3,21.9,27.2,0.3,3.0,81,20.4,1017.7,73,9.8,3,9.61,16407.04
2018-10-29,24.6,28.3,21.9,26.9,0.0,0.0,71,18.9,1016.4,33,11.5,32,18.3,37059.69
2018-10-30,24.1,28.4,20.4,25.3,0.0,0.0,67,17.4,1017.1,9,15.8,20,19.09,39504.08
2018-10-31,23.5,27.3,19.4,23.2,0.0,0.0,58,14.4,1018.1,5,19.3,8,19.37,39475.12
2018-11-01,21.3,26.8,17.2,21.2,0.0,0.0,63,13.6,1016.5,1,17.2,17,19.31,39445.53
2018-11-02,20.8,26.3,16.1,20.9,0.0,0.0,64,13.5,1016.6,4,12.3,28,18.86,39415.28
2018-11-03,21.6,26.8,15.9,23.6,0.0,0.0,76,17.0,1016.2,3,9.4,113,18.57,39384.4
2018-11-04,23.0,28.0,18.8,25.7,0.2,2.0,84,19.9,1014.6,36,15.6,133,13.48,35292.08
2018-11-05,23.9,28.4,20.0,27.2,0.3,3.0,84,20.8,1014.8,28,12.8,115,14.91,36715.32
2018-11-06,24.5,28.6,21.2,28.5,1.4,11.0,86,21.9,1015.3,41,10.5,109,14.05,35888.6
2018-11-07,24.4,27.6,22.6,28.7,6.7,17.0,89,22.4,1015.9,63,11.8,87,10.34,30974.31
2018-11-08,21.5,23.0,19.4,21.7,0.5,5.0,75,16.7,1017.2,74,27.0,13,10.71,29562.45
2018-11-09,20.9,22.9,19.9,22.9,2.8,12.0,82,17.6,1016.1,94,9.0,346,4.65,1147.4
2018-11-10,22.2,25.8,19.5,25.6,9.2,15.0,90,20.4,1015.6,86,7.2,349,8.28,16210.1
2018-11-11,23.0,25.3,21.2,27.3,4.1,14.0,95,22.1,1015.0,93,8.4,45,5.05,5024.79
2018-11-12,23.7,27.7,21.6,28.1,5.5,17.0,91,22.2,1013.4,64,8.7,81,12.11,32321.21
2018-11-13,23.6,26.2,21.8,26.8,2.4,13.0,88,21.4,1012.0,67,15.1,111,8.63,21531.6
2018-11-14,24.4,27.1,22.3,28.1,2.1,9.0,89,22.4,1011.8,72,14.0,135,10.65,30436.88
2018-11-15,25.4,29.1,23.0,29.6,1.4,7.0,88,23.2,1012.3,51,14.3,141,13.95,35929.15
2018-11-16,25.9,29.2,23.7,29.7,3.4,11.0,85,23.1,1012.2,54,15.0,149,12.45,32078.19
2018-11-17,25.2,27.9,23.1,28.9,4.3,9.0,88,23.0,1012.8,60,16.6,131,10.47,27982.93
2018-11-18,25.3,29.4,22.9,29.2,7.5,13.0,88,23.0,1013.7,77,14.2,124,10.9,24307.77
2018-11-19,20.2,21.8,18.2,21.0,3.6,12.0,84,17.3,1016.4,100,18.5,31,4.42,0.0
2018-11-20,24.2,28.3,20.9,27.6,2.0,11.0,85,21.4,1013.9,74,13.6,125,10.18,22984.5
2018-11-21,23.0,27.7,18.4,25.5,13.2,18.0,87,20.8,1015.1,86,25.5,60,9.04,20052.19
2018-11-22,17.4,19.5,15.6,16.7,8.0,10.0,75,12.8,1022.0,90,17.9,10,5.01,4421.91
2018-11-23,18.9,22.4,16.3,19.3,0.0,0.0,72,13.5,1020.6,18,11.0,6,16.68,37873.59
2018-11-24,19.7,24.7,14.6,21.1,0.0,0.0,80,15.9,1018.2,38,8.9,39,13.29,23629.44
2018-11-25,20.9,25.2,18.4,21.9,0.0,0.0,77,16.6,1018.4,34,14.3,13,14.45,36310.36
2018-11-26,20.1,24.7,17.1,20.5,0.0,0.0,74,15.0,1019.0,18,13.4,41,15.45,35066.39
2018-11-27,19.5,24.6,14.9,20.4,0.0,0.0,77,15.1,1019.1,11,9.0,20,15.97,37700.99
2018-11-28,20.3,25.2,14.8,21.7,0.0,0.0,79,16.0,1019.1,23,8.0,2,15.88,36424.74
2018-11-29,20.7,25.2,15.8,22.2,0.0,0.0,78,16.4,1019.9,20,9.4,49,13.8,37208.69
2018-11-30,22.4,26.8,18.2,25.2,0.4,3.0,87,19.8,1017.2,39,12.1,130,10.76,29345.21
2018-12-01,22.8,25.6,21.4,26.1,3.4,8.0,92,21.3,1015.2,74,12.1,127,7.01,13866.85
2018-12-02,24.6,27.8,22.4,27.7,0.2,2.0,87,22.2,1012.6,68,16.7,163,10.37,29920.35
2018-12-03,25.1,28.8,22.5,28.0,0.0,0.0,85,22.1,1013.0,62,18.8,168,10.96,32973.9
2018-12-04,25.3,29.0,23.2,28.7,0.8,5.0,84,22.2,1014.3,65,16.0,148,11.41,30364.2
2018-12-05,24.4,28.0,22.4,27.6,1.4,10.0,87,22.0,1012.8,81,19.5,147,9.83,22948.08
2018-12-06,25.1,29.0,22.6,28.3,0.9,6.0,84,21.9,1012.6,48,15.0,141,13.54,34806.17
2018-12-07,19.3,22.5,16.1,19.2,9.1,18.0,84,16.4,1016.6,95,20.0,40,4.31,0.0
2018-12-08,13.8,15.7,13.1,12.4,22.6,24.0,90,12.1,1020.8,100,20.9,19,2.26,0.0
2018-12-09,12.3,12.7,11.6,10.9,15.0,24.0,91,10.8,1021.5,100,15.5,21,2.48,0.0
2018-12-10,15.1,18.6,11.5,14.7,1.5,8.0,82,12.0,1019.9,90,10.3,27,8.34,16013.6
2018-12-11,13.8,16.0,11.8,11.8,9.5,18.0,80,10.3,1022.3,100,20.4,28,2.59,0.0
2018-12-12,11.5,12.4,10.6,8.6,0.7,7.0,74,6.9,1026.3,99,16.9,15,4.19,1316.77
2018-12-13,12.5,14.9,10.4,10.1,0.1,1.0,71,7.2,1026.4,86,14.1,15,5.4,345.67
2018-12-14,14.7,18.0,11.6,13.1,0.0,0.0,69,8.9,1025.4,98,13.0,14,8.97,16424.24
2018-12-15,16.2,19.8,13.7,15.7,0.0,0.0,75,11.8,1023.7,87,10.6,20,10.24,24096.71
2018-12-16,15.8,19.2,14.1,14.3,0.0,0.0,72,10.7,1024.5,70,17.9,23,7.55,8088.92
2018-12-17,16.5,21.1,12.9,15.6,0.0,0.0,70,10.7,1023.4,2,13.4,14,15.63,36000.0
2018-12-18,16.9,21.7,12.2,16.8,0.0,0.0,74,12.1,1020.5,15,12.5,81,14.71,36000.0
2018-12-19,19.0,24.3,13.8,20.0,0.1,1.0,85,16.3,1016.7,41,14.8,155,9.49,23042.74
2018-12-20,20.9,25.4,17.1,23.1,0.0,0.0,87,18.6,1013.7,62,12.4,179,7.93,14084.78
2018-12-21,22.6,26.3,20.3,25.8,0.1,1.0,90,20.7,1012.6,67,12.1,165,7.1,9940.2
2018-12-22,22.9,26.4,21.4,26.3,3.5,13.0,92,21.5,1014.7,74,11.6,138,7.69,20804.15
2018-12-23,21.0,22.7,19.2,22.2,3.5,13.0,85,18.2,1017.2,84,20.1,43,6.34,11895.0
2018-12-24,19.5,22.5,17.0,19.9,0.1,1.0,75,14.9,1016.7,75,14.8,79,10.8,26068.4
2018-12-25,20.6,24.8,17.0,22.0,0.0,0.0,83,17.5,1012.9,61,15.3,143,11.73,31316.75
2018-12-26,22.3,26.5,18.6,24.8,0.4,4.0,87,19.7,1012.1,79,15.8,150,9.96,25143.2
2018-12-27,18.8,21.1,17.4,19.6,8.7,20.0,90,17.2,1014.3,99,16.0,40,3.4,0.0
2018-12-28,14.9,17.0,12.1,13.7,18.8,24.0,90,13.3,1019.6,100,18.7,25,2.19,0.0
2018-12-29,11.4,13.3,9.8,8.3,3.1,17.0,76,7.2,1025.3,100,19.5,28,3.64,0.0
2018-12-30,8.9,10.5,7.2,5.1,8.5,13.0,75,4.5,1028.6,98,23.4,20,4.32,239.02
2018-12-31,10.0,12.9,7.1,6.5,2.3,3.0,67,3.8,1029.0,92,18.6,16,10.79,29369.88
2019-01-01,10.7,12.3,8.8,7.3,0.0,0.0,62,3.7,1028.5,92,15.8,15,5.01,275.78
2019-01-02,12.5,15.3,10.3,9.8,0.0,0.0,63,5.7,1027.1,99,14.6,8,8.49,12968.61
2019-01-03,13.1,15.2,10.7,11.7,1.8,10.0,79,9.5,1024.8,90,11.5,22,5.43,1297.44
2019-01-04,15.5,17.8,12.6,15.3,0.0,0.0,79,11.9,1022.4,95,9.7,20,5.03,0.0
2019-01-05,18.7,22.4,15.0,19.5,0.6,5.0,82,15.5,1020.5,97,11.1,20,9.26,13644.32
2019-01-06,18.6,22.5,15.5,19.0,1.1,7.0,81,15.2,1020.0,97,13.0,80,7.69,4294.57
2019-01-07,19.0,21.7,16.8,20.5,2.2,14.0,88,17.0,1018.9,99,8.9,84,4.3,0.0
2019-01-08,16.7,18.4,14.4,16.5,9.1,19.0,89,14.9,1018.9,100,18.7,39,3.53,0.0
2019-01-09,13.3,14.4,12.3,12.3,11.4,24.0,91,11.9,1020.6,100,16.1,14,3.09,0.0
2019-01-10,15.4,17.8,13.4,15.9,5.1,19.0,92,14.0,1018.6,100,7.6,6,4.81,0.0
2019-01-11,18.0,21.8,15.8,19.7,0.5,5.0,91,16.4,1017.9,96,7.0,23,6.21,676.66
2019-01-12,19.8,23.3,18.0,21.4,1.0,8.0,89,17.8,1017.3,92,13.1,134,6.93,7179.69
2019-01-13,20.6,24.7,18.1,22.1,0.7,5.0,88,18.4,1016.7,85,16.2,134,6.66,4267.99
2019-01-14,20.6,24.1,18.6,21.9,1.3,10.0,91,19.0,1015.2,69,19.5,128,8.18,14962.54
2019-01-15,18.1,19.9,15.2,17.3,1.6,10.0,81,14.7,1017.6,99,21.9,57,4.95,171.79
2019-01-16,12.7,14.7,11.0,10.2,5.3,18.0,79,9.0,1022.0,90,22.7,15,3.66,0.0
2019-01-17,13.0,18.5,9.5,11.0,0.0,0.0,72,7.9,1023.2,55,15.6,17,11.73,24171.37
2019-01-18,14.9,19.4,11.1,14.2,0.0,0.0,76,10.7,1020.8,72,9.4,89,10.6,14894.99
2019-01-19,18.1,22.9,14.0,19.0,0.1,1.0,84,15.1,1017.6,79,13.1,138,8.48,15056.19
2019-01-20,19.7,23.5,16.0,21.5,4.6,19.0,89,17.7,1017.8,95,21.9,57,6.45,5795.65
2019-01-21,14.1,15.2,12.5,11.8,7.5,13.0,73,9.3,1023.2,100,20.1,25,3.84,3600.0
2019-01-22,15.3,18.9,13.0,13.7,0.0,0.0,60,7.4,1023.6,46,11.4,6,15.13,33175.52
2019-01-23,15.5,20.3,10.3,14.9,0.0,0.0,76,11.0,1020.2,55,9.2,107,12.09,27076.27
2019-01-24,17.2,21.6,12.7,17.1,0.0,0.0,81,13.6,1018.2,55,14.7,135,9.98,22389.98
2019-01-25,19.3,23.4,15.9,21.1,1.1,7.0,87,17.0,1019.5,83,7.6,118,9.69,22964.86
2019-01-26,18.8,22.3,16.1,19.8,2.6,11.0,85,16.1,1022.2,76,12.1,61,8.04,17942.58
2019-01-27,18.0,22.6,13.1,18.1,0.3,3.0,81,14.5,1021.0,40,14.5,141,10.26,24133.63
2019-01-28,18.0,22.7,13.4,18.8,0.1,1.0,87,15.5,1018.9,66,13.6,139,8.53,10092.98
2019-01-29,19.8,24.1,15.9,21.2,0.6,5.0,87,17.4,1018.1,76,12.5,140,8.43,14297.31
2019-01-30,21.1,25.4,18.6,21.9,1.3,7.0,85,18.2,1016.9,56,25.6,156,11.06,28737.93
2019-01-31,20.9,25.5,17.2,22.7,1.9,9.0,86,18.3,1018.4,53,15.2,124,11.08,30651.4
2019-02-01,20.1,24.3,16.6,20.9,0.2,2.0,82,16.7,1019.4,66,17.4,125,9.69,28305.19
2019-02-02,20.0,24.4,15.9,20.9,0.0,0.0,83,16.8,1015.4,63,15.1,153,10.03,20897.88
2019-02-03,21.8,26.4,18.5,23.9,0.2,2.0,85,18.9,1015.0,68,13.4,155,8.49,11927.64
2019-02-04,22.3,26.9,19.6,24.5,1.2,11.0,87,19.8,1016.0,67,17.0,142,10.0,26412.34
2019-02-05,23.0,27.6,19.7,25.6,0.7,5.0,84,19.8,1014.3,66,14.8,153,11.75,26474.12
2019-02-06,23.6,27.8,21.5,25.3,0.4,4.0,83,20.3,1011.1,64,20.6,166,11.22,27226.96
2019-02-07,23.6,29.0,20.7,26.6,0.3,3.0,86,20.9,1010.6,45,17.5,159,15.34,27685.73
2019-02-08,23.8,29.7,20.8,26.8,0.2,2.0,85,20.7,1009.9,43,14.8,138,15.74,30005.04
2019-02-09,24.0,29.1,20.8,26.7,0.2,2.0,83,20.7,1012.2,49,18.8,134,14.26,25739.85
2019-02-10,23.5,27.1,21.5,25.5,2.3,13.0,85,20.6,1016.7,88,22.1,128,7.23,6822.42
2019-02-11,20.1,21.6,18.9,21.0,5.1,16.0,85,17.4,1020.7,100,18.1,60,5.05,0.0
2019-02-12,21.0,25.1,18.2,22.5,1.1,6.0,82,17.8,1021.2,97,13.9,124,7.03,782.16
2019-02-13,22.1,26.0,19.7,23.8,0.7,6.0,87,19.7,1018.8,82,17.9,141,7.2,4759.47
2019-02-14,22.6,26.8,20.1,24.2,2.4,4.0,84,19.4,1016.8,70,20.6,144,9.67,14297.26
2019-02-15,23.2,26.7,20.5,25.0,3.6,9.0,84,20.0,1016.1,89,20.6,147,7.99,7486.13
2019-02-16,23.7,26.3,21.7,26.0,1.4,9.0,86,21.1,1014.1,99,20.3,147,7.33,982.88
2019-02-17,21.9,23.1,21.0,23.6,15.8,17.0,94,20.8,1011.3,100,27.0,131,4.51,0.0
2019-02-18,23.3,27.7,18.8,26.2,1.0,6.0,84,20.3,1009.4,59,14.7,118,14.4,27468.97
2019-02-19,23.9,28.3,20.8,26.4,0.4,4.0,85,21.1,1011.9,73,18.3,111,11.27,21033.11
2019-02-20,25.3,29.6,22.4,28.1,1.1,4.0,84,22.2,1013.6,68,20.7,147,10.79,23791.61
2019-02-21,24.3,30.9,18.2,26.8,1.6,6.0,82,20.7,1013.8,55,25.2,95,13.4,24581.82
2019-02-22,17.8,20.9,15.2,17.7,10.5,12.0,83,14.8,1015.4,93,19.2,46,5.53,736.63
2019-02-23,16.3,17.8,14.2,15.8,9.1,23.0,89,14.5,1014.2,100,18.6,27,3.87,0.0
2019-02-24,15.2,18.1,12.3,14.0,1.2,11.0,75,10.7,1016.7,99,13.4,39,8.85,7999.16
2019-02-25,16.8,20.4,14.1,16.4,0.9,9.0,79,13.0,1016.8,98,13.0,43,9.25,6293.7
2019-02-26,18.4,22.1,15.5,19.4,0.8,8.0,83,15.5,1014.9,89,12.8,107,7.74,237.78
2019-02-27,21.3,26.1,17.6,23.6,0.8,5.0,87,18.8,1012.6,80,13.8,146,9.18,8099.4
2019-02-28,23.1,27.3,19.8,25.6,1.6,10.0,87,20.7,1011.8,83,23.4,147,10.31,16099.09
2019-03-01,23.7,27.8,20.6,26.1,1.7,10.0,87,21.2,1011.7,82,20.1,146,9.19,12463.34
2019-03-02,24.3,27.7,21.5,26.8,0.3,3.0,85,21.5,1008.7,51,19.7,154,9.65,14805.45
2019-03-03,22.5,25.3,20.9,24.6,1.6,10.0,86,19.9,1009.3,81,19.6,79,7.64,10676.51
2019-03-04,23.2,27.1,20.0,25.1,1.3,10.0,83,20.1,1008.2,98,22.2,141,6.52,3200.08
2019-03-05,25.6,30.8,22.6,29.0,0.2,2.0,84,22.4,1006.8,59,15.5,151,11.16,18845.3
2019-03-06,20.7,22.8,17.4,21.2,6.0,18.0,83,17.7,1011.2,93,25.4,40,6.86,589.6
2019-03-07,18.0,20.4,16.3,18.0,4.4,17.0,83,15.1,1014.2,100,14.4,40,5.74,0.0
2019-03-08,18.0,20.6,15.8,18.8,1.5,12.0,84,15.3,1013.4,99,10.0,45,5.72,532.03
2019-03-09,19.4,22.5,17.4,20.0,0.4,4.0,81,16.1,1011.1,97,15.9,37,8.09,4113.27
2019-03-10,18.1,20.5,16.4,17.8,0.4,3.0,74,13.4,1014.2,85,14.4,34,8.65,10923.02
2019-03-11,19.9,24.7,17.1,20.9,0.0,0.0,75,15.1,1014.8,63,9.7,56,14.03,24817.27
2019-03-12,20.4,25.7,15.3,21.6,0.0,0.0,80,16.6,1014.3,35,13.8,126,13.71,23276.18
2019-03-13,22.3,26.8,17.4,24.5,0.4,3.0,83,19.0,1013.5,71,13.7,138,10.32,14135.55
2019-03-14,23.1,26.5,20.1,26.3,7.0,23.0,89,21.0,1015.8,91,17.4,38,7.82,14757.77
2019-03-15,19.1,20.7,17.1,19.1,2.1,13.0,80,15.5,1019.6,100,18.4,26,4.72,0.0
2019-03-16,18.5,20.6,16.8,19.6,1.9,15.0,86,16.1,1018.5,100,9.1,45,5.37,0.0
2019-03-17,19.8,23.1,17.7,21.5,2.8,14.0,89,17.8,1016.7,100,9.5,42,6.39,193.18
2019-03-18,20.0,22.8,18.1,22.0,3.0,14.0,90,18.2,1015.0,99,9.7,42,5.69,0.0
2019-03-19,22.6,26.7,20.1,25.5,4.2,14.0,90,20.9,1011.2,90,20.6,149,5.31,0.0
2019-03-20,24.7,29.6,21.6,28.1,0.7,7.0,87,22.4,1009.0,58,18.0,150,9.77,15865.05
2019-03-21,26.0,31.5,22.3,29.8,0.0,0.0,85,23.0,1007.3,34,15.5,145,14.7,29827.62
2019-03-22,25.8,31.0,22.1,30.1,0.0,0.0,86,23.0,1007.9,25,15.3,120,13.58,23176.92
2019-03-23,20.1,24.3,16.5,20.2,14.0,18.0,83,17.0,1014.4,100,25.5,37,6.22,694.85
2019-03-24,16.7,18.8,14.8,16.5,4.3,13.0,81,13.5,1017.0,100,12.9,32,5.54,0.0
2019-03-25,18.4,22.0,15.6,18.9,0.8,8.0,79,14.7,1016.6,94,11.7,27,9.62,9731.3
2019-03-26,21.4,24.8,18.9,23.8,0.0,0.0,85,18.7,1015.9,94,11.0,126,9.24,4553.57
2019-03-27,23.2,28.0,18.9,25.7,0.2,2.0,86,20.6,1013.8,94,17.1,156,9.06,4706.83
2019-03-28,24.8,28.6,22.2,28.4,0.4,4.0,87,22.4,1009.9,88,15.1,153,9.25,7117.09
2019-03-29,24.4,28.9,22.3,28.3,5.7,8.0,88,22.3,1008.6,65,12.2,124,9.85,13613.42
2019-03-30,25.1,28.9,21.9,28.3,0.8,5.0,84,22.1,1009.7,92,16.8,130,11.56,16082.88
2019-03-31,25.9,29.7,23.5,29.9,2.5,8.0,86,23.4,1011.4,69,17.0,131,14.31,30004.26
2019-04-01,22.0,24.3,19.3,23.8,83.6,18.0,86,19.5,1015.6,98,22.2,37,6.44,3937.69
2019-04-02,22.6,27.4,19.5,25.4,2.6,8.0,87,20.3,1014.2,80,14.2,119,9.7,9765.02
2019-04-03,24.1,27.6,21.6,27.9,3.4,11.0,91,22.4,1013.6,81,15.6,128,10.85,21906.29
2019-04-04,24.1,27.2,22.4,27.8,2.6,10.0,89,22.2,1013.6,91,13.7,114,9.14,13435.58
2019-04-05,22.7,25.9,20.3,25.6,4.9,9.0,87,20.4,1014.3,93,14.7,39,6.46,305.5
2019-04-06,24.5,28.9,21.5,28.0,1.2,8.0,85,21.7,1011.7,69,16.5,154,10.65,16143.23
2019-04-07,26.0,30.3,22.8,30.2,1.2,9.0,87,23.5,1010.3,72,15.5,150,13.64,29325.85
2019-04-08,26.6,30.7,24.2,30.7,0.5,5.0,87,24.1,1007.9,63,18.3,158,11.7,20409.44
2019-04-09,27.9,33.0,24.1,32.5,0.0,0.0,84,24.7,1007.0,30,16.4,153,17.02,35921.53
2019-04-10,27.9,33.2,24.0,33.0,0.2,2.0,85,24.9,1007.1,33,15.8,139,13.87,32809.87
2019-04-11,27.9,32.9,24.2,32.9,0.4,1.0,84,24.8,1006.1,52,16.7,131,13.82,27514.56
2019-04-12,26.1,29.3,23.3,29.9,15.3,10.0,85,23.4,1008.2,92,18.4,117,10.99,22601.23
2019-04-13,27.4,30.8,25.3,32.0,2.2,12.0,87,25.0,1008.5,82,17.2,135,12.51,20681.42
2019-04-14,26.8,30.3,23.3,31.3,25.2,14.0,88,24.6,1009.7,85,20.4,121,12.1,20910.05
2019-04-15,24.0,27.0,21.3,27.2,28.6,17.0,88,21.9,1011.2,98,20.5,51,9.2,10099.97
2019-04-16,23.2,24.0,22.4,26.2,16.5,19.0,88,21.1,1011.4,100,18.6,45,5.99,0.0
2019-04-17,24.8,27.9,22.2,28.6,0.5,5.0,87,22.4,1009.3,93,15.6,135,9.83,6681.05
2019-04-18,28.1,33.4,24.7,33.3,0.6,5.0,87,25.5,1003.3,50,20.6,140,17.15,28324.01
2019-04-19,29.1,34.7,23.9,35.7,0.0,0.0,84,25.9,1000.7,9,13.1,130,21.53,43200.0
2019-04-20,30.0,35.6,25.0,36.6,0.0,0.0,80,26.1,999.8,2,15.6,132,22.49,43200.0
2019-04-21,29.5,34.8,25.4,35.7,0.0,0.0,82,26.0,1002.4,33,14.7,121,17.57,28252.67
2019-04-22,29.5,34.8,26.4,35.3,0.0,0.0,83,26.0,1004.2,12,17.8,148,21.71,42604.58
2019-04-23,28.6,32.6,26.3,33.8,0.3,3.0,85,25.6,1006.5,71,14.7,150,10.14,10582.72
2019-04-24,29.0,33.8,25.9,34.6,0.0,0.0,83,25.7,1006.0,15,17.7,153,21.23,40608.46
2019-04-25,28.6,33.4,25.6,33.8,0.2,2.0,84,25.3,1006.0,33,16.8,140,14.58,31323.91
2019-04-26,28.0,31.4,25.4,32.7,0.6,5.0,84,25.0,1006.9,69,20.1,141,13.08,27464.44
2019-04-27,28.1,31.9,25.8,32.3,4.8,5.0,82,24.6,1007.2,74,23.6,160,15.57,36000.0
2019-04-28,27.9,31.4,25.6,32.3,3.3,8.0,84,24.8,1007.6,58,20.8,150,16.44,35341.06
2019-04-29,28.9,33.9,25.6,34.2,0.3,3.0,81,25.1,1006.3,52,16.8,159,18.82,37581.07
2019-04-30,26.9,31.7,24.1,31.4,14.3,8.0,86,24.4,1006.5,67,18.9,80,11.85,21749.05
2019-05-01,24.4,28.4,20.7,26.8,6.1,6.0,74,19.2,1009.5,53,20.0,44,20.33,35004.74
2019-05-02,24.8,27.6,22.8,28.6,0.2,2.0,82,21.5,1009.9,92,11.9,97,10.68,8147.92
2019-05-03,24.7,26.5,23.2,28.7,4.1,20.0,87,22.3,1011.2,100,10.7,70,7.16,1261.97
2019-05-04,25.8,29.5,22.9,30.5,9.1,11.0,88,23.5,1008.7,90,13.4,78,12.19,16344.93
2019-05-05,28.5,33.1,25.4,34.4,1.1,10.0,85,25.6,1004.7,83,14.3,121,14.4,20364.67
2019-05-06,27.9,31.4,25.7,33.4,12.7,16.0,87,25.5,1004.0,96,13.9,96,12.76,19929.03
2019-05-07,26.2,28.6,24.5,31.1,23.9,22.0,90,24.4,1004.9,100,14.6,105,8.0,1117.02
2019-05-08,24.7,26.5,22.4,28.0,23.5,19.0,88,22.5,1005.6,100,20.0,43,8.29,3900.66
2019-05-09,22.7,25.4,20.8,24.8,2.4,15.0,83,19.6,1007.8,100,13.3,32,6.93,0.0
2019-05-10,24.0,27.4,21.4,26.8,0.5,4.0,80,20.3,1009.6,99,12.4,32,12.84,14852.92
2019-05-11,25.8,29.3,23.2,30.6,1.7,12.0,86,23.3,1009.7,93,14.3,114,11.01,10709.96
2019-05-12,27.6,31.3,24.7,32.2,1.2,9.0,84,24.6,1007.6,78,18.5,144,18.34,41140.92
2019-05-13,28.2,31.4,26.0,33.1,2.0,11.0,84,25.1,1007.0,88,17.0,149,18.55,33734.97
2019-05-14,28.0,30.8,25.9,33.3,5.9,11.0,88,25.7,1005.9,90,18.6,145,17.22,33933.22
2019-05-15,29.5,33.7,26.1,35.1,0.1,1.0,81,25.8,1004.8,58,16.5,159,22.26,43384.37
2019-05-16,30.4,34.6,26.9,36.1,0.0,0.0,77,25.8,1002.8,52,18.9,159,23.32,43634.88
2019-05-17,31.5,36.1,27.1,37.1,0.0,0.0,70,25.3,1000.6,32,18.4,173,25.6,43625.64
2019-05-18,32.5,37.1,28.3,37.9,0.0,0.0,67,25.5,999.1,29,20.6,176,25.66,43878.39
2019-05-19,32.6,37.2,28.5,38.7,0.0,0.0,68,25.9,1000.9,10,18.9,158,25.99,43870.64
2019-05-20,29.3,33.3,25.9,34.3,5.1,11.0,81,25.7,1005.2,68,25.6,47,15.35,29201.25
2019-05-21,25.6,28.8,23.7,29.7,10.3,12.0,84,22.6,1009.0,100,17.1,41,8.29,187.04
2019-05-22,25.7,28.3,23.5,29.6,1.6,11.0,84,22.7,1009.2,93,15.3,22,10.96,14779.8
2019-05-23,27.3,30.8,24.2,32.7,3.1,8.0,84,24.2,1008.3,67,16.1,141,22.05,40292.67
2019-05-24,27.9,31.5,24.5,32.9,7.1,13.0,85,25.0,1005.9,97,15.0,142,17.07,28390.04
2019-05-25,29.4,33.2,26.5,34.8,2.4,2.0,81,25.7,1002.4,77,19.3,150,19.4,34809.2
2019-05-26,30.1,34.2,27.0,36.4,9.2,3.0,79,25.9,1001.5,57,14.8,147,21.0,38877.59
2019-05-27,28.1,30.3,25.5,34.4,12.9,7.0,89,26.0,1003.5,98,12.2,24,10.0,3600.99
2019-05-28,26.8,30.4,24.7,32.6,40.1,23.0,91,25.2,1005.6,100,11.5,74,10.7,7043.21
2019-05-29,25.2,26.6,23.4,29.9,33.2,19.0,91,23.6,1007.0,99,13.0,21,6.27,0.0
2019-05-30,26.7,29.8,23.9,32.1,12.2,24.0,88,24.6,1006.8,96,9.8,76,13.37,21793.96
2019-05-31,25.4,27.4,24.5,30.8,31.2,24.0,95,24.5,1007.0,100,12.0,48,6.29,0.0
2019-06-01,24.7,27.0,23.4,28.9,35.3,24.0,91,23.1,1006.9,100,14.2,8,8.29,4807.14
2019-06-02,26.3,29.8,22.7,30.9,0.4,2.0,81,22.5,1006.6,81,10.0,265,17.3,24135.41
2019-06-03,28.3,32.1,24.6,34.0,2.1,6.0,83,25.0,1005.3,82,12.5,151,18.09,35047.0
2019-06-04,28.8,32.1,25.9,34.8,8.1,12.0,84,25.7,1004.9,89,16.6,133,17.69,37776.93
2019-06-05,30.1,34.1,27.3,35.7,0.2,2.0,79,25.9,1004.3,92,19.0,163,19.25,41605.73
2019-06-06,30.3,34.2,28.0,36.4,1.2,2.0,81,26.6,1005.7,96,16.7,156,18.94,29139.24
2019-06-07,29.6,32.1,27.9,35.6,1.4,4.0,86,26.9,1006.8,98,17.1,156,13.11,19779.97
2019-06-08,30.6,34.6,27.6,36.4,0.0,0.0,79,26.5,1004.6,91,18.6,168,21.79,40604.35
2019-06-09,31.6,35.9,28.1,37.2,0.0,0.0,74,26.3,1001.0,90,18.2,170,24.3,43820.55
2019-06-10,32.0,36.1,28.0,38.7,1.1,1.0,72,26.3,999.3,98,18.4,152,22.34,42614.28
2019-06-11,31.0,35.3,27.1,38.0,4.9,2.0,80,26.9,1000.9,96,13.5,17,19.94,32683.5
2019-06-12,31.4,35.6,27.5,39.3,0.3,1.0,81,27.5,1000.9,98,13.8,69,21.88,37571.26
2019-06-13,30.3,33.4,27.3,37.3,0.5,2.0,83,27.1,1001.4,98,11.6,33,16.37,23819.42
2019-06-14,28.9,31.1,26.6,35.6,10.6,9.0,89,26.8,1001.8,97,12.1,61,10.25,6016.82
2019-06-15,29.9,32.6,27.4,36.5,0.6,4.0,83,26.7,1000.9,99,12.8,92,11.58,1868.74
2019-06-16,31.8,36.4,28.4,38.9,1.2,2.0,76,26.7,999.9,99,14.0,151,21.96,36564.07
2019-06-17,30.1,33.7,27.1,36.7,16.5,7.0,82,26.5,1002.1,100,15.6,127,17.22,22819.11
2019-06-18,28.1,31.4,25.7,34.8,24.3,20.0,90,26.4,1004.1,98,11.0,118,13.48,17833.28
2019-06-19,29.4,33.0,26.3,36.2,6.2,10.0,86,26.7,1004.0,95,13.8,134,17.78,41980.28
2019-06-20,31.2,35.2,27.8,37.8,0.1,1.0,78,26.8,1003.0,78,17.5,161,22.8,43726.59
2019-06-21,32.3,36.7,28.8,38.6,0.0,0.0,74,26.7,1001.4,43,19.3,169,25.98,45473.74
2019-06-22,32.7,37.4,29.3,39.5,0.0,0.0,73,27.1,1000.1,70,18.7,164,26.36,45204.29
2019-06-23,32.1,35.5,29.2,39.6,5.3,2.0,78,27.6,1000.8,92,15.5,133,20.44,34307.66
2019-06-24,27.7,29.3,26.7,34.1,54.7,14.0,91,26.0,1004.0,97,13.3,75,6.13,0.0
2019-06-25,30.0,34.4,26.8,37.0,28.9,4.0,83,26.6,1003.4,92,11.5,103,18.32,35863.05
2019-06-26,30.8,35.4,27.1,38.3,3.5,3.0,83,27.2,1000.5,95,11.2,173,20.49,35614.33
2019-06-27,31.7,35.4,28.0,38.4,0.0,0.0,76,26.6,996.6,98,13.9,179,21.17,39415.93
2019-06-28,32.6,36.2,29.3,38.5,0.0,0.0,68,25.8,996.1,62,13.8,187,24.35,44946.39
2019-06-29,32.7,36.8,28.1,39.2,1.6,3.0,69,26.1,997.7,96,13.6,208,24.65,43200.0
2019-06-30,29.1,32.3,26.7,35.3,5.8,9.0,84,26.0,1001.0,99,14.5,334,16.16,26669.21
2019-07-01,29.3,32.7,27.2,35.5,3.6,6.0,84,26.2,1001.3,98,16.1,315,15.59,20793.97
2019-07-02,28.8,31.4,26.0,35.1,36.0,17.0,87,26.2,1001.0,92,16.2,333,18.06,43200.0
2019-07-03,29.3,33.0,26.5,34.3,44.7,16.0,83,26.0,997.9,98,28.0,345,15.48,26764.61
2019-07-04,28.3,30.8,26.4,32.1,15.5,16.0,85,25.3,997.1,97,30.3,93,14.54,29588.82
2019-07-05,30.1,34.0,26.7,36.4,0.7,3.0,79,25.9,1000.8,97,13.5,156,23.51,36246.67
2019-07-06,31.1,34.6,27.2,37.7,0.0,0.0,76,26.1,999.7,99,11.8,200,23.36,43931.54
2019-07-07,31.5,34.5,28.7,37.5,0.0,0.0,73,25.8,999.4,100,13.8,183,17.21,19373.47
2019-07-08,32.2,35.9,28.8,38.2,0.0,0.0,70,25.9,999.7,98,15.3,191,23.17,41605.47
2019-07-09,30.7,34.4,27.0,36.5,4.9,4.0,76,25.8,1000.2,99,17.8,318,14.93,17931.26
2019-07-10,27.4,30.7,24.8,32.9,28.1,17.0,85,24.5,1002.9,95,11.0,65,12.0,8952.56
2019-07-11,28.7,32.2,25.5,34.6,6.6,9.0,85,25.7,1004.0,99,12.0,158,12.34,18598.13
2019-07-12,30.9,34.2,28.3,36.7,0.0,0.0,76,26.1,1002.6,99,13.8,175,15.92,26306.06
2019-07-13,31.7,35.7,28.4,38.4,0.2,1.0,75,26.5,1000.8,100,13.2,200,21.6,37491.13
2019-07-14,29.7,31.5,27.9,36.8,0.1,1.0,84,26.7,1000.3,100,10.5,350,10.81,1505.96
2019-07-15,29.2,34.4,26.6,36.2,6.7,8.0,87,26.5,1000.7,98,13.2,90,17.43,25475.18
2019-07-16,29.4,32.7,25.6,36.4,1.0,8.0,86,26.8,1002.1,82,12.9,111,16.95,30096.26
2019-07-17,30.4,34.3,26.7,37.3,1.9,7.0,82,26.7,1001.5,52,15.0,134,24.03,43946.7
2019-07-18,31.2,34.9,27.7,38.4,0.0,0.0,80,27.2,999.7,91,12.4,155,20.39,38599.03
2019-07-19,32.0,36.0,28.2,39.9,2.0,3.0,78,27.5,999.3,98,14.3,130,24.71,43200.0
2019-07-20,30.9,34.2,27.9,38.0,3.2,5.0,79,26.7,1002.1,98,13.4,92,19.65,40400.86
2019-07-21,30.7,34.2,27.7,37.9,0.4,1.0,83,27.2,1002.8,94,13.4,129,17.4,35285.32
2019-07-22,30.4,33.6,28.2,37.4,6.4,2.0,82,26.9,1001.5,93,13.7,152,17.17,28040.19
2019-07-23,29.0,30.7,27.6,35.6,8.3,9.0,86,26.3,1000.9,98,14.0,145,10.82,11779.87
2019-07-24,27.9,30.2,26.1,34.5,8.2,10.0,90,26.1,1002.2,98,10.6,41,11.47,5738.59
2019-07-25,27.3,29.6,25.6,33.8,7.8,14.0,91,25.6,1004.8,96,9.4,56,10.37,3748.53
2019-07-26,28.3,31.4,25.3,34.9,7.8,9.0,87,25.9,1004.4,55,10.5,122,19.49,42786.28
2019-07-27,29.9,33.2,26.9,36.9,0.3,3.0,83,26.5,1003.2,38,12.5,142,22.95,43755.23
2019-07-28,29.7,32.5,26.9,36.4,4.0,11.0,83,26.4,1003.8,72,14.2,144,22.08,43504.56
2019-07-29,28.4,31.3,25.1,34.6,34.3,18.0,88,26.0,1003.9,75,11.8,125,16.21,34401.21
2019-07-30,27.6,31.0,25.0,33.8,23.1,16.0,88,25.4,1003.2,95,10.9,70,13.87,21094.69
2019-07-31,27.7,30.7,25.0,33.8,25.8,13.0,88,25.5,1002.2,85,12.0,323,16.34,31433.34
2019-08-01,28.1,31.5,25.7,34.0,20.3,13.0,88,25.9,999.4,90,14.0,305,10.08,6999.44
2019-08-02,27.8,32.0,25.4,32.9,40.4,12.0,86,25.2,996.9,99,19.1,293,13.42,12772.79
2019-08-03,26.2,27.4,25.5,28.8,137.0,24.0,91,24.7,994.2,100,33.5,348,2.58,0.0
2019-08-04,26.6,29.2,24.8,31.7,18.4,20.0,91,25.1,999.8,99,18.7,81,10.68,9384.24
2019-08-05,26.8,29.8,24.7,32.7,13.3,18.0,89,24.9,1002.6,98,8.5,52,14.2,22314.55
2019-08-06,28.6,32.0,25.1,35.2,4.6,13.0,84,25.4,1003.0,57,7.9,171,21.27,40785.14
2019-08-07,30.2,33.9,26.4,37.9,0.2,2.0,83,26.9,1000.4,25,12.2,153,22.89,43378.67
2019-08-08,29.9,32.9,27.9,37.6,17.7,14.0,86,27.3,999.1,68,10.7,159,17.52,43200.0
2019-08-09,29.3,33.4,26.0,36.4,2.7,6.0,85,26.3,999.8,93,9.8,337,22.48,40974.48
2019-08-10,29.9,33.4,26.9,37.3,2.0,3.0,85,26.9,999.8,30,11.4,136,22.16,43200.0
2019-08-11,30.5,34.3,27.4,37.9,1.1,3.0,81,26.8,1000.0,47,12.2,167,22.54,43158.0
2019-08-12,31.3,35.2,27.8,38.9,0.0,0.0,80,27.3,1000.3,88,11.9,191,21.71,43200.0
2019-08-13,31.9,35.9,28.7,38.8,0.0,0.0,74,26.4,1000.0,35,10.1,227,24.49,43200.0
2019-08-14,31.4,35.8,27.8,38.2,2.0,2.0,75,26.2,1000.9,60,17.6,293,23.91,43200.0
2019-08-15,30.4,35.2,26.8,37.6,10.4,2.0,81,26.6,1001.3,71,18.9,338,23.32,43200.0
2019-08-16,28.3,31.3,26.6,34.9,16.9,13.0,89,26.2,1001.2,94,10.5,74,14.35,24836.74
2019-08-17,28.0,31.6,25.5,34.6,28.4,20.0,89,26.0,1002.9,99,10.5,107,15.66,22282.61
2019-08-18,29.0,32.4,26.3,35.8,1.5,7.0,86,26.4,1002.7,97,10.8,168,16.8,28946.62
2019-08-19,29.1,32.1,26.6,36.3,8.4,9.0,88,26.8,1002.2,88,10.8,53,18.13,36825.7
2019-08-20,27.5,30.3,24.5,33.8,16.5,13.0,89,25.4,1003.2,91,13.3,39,14.53,18602.12
2019-08-21,26.8,29.1,25.4,33.3,15.2,22.0,92,25.4,1004.4,98,8.0,46,9.91,13087.07
2019-08-22,26.5,29.5,24.6,32.6,39.1,20.0,92,25.0,1005.6,94,11.4,70,11.47,14164.87
2019-08-23,26.8,30.5,24.8,32.7,26.1,19.0,91,25.1,1007.1,85,13.7,329,14.46,26686.92
2019-08-24,27.6,32.6,25.2,34.0,4.4,7.0,89,25.5,1005.5,67,15.0,310,20.08,36000.0
2019-08-25,29.4,33.5,25.4,36.5,0.4,3.0,85,26.3,1003.4,89,11.2,234,22.82,43200.0
2019-08-26,28.8,31.7,25.9,35.3,1.9,4.0,87,26.4,1002.5,94,12.0,135,11.54,11580.41
2019-08-27,28.1,30.9,26.4,34.4,5.0,11.0,89,26.0,1004.4,84,14.0,87,16.66,40875.54
2019-08-28,28.0,31.2,25.8,34.4,6.1,17.0,88,25.7,1006.6,79,8.7,107,15.75,32525.79
2019-08-29,29.8,34.2,26.1,35.6,12.0,5.0,81,26.1,1003.0,78,19.1,4,21.33,36671.52
2019-08-30,26.4,27.9,24.9,31.1,64.1,24.0,92,24.9,1003.4,99,18.4,68,6.71,2684.21
2019-08-31,26.1,28.5,24.5,31.3,15.0,21.0,90,24.3,1005.3,100,14.5,66,10.16,7365.3
2019-09-01,26.1,28.8,24.5,31.3,27.0,21.0,90,24.4,1006.4,93,12.3,30,7.61,7783.1
2019-09-02,27.5,30.9,25.2,30.9,2.4,10.0,77,23.0,1005.8,53,22.5,7,20.24,39600.0
2019-09-03,27.7,31.4,25.1,31.3,0.8,4.0,77,23.2,1004.8,76,21.0,5,18.4,30375.36
2019-09-04,27.7,29.8,26.6,32.1,5.0,8.0,80,23.8,1003.1,96,17.3,347,8.06,3513.36
2019-09-05,29.1,32.8,26.2,34.7,1.3,4.0,79,24.9,1002.6,43,12.2,348,20.14,42427.76
2019-09-06,29.3,33.4,25.2,36.1,0.0,0.0,82,25.7,1002.6,24,11.0,126,22.71,43200.0
2019-09-07,29.6,33.5,26.4,35.9,1.9,4.0,82,26.1,1003.1,16,15.0,152,21.78,43200.0
2019-09-08,29.4,33.3,26.8,36.0,22.9,9.0,86,26.6,1002.5,76,16.3,130,14.75,25508.92
2019-09-09,28.4,32.9,26.2,35.0,36.3,12.0,89,26.3,1001.9,100,14.3,112,10.81,4339.69
2019-09-10,27.8,29.8,25.6,34.1,36.2,16.0,92,26.3,1004.7,99,15.5,112,6.99,1534.47
2019-09-11,27.2,30.0,25.1,33.3,23.4,19.0,90,25.4,1009.8,79,14.0,113,15.19,34470.88
2019-09-12,27.5,30.5,24.8,33.7,4.2,16.0,87,25.2,1010.0,61,7.8,128,17.26,39551.14
2019-09-13,28.4,32.1,25.0,34.8,0.2,2.0,84,25.1,1008.2,26,9.5,131,20.96,43094.96
2019-09-14,28.5,32.6,25.0,35.0,0.0,0.0,83,25.1,1008.3,49,9.0,135,22.17,39439.01
2019-09-15,28.7,32.5,24.7,35.4,0.3,2.0,83,25.4,1007.8,48,9.0,119,21.05,42983.4
2019-09-16,28.2,31.7,24.9,34.7,3.9,11.0,86,25.5,1007.6,54,11.0,70,19.9,41636.92
2019-09-17,28.6,32.3,25.5,35.3,1.7,8.0,86,25.9,1009.0,27,10.7,25,20.35,42403.84
2019-09-18,27.2,29.0,25.5,33.5,42.9,19.0,91,25.6,1011.3,76,13.5,342,13.23,26447.46
2019-09-19,26.7,30.8,24.7,32.6,20.7,17.0,90,24.9,1012.2,66,11.5,347,14.8,28024.7
2019-09-20,27.4,30.8,24.7,32.9,1.7,9.0,84,24.4,1010.9,38,11.0,357,20.19,42240.11
2019-09-21,27.2,30.6,24.4,29.5,0.0,0.0,66,20.2,1012.0,20,19.0,14,20.98,42514.99
2019-09-22,26.3,30.0,23.0,28.0,0.0,0.0,63,18.5,1015.1,62,18.4,21,22.6,41313.49
2019-09-23,25.0,29.8,21.2,26.9,0.0,0.0,67,18.2,1017.3,24,14.1,30,23.28,42529.24
2019-09-24,25.2,30.3,20.5,27.5,0.0,0.0,67,18.4,1017.8,1,10.4,20,23.05,42471.46
2019-09-25,25.9,30.9,20.6,28.9,0.0,0.0,70,19.5,1017.6,21,9.5,12,22.56,42138.11
2019-09-26,25.8,30.7,21.1,28.9,0.0,0.0,72,20.1,1017.2,52,11.9,12,19.26,35166.49
2019-09-27,26.1,30.6,22.0,28.5,0.0,0.0,65,18.7,1016.9,16,10.8,8,19.88,41703.84
2019-09-28,26.3,31.5,21.2,29.8,0.0,0.0,72,20.3,1015.5,4,7.9,337,22.41,41733.31
2019-09-29,26.6,31.9,21.5,30.2,0.0,0.0,73,20.9,1013.8,1,10.8,277,22.54,41515.98
2019-09-30,27.2,32.3,21.8,31.3,0.0,0.0,72,21.3,1010.5,1,13.2,168,22.43,41298.42
2019-10-01,27.3,32.7,22.0,30.7,0.0,0.0,71,20.9,1009.6,1,16.1,143,22.1,41080.53
2019-10-02,27.2,31.4,24.0,32.4,2.6,9.0,84,24.1,1010.0,46,12.2,141,15.8,39575.29
2019-10-03,26.4,30.0,23.7,31.2,7.9,12.0,86,23.8,1010.5,85,11.5,134,9.86,11334.95
2019-10-04,26.2,29.7,23.5,31.1,10.6,14.0,88,24.0,1010.4,92,11.5,139,10.61,10934.99
2019-10-05,26.3,30.3,23.9,31.6,7.2,15.0,88,24.0,1011.9,61,12.0,121,14.64,32408.04
2019-10-06,26.6,30.5,23.7,32.0,1.3,8.0,86,23.9,1013.1,22,12.7,3,17.56,39149.6
2019-10-07,26.5,30.8,23.3,31.6,6.4,8.0,86,23.7,1013.3,48,14.1,6,16.97,37508.97
2019-10-08,24.9,27.8,23.5,29.4,25.1,21.0,91,23.3,1014.4,98,14.7,25,8.03,8239.91
2019-10-09,24.8,27.3,23.1,29.7,10.4,16.0,92,23.4,1013.6,84,9.6,313,10.09,16106.77
2019-10-10,26.2,30.0,23.2,31.0,3.2,7.0,86,23.6,1011.9,39,13.0,132,16.26,36897.74
2019-10-11,26.9,30.7,24.2,31.9,1.7,6.0,87,24.4,1010.8,36,16.7,148,16.54,39600.0
2019-10-12,27.1,31.1,24.4,32.4,1.5,5.0,85,24.3,1011.1,49,13.4,138,17.47,37566.33
2019-10-13,26.5,30.2,24.3,31.2,3.8,9.0,85,23.7,1013.7,61,13.7,45,14.05,37435.98
2019-10-14,25.4,29.2,23.1,28.0,5.6,9.0,78,21.1,1017.1,44,18.2,36,15.99,37314.51
2019-10-15,24.5,27.0,22.1,27.2,5.1,12.0,80,20.7,1018.4,65,16.1,18,12.29,26491.76
2019-10-16,25.6,29.3,22.4,29.5,0.6,6.0,81,21.8,1017.1,48,13.2,66,15.7,35756.6
2019-10-17,24.8,29.0,22.6,29.3,29.4,18.0,89,22.8,1016.6,62,15.8,43,12.3,30017.2
2019-10-18,22.8,25.5,21.3,24.0,1.3,4.0,76,18.2,1018.1,61,16.0,357,11.19,20132.74
2019-10-19,24.0,28.2,20.6,26.6,0.0,0.0,76,19.3,1017.4,9,11.9,350,19.16,39600.0
2019-10-20,24.8,28.4,21.3,28.6,0.7,5.0,84,21.6,1015.6,22,11.2,125,15.53,39347.44
2019-10-21,25.3,28.8,22.5,29.4,2.2,12.0,86,22.7,1012.2,26,15.8,138,15.38,37714.03
2019-10-22,26.7,31.4,23.4,30.1,0.0,0.0,81,22.9,1008.5,31,20.2,163,17.05,38998.11
2019-10-23,26.4,30.4,23.3,30.3,7.9,16.0,86,23.7,1008.8,65,19.9,119,13.33,34922.18
2019-10-24,22.0,23.3,21.0,23.8,37.6,17.0,88,19.8,1014.0,99,18.6,19,5.97,4028.77
2019-10-25,23.3,27.4,21.2,26.5,0.3,3.0,84,20.5,1015.6,82,11.8,6,9.19,19044.81
2019-10-26,24.3,27.9,21.7,28.2,0.1,1.0,87,21.9,1015.5,58,10.0,66,8.57,12765.29
2019-10-27,25.3,28.6,22.9,28.8,1.6,10.0,85,22.4,1013.7,67,17.9,110,12.33,35363.81
2019-10-28,21.3,23.4,19.3,22.0,2.8,10.0,81,17.8,1016.4,92,24.6,24,5.82,0.0
2019-10-29,21.7,26.3,17.8,22.5,0.0,0.0,71,15.8,1017.4,20,16.9,5,19.09,39539.68
2019-10-30,21.0,26.3,17.1,21.1,0.0,0.0,66,14.1,1016.8,54,13.8,12,19.53,39510.93
2019-10-31,21.4,25.4,16.9,21.5,0.0,0.0,64,14.3,1016.0,98,17.0,13,12.82,23426.76
2019-11-01,20.4,22.1,18.8,21.9,17.8,20.0,87,18.0,1015.8,100,13.4,332,4.29,0.0
2019-11-02,21.9,24.7,19.8,24.2,10.6,17.0,89,20.0,1014.9,91,12.9,314,8.01,11849.65
2019-11-03,23.8,28.3,21.0,26.4,0.3,3.0,82,20.3,1015.0,56,13.2,345,12.99,29408.45
2019-11-04,23.3,26.4,20.8,24.0,0.0,0.0,67,16.7,1016.1,18,16.9,18,16.23,39248.7
2019-11-05,21.7,25.9,18.0,22.5,0.0,0.0,68,15.4,1014.1,1,13.0,19,18.58,39327.72
2019-11-06,22.1,26.9,17.2,24.0,0.0,0.0,77,17.4,1011.7,35,8.7,93,17.32,38294.99
2019-11-07,22.7,26.1,19.9,23.3,0.0,0.0,68,16.3,1015.4,57,19.5,30,16.05,39262.97
2019-11-08,21.4,25.3,18.3,21.7,0.0,0.0,66,14.8,1018.3,34,15.4,30,17.56,39229.98
2019-11-09,20.9,25.5,16.8,21.9,0.0,0.0,71,15.0,1017.6,50,11.8,32,18.34,39196.62
2019-11-10,21.0,26.4,16.6,22.1,0.0,0.0,75,16.0,1016.3,51,10.9,346,17.95,39162.9
2019-11-11,21.5,27.1,16.2,23.3,0.0,0.0,78,17.0,1013.2,76,9.7,342,17.9,39128.84
2019-11-12,22.8,27.0,18.2,25.5,0.0,0.0,81,19.3,1013.3,59,8.9,74,10.74,22015.1
2019-11-13,23.8,28.5,21.5,26.8,18.5,19.0,89,21.7,1017.4,81,23.3,40,9.69,23677.11
2019-11-14,20.7,22.7,19.1,20.6,0.0,0.0,70,14.9,1020.4,76,19.5,15,6.07,4080.01
2019-11-15,21.4,25.7,16.4,23.3,0.0,0.0,80,17.7,1015.3,31,12.8,143,12.5,28929.95
2019-11-16,23.7,27.5,20.2,26.0,0.0,0.0,84,20.6,1012.0,37,20.2,165,11.16,26567.97
2019-11-17,25.5,29.7,23.2,28.7,0.3,3.0,83,22.2,1010.7,67,18.8,164,11.42,26432.86
2019-11-18,22.5,27.1,17.5,23.9,8.9,16.0,82,19.1,1016.2,68,30.7,51,11.39,30887.57
2019-11-19,17.1,19.4,15.9,16.6,1.7,6.0,78,13.1,1020.0,76,16.3,2,6.11,6021.89
2019-11-20,19.5,23.5,16.9,20.2,0.4,3.0,76,15.0,1019.2,71,10.2,5,11.07,20785.11
2019-11-21,19.9,24.5,16.6,21.4,0.1,1.0,82,16.6,1018.8,40,9.7,14,12.53,29392.56
2019-11-22,21.1,26.1,17.3,22.8,0.0,0.0,81,17.4,1016.7,30,14.0,146,13.78,31601.45
2019-11-23,22.7,27.2,18.7,25.0,0.1,1.0,84,19.5,1014.8,53,14.2,138,10.92,28925.23
2019-11-24,23.2,27.2,20.6,26.1,0.8,5.0,87,20.8,1015.8,46,16.3,135,12.08,34639.28
2019-11-25,23.0,27.5,19.4,25.0,0.2,2.0,77,18.4,1018.9,24,17.8,38,15.11,37380.76
2019-11-26,20.9,24.9,17.1,21.8,0.0,0.0,73,15.7,1019.1,46,16.2,37,10.36,23589.89
2019-11-27,22.1,25.2,19.9,23.9,2.0,13.0,82,18.7,1018.9,98,21.9,38,6.19,7830.56
2019-11-28,18.4,21.0,16.1,17.1,1.3,6.0,66,11.9,1021.9,78,23.5,16,10.08,20035.36
2019-11-29,19.3,22.7,16.7,19.0,0.0,0.0,65,12.3,1020.6,64,12.6,57,13.65,23815.55
2019-11-30,20.0,23.1,16.9,21.5,0.5,3.0,82,16.7,1018.0,81,9.8,69,6.81,5708.75
2019-12-01,19.2,21.8,16.1,18.8,6.5,21.0,79,15.3,1018.9,98,23.6,39,5.39,2478.5
2019-12-02,17.0,19.9,15.2,13.8,0.0,0.0,51,6.7,1024.4,60,20.9,17,11.5,31615.62
2019-12-03,15.6,20.2,12.4,13.1,0.0,0.0,52,5.4,1024.2,3,15.4,27,16.52,37293.39
2019-12-04,16.3,21.6,11.6,13.6,0.0,0.0,51,5.6,1024.6,31,17.1,17,16.65,37314.63
2019-12-05,16.9,22.1,12.7,13.3,0.0,0.0,43,3.9,1026.0,5,20.9,13,17.01,37335.42
2019-12-06,15.8,20.6,11.6,12.3,0.0,0.0,43,3.0,1028.0,8,21.8,8,17.18,37356.0
2019-12-07,14.5,20.7,10.3,11.7,0.0,0.0,50,3.8,1026.4,22,15.9,11,17.34,37376.61
2019-12-08,14.2,20.8,8.6,11.8,0.0,0.0,52,3.9,1025.1,3,11.2,355,17.15,37397.22
2019-12-09,15.0,21.7,8.7,13.0,0.0,0.0,57,5.6,1022.0,10,10.9,1,16.9,36872.56
2019-12-10,15.1,22.0,8.1,13.4,0.0,0.0,63,7.1,1018.9,0,12.5,18,16.91,36892.59
2019-12-11,15.9,22.5,9.5,14.2,0.0,0.0,58,6.5,1018.8,0,9.6,342,16.79,36912.5
2019-12-12,16.3,23.4,9.2,15.4,0.0,0.0,69,9.8,1019.2,5,14.4,53,16.34,36659.1
2019-12-13,18.8,24.3,14.6,19.5,0.0,0.0,80,14.9,1020.6,57,10.0,131,12.33,27311.76
2019-12-14,19.7,24.2,15.0,21.5,0.2,2.0,86,17.1,1019.6,68,10.7,102,8.96,17900.91
2019-12-15,22.0,27.4,17.9,24.1,0.6,6.0,85,18.9,1016.8,65,15.0,154,9.28,20712.38
2019-12-16,21.9,27.0,17.6,23.8,0.1,1.0,84,18.7,1015.5,70,14.0,159,8.75,16935.35
2019-12-17,22.3,26.4,19.1,24.7,0.7,5.0,87,19.7,1015.6,77,17.1,155,5.32,313.08
2019-12-18,23.1,26.5,20.2,26.1,2.0,8.0,88,21.0,1015.8,62,15.3,134,11.19,34921.69
2019-12-19,19.9,21.5,18.2,20.2,8.5,10.0,80,16.1,1017.6,100,20.8,45,5.19,0.0
2019-12-20,16.4,17.6,15.5,15.6,2.3,12.0,79,12.6,1018.3,100,13.4,19,2.84,0.0
2019-12-21,16.5,17.8,15.3,17.0,3.5,17.0,90,14.8,1016.7,95,9.7,26,3.3,2033.03
2019-12-22,16.6,18.6,15.0,16.7,3.8,13.0,86,14.1,1015.8,100,13.2,36,4.98,94.59
2019-12-23,19.2,23.5,16.7,21.3,2.0,13.0,90,17.6,1013.6,91,10.8,49,6.47,8548.07
2019-12-24,21.3,24.2,19.7,23.6,6.0,15.0,92,19.9,1015.2,83,16.6,130,6.4,12183.27
2019-12-25,22.7,27.7,20.1,24.4,0.4,2.0,84,19.6,1012.6,71,19.8,156,10.74,25415.7
2019-12-26,19.8,25.0,16.3,19.9,4.8,13.0,82,16.4,1016.5,87,28.1,52,6.21,7748.1
2019-12-27,14.7,15.7,13.7,13.2,2.4,10.0,72,9.7,1021.2,92,15.7,15,3.22,0.0
2019-12-28,16.7,19.6,14.4,16.2,0.0,0.0,68,10.6,1019.2,94,7.4,2,7.3,6337.02
2019-12-29,18.9,23.4,15.0,19.8,0.0,0.0,77,14.7,1017.5,57,8.4,312,12.16,23347.44
2019-12-30,20.0,24.5,15.7,21.8,0.2,2.0,83,16.9,1019.4,54,7.4,323,9.06,15783.63
2019-12-31,20.5,23.9,18.1,21.6,0.4,4.0,78,16.5,1023.1,79,14.8,22,8.7,20117.37
2020-01-01,20.0,23.1,18.5,21.9,6.4,12.0,88,17.8,1023.7,83,9.2,131,6.57,14997.99
2020-01-02,21.2,25.5,18.6,23.0,0.4,4.0,84,18.2,1022.1,75,15.0,142,6.95,12400.42
2020-01-03,21.5,25.2,19.6,23.5,1.9,11.0,87,19.1,1020.1,82,16.3,129,5.58,8774.27
2020-01-04,21.2,24.0,19.2,22.7,3.2,15.0,88,19.0,1018.2,77,18.1,122,5.72,7359.54
2020-01-05,21.5,25.8,18.7,22.8,1.7,8.0,86,19.0,1017.1,80,18.7,129,8.58,17747.66
2020-01-06,22.0,26.1,20.0,23.4,1.6,10.0,86,19.5,1015.8,67,23.3,149,8.25,22301.12
2020-01-07,22.4,27.2,20.1,25.1,6.0,8.0,87,20.0,1015.8,62,11.7,139,8.59,19736.26
2020-01-08,22.7,26.8,19.9,24.5,0.9,6.0,84,19.5,1016.3,82,17.8,141,10.58,33194.04
2020-01-09,23.1,27.3,19.6,25.0,0.2,2.0,82,19.5,1014.5,63,15.0,151,10.46,30994.71
2020-01-10,23.4,27.4,20.5,24.9,0.2,2.0,79,19.3,1012.9,61,19.4,167,11.39,28914.9
2020-01-11,20.5,27.0,15.0,21.4,4.3,12.0,83,17.3,1014.1,78,26.3,81,11.21,28437.34
2020-01-12,15.6,18.8,13.2,14.5,2.1,10.0,73,10.7,1017.9,90,15.4,26,7.35,11042.1
2020-01-13,18.3,21.7,15.5,18.9,0.6,4.0,80,14.6,1015.4,96,11.3,110,5.96,2753.0
2020-01-14,20.6,23.9,18.0,22.4,1.8,9.0,88,18.4,1014.4,70,20.6,145,5.72,7200.0
2020-01-15,21.8,25.3,19.2,22.6,1.1,6.0,84,18.8,1013.0,51,26.8,157,8.42,14527.85
2020-01-16,20.8,25.8,15.9,21.8,5.7,17.0,85,18.1,1015.1,77,20.5,91,9.66,24523.0
2020-01-17,15.6,17.4,13.5,14.4,3.0,13.0,79,11.9,1019.5,100,16.1,38,5.24,580.58
2020-01-18,16.4,19.2,14.5,16.6,2.8,18.0,86,14.0,1017.7,100,10.5,35,4.99,121.24
2020-01-19,14.8,16.2,13.4,13.8,5.6,18.0,84,12.1,1020.3,100,17.2,26,4.2,0.0
2020-01-20,15.9,18.9,13.8,16.2,1.4,11.0,84,13.2,1019.9,100,8.8,13,6.03,946.14
2020-01-21,19.4,24.1,15.1,20.5,0.2,2.0,84,16.5,1018.4,68,19.4,151,10.91,19865.03
2020-01-22,21.4,25.7,18.4,23.1,1.0,6.0,87,19.1,1015.6,71,19.2,150,6.63,3119.1
2020-01-23,22.6,26.3,20.1,24.3,1.2,7.0,86,20.0,1013.7,93,18.9,146,7.18,2844.35
2020-01-24,22.0,24.0,20.5,24.1,8.7,21.0,92,20.6,1013.4,95,21.3,130,4.75,0.0
2020-01-25,16.4,20.4,12.1,15.1,32.0,23.0,88,14.4,1014.8,97,24.8,31,5.88,4571.47
2020-01-26,14.5,18.4,11.8,12.2,1.0,3.0,65,7.8,1018.3,60,16.2,20,11.84,36688.63
2020-01-27,14.0,18.1,10.3,11.9,2.9,4.0,65,7.2,1017.0,36,17.7,50,14.8,36401.85
2020-01-28,14.3,17.2,11.8,12.1,0.2,1.0,63,7.3,1018.9,81,16.8,42,10.43,35386.12
2020-01-29,13.7,17.1,11.1,11.8,2.3,9.0,68,7.7,1022.3,78,16.7,12,11.26,23740.91
2020-01-30,14.5,19.7,9.6,13.1,0.0,0.0,67,7.9,1021.7,5,12.2,27,18.18,37910.01
2020-01-31,15.6,21.3,9.4,14.4,0.0,0.0,71,10.0,1019.9,44,17.4,117,13.02,25200.0
2020-02-01,15.6,18.1,13.3,16.0,1.9,9.0,88,13.6,1018.7,81,8.0,14,3.66,0.0
2020-02-02,19.0,23.9,16.0,20.2,1.3,10.0,88,16.8,1018.1,76,17.4,148,7.98,12771.19
2020-02-03,17.7,20.6,14.5,18.0,16.4,22.0,94,16.7,1017.4,96,20.7,64,4.63,2437.94
2020-02-04,14.5,16.2,13.3,13.5,8.0,23.0,88,12.6,1019.2,100,16.2,18,3.78,0.0
2020-02-05,15.5,18.2,13.6,15.9,3.9,19.0,89,13.7,1017.9,100,11.7,28,5.3,1543.25
2020-02-06,18.4,22.9,16.0,20.2,3.0,13.0,91,16.8,1015.8,85,7.3,28,6.48,9341.87
2020-02-07,19.3,20.9,17.4,21.6,18.3,17.0,96,18.7,1018.2,100,11.2,52,3.51,0.0
2020-02-08,17.0,18.0,15.3,16.6,9.1,16.0,86,14.5,1022.0,100,16.5,36,4.02,0.0
2020-02-09,14.8,16.9,13.2,13.5,3.5,15.0,80,11.2,1025.2,100,17.4,28,4.62,0.0
2020-02-10,16.6,20.3,14.0,16.3,0.5,3.0,76,12.3,1021.3,96,12.9,92,10.27,10861.74
2020-02-11,19.5,23.5,16.0,20.9,2.0,10.0,86,16.9,1017.6,82,15.6,155,9.19,18050.08
2020-02-12,21.3,25.2,19.1,23.9,5.0,17.0,91,19.7,1014.7,96,15.6,159,5.81,2526.12
2020-02-13,22.2,25.4,20.4,24.9,6.2,18.0,93,21.0,1010.8,94,17.4,124,5.71,3742.2
2020-02-14,23.8,29.3,21.1,26.6,1.4,10.0,88,21.5,1007.1,67,17.9,126,10.48,23234.13
2020-02-15,24.1,29.5,19.7,26.8,2.8,8.0,82,20.7,1009.5,74,30.2,68,11.43,23368.51
2020-02-16,16.2,18.1,14.5,12.5,0.9,3.0,51,6.1,1022.4,82,25.3,28,9.3,10450.53
2020-02-17,16.6,19.6,13.8,13.5,0.0,0.0,46,4.9,1026.4,63,17.2,33,15.37,35446.35
2020-02-18,16.6,20.1,14.8,14.5,0.0,0.0,47,5.2,1024.8,53,11.3,69,17.73,33270.09
2020-02-19,16.5,20.1,12.2,16.0,0.0,0.0,70,10.8,1022.1,66,8.2,88,10.14,15916.17
2020-02-20,19.1,23.3,16.0,20.6,1.5,10.0,86,16.6,1021.7,89,9.0,124,8.2,10760.0
2020-02-21,20.1,24.2,16.9,21.4,0.9,6.0,84,17.0,1024.5,77,16.1,116,9.64,21339.05
2020-02-22,19.7,25.0,14.8,20.7,0.0,0.0,81,16.0,1025.2,39,11.3,121,14.93,37173.79
2020-02-23,19.8,25.0,14.9,20.9,0.0,0.0,80,15.9,1022.4,40,15.3,134,15.33,33982.59
2020-02-24,20.0,25.3,15.0,20.8,0.1,1.0,81,16.2,1018.0,54,14.5,157,11.82,25585.55
2020-02-25,21.1,25.4,17.5,22.7,0.5,5.0,83,17.9,1016.2,68,13.5,152,10.05,17282.08
2020-02-26,21.7,26.5,17.4,23.1,0.0,0.0,81,17.9,1016.9,88,13.8,150,11.91,22988.85
2020-02-27,21.5,26.2,17.4,23.5,0.3,3.0,84,18.6,1016.7,91,15.8,134,10.02,19015.43
2020-02-28,22.6,27.3,19.5,24.3,0.2,2.0,81,18.9,1014.7,80,16.8,151,11.62,23277.57
2020-02-29,22.8,26.6,19.6,24.6,0.2,2.0,82,19.4,1012.7,69,16.9,145,9.14,12826.52
2020-03-01,23.4,27.5,21.1,26.2,1.7,9.0,87,21.0,1012.4,93,16.1,141,9.15,8532.9
2020-03-02,23.2,26.3,20.8,25.4,2.7,11.0,87,20.9,1013.0,69,22.1,134,11.04,27931.07
2020-03-03,22.6,25.5,21.2,24.9,25.2,20.0,91,21.0,1013.4,86,20.6,131,6.74,9889.07
2020-03-04,17.8,21.2,15.7,17.6,50.8,24.0,89,15.9,1016.7,98,26.2,37,4.57,1353.01
2020-03-05,16.1,18.1,14.6,16.1,1.6,8.0,84,13.4,1018.3,90,11.1,32,5.51,48.4
2020-03-06,19.3,24.3,15.9,20.8,0.1,1.0,84,16.5,1014.4,74,13.3,155,11.32,13993.82
2020-03-07,21.6,27.5,17.0,23.9,0.0,0.0,86,19.0,1010.3,46,12.0,141,14.15,26872.66
2020-03-08,24.4,30.4,20.3,28.2,0.1,1.0,86,21.7,1004.8,57,11.8,130,16.2,28795.31
2020-03-09,25.1,31.8,20.0,29.0,0.0,0.0,82,21.4,1004.1,11,9.4,26,18.95,38865.43
2020-03-10,22.2,23.8,20.8,21.7,0.0,0.0,64,14.9,1013.5,81,22.7,30,9.14,12023.97
2020-03-11,20.7,22.5,19.3,21.4,0.1,1.0,71,15.2,1014.9,94,10.4,88,7.75,4090.35
2020-03-12,23.2,28.1,20.0,26.0,0.3,3.0,82,19.8,1011.5,72,17.1,147,12.92,27067.5
2020-03-13,24.9,28.5,22.8,29.1,2.3,12.0,87,22.6,1012.3,89,16.4,87,9.17,10214.08
2020-03-14,20.5,22.1,19.2,21.0,6.2,18.0,79,16.8,1017.4,100,17.9,35,4.63,0.0
2020-03-15,20.0,21.5,18.6,21.7,1.2,12.0,82,16.8,1017.3,100,8.0,14,5.18,0.0
2020-03-16,22.1,25.4,19.5,25.1,1.4,10.0,87,19.9,1014.8,99,13.2,122,7.5,1244.53
2020-03-17,23.0,25.3,19.5,26.0,8.9,22.0,93,21.8,1014.6,100,18.7,124,4.36,0.0
2020-03-18,19.7,21.3,18.3,21.2,5.5,21.0,90,17.9,1013.5,100,17.1,27,3.77,0.0
2020-03-19,19.8,20.9,19.0,21.3,6.9,18.0,90,18.0,1013.6,100,15.3,3,4.9,0.0
2020-03-20,21.6,25.2,19.1,23.9,0.2,2.0,84,18.6,1013.1,98,11.9,116,10.08,12106.09
2020-03-21,24.1,28.3,21.1,27.4,1.0,6.0,88,21.8,1011.1,84,15.2,154,11.96,20333.09
2020-03-22,25.0,28.6,22.8,28.7,0.4,3.0,88,22.8,1011.1,77,15.8,149,9.22,9597.01
2020-03-23,24.7,28.2,22.1,28.2,1.9,8.0,86,22.1,1011.7,77,14.6,152,10.18,15238.65
2020-03-24,24.3,27.7,21.8,27.5,4.3,10.0,87,22.0,1011.3,74,17.9,139,11.36,23234.72
2020-03-25,24.3,27.7,22.3,27.6,10.6,15.0,90,22.3,1009.7,77,20.6,154,9.95,18119.49
2020-03-26,25.6,29.3,23.3,28.9,1.4,10.0,86,23.0,1008.7,69,19.0,152,13.4,31307.13
2020-03-27,26.5,31.4,23.9,30.8,0.6,5.0,85,23.6,1008.3,62,14.3,137,13.52,27191.84
2020-03-28,24.0,25.6,22.5,27.1,13.0,17.0,89,22.0,1010.2,92,18.2,67,7.72,7352.42
2020-03-29,24.5,28.5,21.4,27.9,6.9,14.0,88,22.3,1008.0,87,19.3,127,7.0,3178.85
2020-03-30,19.9,24.4,17.6,20.8,7.6,18.0,88,17.8,1009.3,100,21.3,43,5.4,0.0
2020-03-31,19.2,21.0,17.9,19.8,3.7,16.0,84,16.4,1011.9,100,17.4,28,7.38,929.19
2020-04-01,20.3,23.6,17.9,22.2,1.7,13.0,84,17.5,1012.7,99,9.7,46,9.45,6462.98
2020-04-02,22.1,25.4,20.0,25.4,7.8,18.0,94,21.0,1012.4,91,11.6,63,5.72,310.23
2020-04-03,23.2,25.5,20.4,26.7,12.6,22.0,94,22.1,1012.9,96,16.9,87,5.31,123.75
2020-04-04,19.2,20.1,17.5,20.0,12.5,24.0,91,17.7,1016.0,100,16.4,24,4.22,0.0
2020-04-05,17.9,19.9,16.6,17.9,5.6,17.0,85,15.2,1018.0,99,18.0,19,6.43,1.59
2020-04-06,18.3,21.4,16.3,18.7,2.4,11.0,83,15.2,1016.2,84,13.7,14,11.2,20573.31
2020-04-07,19.5,23.1,16.9,20.5,3.4,5.0,80,15.8,1015.2,87,12.0,8,10.35,9132.75
2020-04-08,21.0,24.4,18.6,23.1,1.0,5.0,83,17.9,1015.3,84,9.7,54,11.85,12392.7
2020-04-09,22.5,26.5,19.4,25.0,0.0,0.0,81,18.9,1015.9,77,13.3,132,15.36,31015.16
2020-04-10,23.6,27.8,19.2,26.5,0.0,0.0,86,20.8,1014.3,77,15.6,148,13.25,24572.31
2020-04-11,25.5,28.8,22.9,29.7,1.2,6.0,86,22.8,1012.9,88,12.5,145,11.29,11774.25
2020-04-12,19.2,23.5,16.8,19.3,12.0,13.0,78,15.0,1018.8,85,26.8,30,8.2,9645.01
2020-04-13,16.7,18.3,14.3,16.2,1.7,5.0,78,12.7,1020.0,70,17.7,2,10.94,20930.84
2020-04-14,18.0,23.1,13.3,18.8,0.0,0.0,79,14.1,1017.1,44,13.3,149,19.93,40853.19
2020-04-15,20.3,25.0,15.1,21.7,0.0,0.0,84,17.2,1013.9,68,16.2,139,16.42,34431.08
2020-04-16,23.3,27.2,20.6,26.1,1.0,6.0,88,21.2,1010.8,86,21.7,145,8.45,5461.23
2020-04-17,24.5,27.9,22.0,27.7,1.2,9.0,89,22.5,1010.8,97,23.5,141,9.36,10047.4
2020-04-18,25.8,30.9,23.1,29.4,0.0,0.0,86,23.0,1009.7,87,19.4,150,14.71,27014.05
2020-04-19,25.8,29.8,23.0,30.2,0.0,0.0,87,23.5,1008.8,73,14.3,128,9.99,9523.4
2020-04-20,26.4,30.6,23.5,30.5,0.2,2.0,87,23.9,1009.3,83,16.2,141,11.96,15145.21
2020-04-21,26.8,31.6,24.2,31.2,0.1,1.0,87,24.3,1008.4,82,19.6,139,12.9,17821.56
2020-04-22,23.6,25.5,21.5,26.8,45.7,16.0,91,22.0,1011.2,96,19.9,67,5.54,2198.87
2020-04-23,19.3,20.5,18.4,19.7,13.0,18.0,86,17.0,1016.1,100,17.8,25,5.43,0.0
2020-04-24,17.1,18.2,16.3,16.7,11.0,19.0,85,14.6,1020.0,99,16.9,359,5.57,0.0
2020-04-25,18.9,22.2,16.5,19.7,0.5,2.0,81,15.4,1018.9,93,12.4,355,12.98,12085.55
2020-04-26,20.1,23.7,18.0,20.6,1.2,3.0,77,15.8,1019.5,93,15.8,337,16.05,23720.48
2020-04-27,22.2,27.3,17.7,24.0,0.0,0.0,77,17.7,1018.2,56,14.2,318,23.33,40111.89
2020-04-28,23.3,28.8,17.0,25.8,0.0,0.0,76,18.4,1016.3,39,13.5,111,23.03,41244.67
2020-04-29,23.6,28.1,18.9,26.5,0.0,0.0,81,19.8,1015.0,52,11.5,115,19.03,36453.7
2020-04-30,24.3,28.1,20.9,27.5,0.0,0.0,83,21.1,1013.6,74,14.5,138,12.92,16010.55
2020-05-01,24.8,28.4,21.5,28.5,0.3,2.0,86,22.3,1010.6,69,14.1,157,10.94,13556.21
2020-05-02,26.0,30.7,23.0,30.1,0.2,2.0,85,23.2,1008.2,57,16.8,168,14.45,25216.58
2020-05-03,27.3,31.6,23.9,32.2,0.5,5.0,85,24.3,1007.8,88,14.6,149,13.65,17606.1
2020-05-04,28.7,34.5,25.1,33.9,0.0,0.0,83,25.3,1007.2,79,17.6,152,19.96,36802.14
2020-05-05,29.1,34.7,25.7,34.6,0.0,0.0,82,25.6,1005.5,39,18.4,147,19.18,32078.0
2020-05-06,29.7,34.4,26.4,35.0,0.0,0.0,78,25.4,1004.3,65,16.3,146,23.97,43200.0
2020-05-07,30.4,35.2,26.8,36.0,0.0,0.0,78,26.0,1003.3,39,18.4,148,22.65,43214.37
2020-05-08,30.6,35.8,27.0,36.4,0.0,0.0,78,26.3,1003.3,48,18.7,146,21.87,43200.11
2020-05-09,31.3,36.3,27.3,37.9,0.0,0.0,78,26.8,1004.9,57,17.2,154,23.77,42071.48
2020-05-10,30.6,35.0,27.6,36.9,0.0,0.0,78,26.3,1005.9,65,17.8,133,21.89,40838.11
2020-05-11,29.5,33.8,26.6,34.7,0.3,3.0,80,25.6,1007.7,67,16.9,135,16.19,30424.67
2020-05-12,25.8,27.4,24.7,30.4,27.2,14.0,89,23.9,1010.5,95,15.7,48,7.3,6336.66
2020-05-13,27.2,29.9,24.8,32.1,5.6,11.0,87,24.7,1009.2,75,16.7,155,16.76,36876.65
2020-05-14,27.9,32.6,25.5,32.2,0.5,2.0,84,24.9,1006.6,59,20.9,164,19.17,36000.0
2020-05-15,29.1,33.8,26.0,34.1,0.2,2.0,82,25.6,1003.7,42,19.4,155,20.2,28984.39
2020-05-16,29.3,34.0,26.2,34.8,0.5,1.0,81,25.6,1004.1,37,17.9,142,21.6,43627.96
2020-05-17,27.8,31.4,25.3,33.6,27.6,16.0,88,25.5,1003.7,73,15.1,109,15.95,34048.15
2020-05-18,28.2,32.2,25.6,34.0,3.6,6.0,84,25.1,1003.1,64,14.3,89,17.72,36057.94
2020-05-19,28.3,32.4,25.0,33.9,12.0,12.0,85,25.3,1003.2,62,17.1,125,17.15,38370.73
2020-05-20,30.5,35.2,26.7,36.9,0.0,0.0,82,26.8,1001.2,84,14.1,152,18.44,39353.35
2020-05-21,32.2,36.7,27.1,39.3,0.0,0.0,73,26.5,999.9,93,13.1,183,25.78,43853.22
2020-05-22,30.1,32.1,27.6,35.4,0.5,5.0,75,25.2,1003.2,100,18.6,46,16.71,26009.21
2020-05-23,27.9,30.5,25.9,33.5,21.6,15.0,84,24.9,1006.2,95,11.6,145,12.58,14743.23
2020-05-24,29.0,33.1,25.9,35.1,7.0,8.0,84,25.9,1006.2,79,15.9,139,18.53,34170.6
2020-05-25,30.2,35.1,26.4,36.9,19.4,9.0,82,26.5,1005.5,70,17.8,105,21.84,43568.98
2020-05-26,27.2,30.4,25.1,30.9,12.6,9.0,79,23.0,1008.2,92,17.9,31,18.94,32515.42
2020-05-27,26.3,29.5,23.7,30.2,5.5,8.0,79,22.2,1009.9,78,12.8,2,16.56,31598.43
2020-05-28,27.0,30.3,24.0,31.9,0.4,3.0,81,23.4,1009.2,73,11.3,206,16.74,40471.72
2020-05-29,28.2,31.2,25.1,33.0,0.1,1.0,81,24.5,1006.8,72,15.9,165,14.98,24551.53
2020-05-30,29.3,33.1,25.7,35.8,1.8,6.0,83,26.0,1007.0,58,13.2,152,21.36,34755.87
2020-05-31,30.0,34.3,26.7,35.7,0.0,0.0,76,25.3,1006.8,83,21.1,169,22.78,40810.27
2020-06-01,29.8,34.3,26.9,36.0,11.2,5.0,78,25.5,1005.8,73,18.8,170,21.86,33322.35
2020-06-02,30.6,34.3,27.1,36.3,0.5,2.0,74,25.2,1004.0,53,17.6,169,23.43,43065.02
2020-06-03,30.4,34.2,27.1,36.0,1.7,5.0,73,24.9,1003.6,68,17.7,160,23.61,42346.48
2020-06-04,31.1,35.6,27.5,37.3,2.6,5.0,75,26.0,1003.1,75,19.8,156,23.59,43200.0
2020-06-05,31.0,34.9,28.4,37.2,0.0,0.0,75,25.8,1002.7,94,16.5,166,19.24,31856.34
2020-06-06,31.1,35.3,26.8,37.4,1.1,2.0,75,25.9,1002.1,95,15.9,145,19.46,37468.38
2020-06-07,32.6,36.9,28.6,37.3,0.0,0.0,62,24.3,1000.2,97,19.2,190,25.07,43200.0
2020-06-08,32.5,36.6,29.2,36.9,0.0,0.0,62,24.2,1000.5,98,16.9,187,21.91,43200.0
2020-06-09,32.0,36.6,28.9,37.0,0.0,0.0,64,24.1,1003.1,100,15.5,165,21.11,38605.86
2020-06-10,29.8,33.5,27.3,36.1,15.4,4.0,81,26.2,1005.1,98,12.7,132,13.28,16220.72
2020-06-11,30.1,35.0,27.4,36.0,0.4,4.0,80,26.1,1003.7,88,16.6,161,13.41,26694.9
2020-06-12,31.3,35.6,28.3,36.6,0.0,0.0,74,25.7,1001.2,77,20.3,162,18.96,32334.26
2020-06-13,31.0,35.6,28.2,36.9,9.8,6.0,75,25.9,1001.1,60,17.4,145,21.07,44375.38
2020-06-14,27.7,31.9,25.9,34.2,34.2,22.0,90,25.9,1004.2,98,14.3,126,12.88,14476.86
2020-06-15,27.4,30.9,24.7,32.7,34.1,18.0,88,25.1,1005.9,98,15.4,143,10.08,9099.0
2020-06-16,29.4,32.8,26.7,35.0,11.2,10.0,81,25.6,1004.2,72,14.7,158,20.44,38704.68
2020-06-17,29.8,33.2,27.1,34.7,2.7,5.0,76,24.9,1002.3,55,18.6,162,20.56,44129.7
2020-06-18,29.9,33.4,26.9,35.4,0.6,4.0,75,25.0,1003.5,32,14.4,146,22.28,44127.83
2020-06-19,29.5,32.8,27.1,35.6,5.2,11.0,82,25.9,1005.1,48,15.0,135,21.52,43868.49
2020-06-20,30.2,34.0,26.9,35.9,0.6,4.0,78,25.8,1004.4,51,18.9,154,22.76,44126.05
2020-06-21,31.5,35.9,28.0,37.2,0.0,0.0,74,26.0,1001.7,40,17.0,169,24.17,44395.61
2020-06-22,32.3,36.7,28.8,37.9,0.0,0.0,69,25.7,1001.1,69,18.2,171,25.52,44395.89
2020-06-23,32.2,37.0,28.6,38.2,0.3,2.0,71,26.0,1002.7,90,18.5,174,24.16,44162.01
2020-06-24,32.2,36.4,28.5,38.3,0.2,1.0,71,25.9,1001.8,95,16.5,182,23.84,43629.79
2020-06-25,30.9,33.7,28.8,37.9,0.7,5.0,79,26.7,1001.4,100,13.5,129,11.64,2922.83
2020-06-26,31.8,36.7,29.2,37.3,1.2,1.0,70,25.3,1001.8,75,19.0,167,20.75,37232.2
2020-06-27,32.0,36.6,28.8,36.8,0.2,1.0,69,25.2,1002.8,59,19.3,164,24.42,45214.6
2020-06-28,31.7,35.7,28.6,36.7,0.0,0.0,70,25.3,1003.0,53,19.9,160,23.43,44949.1
2020-06-29,31.2,35.4,28.6,36.5,1.3,6.0,72,25.5,1002.6,81,16.4,151,18.68,44165.15
2020-06-30,30.2,34.7,27.7,36.7,8.4,7.0,81,26.5,1001.7,95,15.8,134,16.49,34008.56
2020-07-01,30.1,34.6,27.1,37.1,7.8,11.0,83,26.7,1001.1,98,13.3,125,17.88,38043.32
2020-07-02,28.7,31.7,26.4,35.4,25.2,21.0,88,26.4,1001.6,99,12.0,117,15.35,32392.23
2020-07-03,28.6,31.7,25.7,34.6,16.4,20.0,85,25.8,1004.3,99,18.0,112,15.57,33818.4
2020-07-04,28.5,31.7,26.3,34.6,15.2,21.0,87,25.9,1005.3,98,12.4,133,15.38,25542.15
2020-07-05,29.1,32.5,25.7,35.5,8.6,12.0,85,26.1,1003.7,60,14.8,149,19.44,40236.95
2020-07-06,30.6,33.5,27.7,35.9,1.0,5.0,77,26.0,1003.0,59,19.1,162,19.59,42650.98
2020-07-07,31.1,35.1,28.2,36.6,2.6,5.0,75,26.1,1004.9,98,20.5,163,20.89,43207.55
2020-07-08,32.1,36.3,28.4,37.7,0.0,0.0,70,25.7,1003.3,97,18.3,170,24.5,43200.0
2020-07-09,32.6,36.8,28.7,37.6,0.0,0.0,65,24.8,999.8,99,16.7,195,23.97,39600.0
2020-07-10,32.3,36.1,29.7,37.3,0.0,0.0,66,25.0,999.7,100,16.9,192,19.34,35017.14
2020-07-11,31.2,33.2,29.6,35.9,0.0,0.0,68,24.6,1001.3,100,15.7,184,10.59,1669.34
2020-07-12,30.3,33.1,28.8,35.3,0.8,5.0,73,24.9,1002.5,90,18.0,173,10.49,15836.01
2020-07-13,30.7,35.1,27.4,36.8,2.6,4.0,77,26.0,1004.7,20,15.6,152,22.91,44535.22
2020-07-14,30.1,34.4,26.2,36.8,1.4,8.0,80,26.0,1005.8,29,15.5,132,21.59,43482.14
2020-07-15,31.6,35.9,28.1,37.2,0.1,1.0,72,25.5,1003.9,41,20.0,162,24.7,44295.05
2020-07-16,31.4,35.2,28.1,36.8,0.4,4.0,72,25.5,1003.2,51,18.6,153,22.32,44308.93
2020-07-17,32.4,37.0,28.8,37.1,0.1,1.0,65,24.5,1003.5,88,19.5,160,24.97,44323.37
2020-07-18,32.8,37.7,29.4,37.7,0.1,1.0,64,24.7,1003.7,96,17.0,171,24.15,43200.0
2020-07-19,32.6,37.1,29.3,38.2,0.3,2.0,67,25.4,1002.9,99,17.8,163,21.54,39833.33
2020-07-20,29.8,33.1,27.7,35.7,7.8,10.0,81,26.1,1005.2,99,19.6,139,12.98,10053.81
2020-07-21,29.1,32.8,25.7,34.6,11.7,14.0,82,25.6,1007.3,61,19.9,149,19.36,40971.73
2020-07-22,29.8,33.7,26.3,34.9,0.9,4.0,77,25.1,1006.6,25,18.5,161,23.86,44140.33
2020-07-23,30.5,34.2,27.1,35.9,0.1,1.0,75,25.4,1006.5,21,16.8,151,23.9,43726.39
2020-07-24,30.7,34.5,27.1,36.4,0.2,1.0,75,25.5,1006.6,19,16.8,147,23.51,44176.47
2020-07-25,31.1,35.6,27.0,36.7,0.0,0.0,74,25.6,1005.8,53,20.3,152,22.68,43933.58
2020-07-26,31.3,36.3,27.8,37.1,1.3,4.0,73,25.6,1004.3,88,15.8,155,21.37,43200.0
2020-07-27,29.6,31.8,28.5,36.1,9.6,8.0,83,26.4,1003.8,100,14.8,164,10.41,6652.97
2020-07-28,28.8,32.1,25.7,35.2,23.0,14.0,85,25.9,1005.3,98,11.2,107,14.83,22605.93
2020-07-29,28.9,32.0,25.4,35.5,11.8,11.0,85,26.0,1005.6,85,11.0,101,19.62,42482.11
2020-07-30,30.1,33.7,26.7,36.7,1.7,3.0,78,25.6,1005.0,52,12.9,116,23.48,43200.0
2020-07-31,29.7,32.9,26.9,36.7,3.6,6.0,83,26.3,1003.1,93,11.3,58,19.3,41782.46
2020-08-01,28.3,30.6,26.7,33.2,20.0,18.0,85,25.5,999.4,99,19.8,354,9.43,9905.52
2020-08-02,26.6,28.0,25.8,30.1,34.8,23.0,91,25.0,997.2,100,27.2,46,5.76,0.0
2020-08-03,26.7,28.7,25.3,32.0,27.1,24.0,92,25.4,999.4,98,16.4,101,7.78,1266.66
2020-08-04,26.0,27.1,25.0,31.7,62.5,24.0,95,25.1,1001.2,100,10.1,92,6.07,0.0
2020-08-05,26.5,28.4,24.7,32.2,59.0,24.0,93,25.3,1003.1,100,13.8,131,9.27,9856.42
2020-08-06,26.4,28.6,24.9,31.9,49.7,21.0,94,25.4,1005.6,98,15.1,139,7.48,538.4
2020-08-07,27.6,30.2,25.2,33.1,9.0,10.0,89,25.5,1005.6,82,15.6,148,13.37,22533.63
2020-08-08,28.8,32.2,25.9,34.9,0.9,9.0,85,25.9,1004.2,92,16.6,149,22.22,43200.0
2020-08-09,29.4,33.1,26.4,35.9,9.1,10.0,86,26.8,1002.2,94,14.5,154,18.18,40404.6
2020-08-10,30.3,34.4,27.3,37.3,9.3,8.0,83,26.9,1001.0,93,14.1,154,20.08,39748.36
2020-08-11,30.4,34.5,26.6,37.1,0.6,2.0,81,26.6,1001.2,87,16.3,144,22.8,42789.81
2020-08-12,29.9,32.7,27.7,36.1,4.6,10.0,83,26.7,1003.9,81,17.4,137,19.59,39899.84
2020-08-13,27.5,30.7,26.1,33.6,21.4,23.0,91,25.9,1005.7,92,14.1,125,12.54,19176.39
2020-08-14,26.3,28.9,24.4,31.3,17.4,16.0,92,24.8,1005.8,93,14.8,140,7.25,8693.36
2020-08-15,27.8,30.4,24.9,32.5,1.5,8.0,83,24.6,1005.0,60,17.5,149,19.23,41800.96
2020-08-16,27.3,30.9,25.2,32.4,23.3,19.0,88,25.0,1004.2,79,16.1,133,17.03,34411.58
2020-08-17,26.0,28.3,24.3,30.5,17.6,24.0,90,24.2,1004.7,96,14.3,127,11.17,14612.11
2020-08-18,25.7,28.3,24.4,30.9,53.0,24.0,93,24.4,1005.2,99,11.0,118,9.71,8554.52
2020-08-19,26.0,28.4,24.1,31.7,12.4,21.0,93,24.8,1005.1,96,10.5,83,9.71,11756.64
2020-08-20,26.6,29.8,24.6,32.6,11.9,13.0,91,24.9,1006.5,96,9.5,66,14.25,24906.28
2020-08-21,26.3,29.4,24.6,32.4,13.0,18.0,92,24.9,1008.1,96,8.6,113,10.48,11114.75
2020-08-22,27.4,31.4,25.1,33.8,5.9,17.0,89,25.4,1007.7,92,12.0,114,16.97,30077.01
2020-08-23,28.1,31.6,25.4,34.4,3.6,8.0,88,25.8,1006.0,54,13.6,149,20.67,38409.93
2020-08-24,29.0,33.2,26.2,35.8,15.4,6.0,85,26.0,1003.8,67,11.1,164,21.33,42586.32
2020-08-25,29.3,32.8,26.0,35.6,0.1,1.0,82,25.8,1002.9,94,13.0,294,18.42,41953.36
2020-08-26,30.1,34.1,26.9,37.3,0.9,5.0,82,26.6,1001.6,67,17.1,117,22.18,43200.0
2020-08-27,30.3,34.7,26.5,37.8,0.0,0.0,83,27.0,1000.5,37,15.6,128,22.59,43200.0
2020-08-28,29.8,32.9,27.5,36.6,2.7,4.0,84,26.8,1001.7,49,16.9,122,17.56,43200.0
2020-08-29,29.2,32.7,26.2,36.2,7.9,8.0,86,26.5,1003.9,80,10.6,132,20.56,43200.0
2020-08-30,29.2,31.9,26.8,36.6,9.1,11.0,88,26.8,1004.8,42,8.4,113,19.31,43200.0
2020-08-31,29.1,32.4,26.6,36.3,2.4,10.0,87,26.6,1006.8,76,9.8,326,16.13,27457.12
2020-09-01,30.1,34.0,26.8,36.6,0.0,0.0,79,25.8,1006.6,31,11.3,312,23.16,43200.0
2020-09-02,30.4,34.2,26.8,37.4,0.1,1.0,79,26.1,1006.8,43,11.8,110,22.83,43200.0
2020-09-03,29.7,32.5,27.4,36.9,12.8,7.0,85,26.8,1007.9,81,10.1,121,17.61,40792.55
2020-09-04,29.5,32.4,26.6,36.3,0.9,6.0,84,26.4,1007.5,62,11.5,131,18.74,42384.58
2020-09-05,29.6,33.1,26.8,36.0,1.1,8.0,83,26.4,1005.2,27,14.6,153,20.49,43200.0
2020-09-06,30.1,33.8,26.4,37.0,23.6,14.0,84,26.9,1003.4,89,13.1,140,17.69,36163.23
2020-09-07,26.9,28.1,25.7,33.0,26.1,21.0,93,25.5,1005.0,99,9.7,336,6.15,216.11
2020-09-08,27.1,30.3,24.9,33.1,11.2,19.0,89,25.0,1008.3,98,8.8,295,13.68,22447.73
2020-09-09,27.0,29.7,25.3,33.0,18.2,17.0,92,25.5,1008.3,96,13.8,132,11.55,14753.2
2020-09-10,28.0,31.0,25.4,34.1,9.1,11.0,89,26.0,1005.0,94,13.7,143,12.13,18534.97
2020-09-11,27.7,30.7,25.1,34.0,21.7,12.0,91,26.1,1006.0,99,14.8,119,11.42,13779.62
2020-09-12,27.3,30.4,25.4,33.8,26.4,22.0,92,25.8,1009.1,99,9.4,85,10.64,14690.51
2020-09-13,27.4,30.5,25.0,33.6,12.8,18.0,90,25.6,1010.1,86,12.2,116,14.85,31824.85
2020-09-14,27.5,29.9,25.0,33.3,11.3,15.0,88,25.3,1008.7,91,14.3,132,15.48,41046.74
2020-09-15,28.2,31.7,25.4,34.3,11.7,17.0,88,25.9,1007.2,84,13.2,143,17.64,35646.38
2020-09-16,28.5,31.3,26.5,34.8,11.1,8.0,87,26.2,1005.8,89,14.3,142,15.96,33963.41
2020-09-17,28.6,31.3,26.2,35.4,9.1,17.0,88,26.3,1005.1,88,13.9,50,17.25,38331.45
2020-09-18,25.7,28.5,23.7,26.7,9.6,16.0,75,20.8,1006.5,96,30.5,18,14.32,28455.19
2020-09-19,24.4,27.1,22.7,27.3,93.4,22.0,87,22.1,1007.6,98,20.7,359,6.22,3605.81
2020-09-20,25.1,27.4,23.8,29.8,72.6,20.0,91,23.4,1009.0,99,12.3,356,7.24,3133.58
2020-09-21,26.5,29.6,24.3,31.9,8.2,15.0,90,24.7,1008.5,98,15.2,145,10.66,6152.99
2020-09-22,26.7,29.6,24.9,32.5,27.9,18.0,92,25.4,1007.9,100,12.6,128,8.61,4549.76
2020-09-23,26.1,29.2,24.6,31.7,73.2,24.0,94,25.0,1009.0,100,17.9,85,9.38,9535.96
2020-09-24,25.2,28.5,23.0,29.2,11.1,15.0,87,22.9,1010.9,94,17.7,23,13.29,22512.93
2020-09-25,26.6,29.7,24.6,32.0,37.6,14.0,90,24.8,1008.0,96,15.2,126,10.52,14198.71
2020-09-26,27.2,30.4,24.8,32.9,35.2,23.0,90,25.3,1006.8,96,12.5,125,12.7,25929.7
2020-09-27,25.6,27.9,23.8,30.4,17.9,23.0,91,24.1,1008.6,99,13.1,38,9.28,3937.77
2020-09-28,26.2,30.0,23.5,30.8,2.1,11.0,87,23.6,1008.7,73,11.6,66,14.23,34441.04
2020-09-29,27.5,31.3,24.8,33.4,2.3,14.0,88,25.3,1007.1,84,15.9,134,16.42,28285.21
2020-09-30,27.4,30.9,25.3,33.5,13.3,16.0,89,25.5,1006.0,85,10.8,95,13.71,28786.85
2020-10-01,26.5,29.7,24.4,32.2,36.9,18.0,91,24.8,1007.2,98,11.9,90,11.77,11048.64
2020-10-02,27.1,30.6,25.0,33.0,14.6,18.0,89,25.1,1007.9,88,13.0,114,12.88,25633.18
2020-10-03,27.1,29.8,24.9,33.1,12.4,19.0,90,25.3,1008.8,94,11.0,113,13.32,25526.69
2020-10-04,27.5,30.3,25.4,33.5,6.9,11.0,89,25.4,1008.9,84,10.4,136,14.05,26884.76
2020-10-05,26.7,30.0,24.4,32.3,23.8,22.0,90,24.8,1010.0,64,11.5,64,13.9,31733.59
2020-10-06,24.7,28.0,22.5,26.7,1.2,4.0,77,20.3,1012.9,70,18.0,35,12.36,20541.76
2020-10-07,23.8,27.8,20.8,24.6,0.0,0.0,71,18.1,1014.8,71,17.9,30,14.82,25383.01
2020-10-08,23.2,27.1,20.3,23.4,0.0,0.0,68,17.0,1015.4,49,20.9,30,18.99,39810.59
2020-10-09,23.0,27.4,19.7,23.2,0.0,0.0,68,16.7,1016.0,25,20.7,27,17.57,32400.0
2020-10-10,22.7,26.9,19.0,23.8,0.0,0.0,72,17.2,1014.3,20,17.9,19,19.68,39616.64
2020-10-11,22.9,27.3,19.4,24.3,0.0,0.0,73,17.7,1011.7,55,18.8,8,17.06,30963.79
2020-10-12,24.7,29.3,21.0,26.3,0.0,0.0,70,18.8,1010.1,96,19.2,356,17.84,35353.99
2020-10-13,26.4,29.7,24.1,27.9,1.4,2.0,65,19.2,1008.8,85,19.1,1,16.88,35958.29
2020-10-14,22.8,24.0,22.2,23.6,82.8,22.0,88,20.6,1007.1,100,27.5,3,1.97,0.0
2020-10-15,22.5,24.1,21.9,24.3,52.5,22.0,90,20.7,1010.3,100,22.5,15,4.95,0.0
2020-10-16,24.0,27.5,21.6,24.4,5.6,8.0,74,18.9,1012.9,99,25.4,26,8.97,12881.99
2020-10-17,22.5,24.7,19.5,21.5,0.4,3.0,63,15.0,1015.3,99,21.6,4,9.78,13540.74
2020-10-18,20.9,22.0,19.8,20.7,11.3,13.0,75,16.1,1015.6,100,20.8,6,3.84,0.0
2020-10-19,20.7,22.5,19.8,19.9,1.3,7.0,69,14.8,1016.4,100,22.1,359,6.03,760.01
2020-10-20,20.9,23.8,17.6,20.4,2.1,7.0,70,15.1,1017.3,90,18.2,355,12.99,25271.84
2020-10-21,21.9,25.9,18.9,21.6,0.0,0.0,63,14.4,1016.8,30,20.2,8,18.85,39600.0
2020-10-22,22.0,26.8,18.5,21.7,0.0,0.0,61,13.8,1014.3,49,21.3,8,19.88,39600.0
2020-10-23,21.6,26.7,17.1,21.1,0.0,0.0,59,12.9,1014.3,48,18.1,17,20.16,39600.0
2020-10-24,21.1,26.5,16.6,21.5,0.0,0.0,67,14.6,1014.4,83,12.7,12,19.94,39600.0
2020-10-25,21.2,23.9,19.1,21.8,2.5,6.0,73,16.0,1013.8,97,13.0,348,4.67,112.95
2020-10-26,21.9,23.7,20.8,23.8,4.3,15.0,84,19.0,1014.0,98,13.8,352,5.89,0.0
2020-10-27,24.2,28.8,20.6,27.4,0.0,0.0,84,21.1,1012.6,70,10.9,333,15.95,38570.37
2020-10-28,24.9,28.8,22.5,26.9,3.5,9.0,79,20.8,1012.5,98,22.7,17,11.93,23387.61
2020-10-29,22.1,23.3,21.2,22.1,10.0,17.0,79,18.2,1014.9,100,24.0,28,3.75,0.0
2020-10-30,21.1,22.2,19.8,22.6,6.6,15.0,85,18.5,1017.9,100,15.9,358,5.3,1950.48
2020-10-31,22.2,24.5,20.6,24.9,0.1,1.0,86,19.7,1017.4,94,10.1,342,5.99,0.0
2020-11-01,24.1,28.1,20.4,27.7,0.0,0.0,83,20.9,1015.7,65,10.9,109,13.28,32222.51
2020-11-02,23.4,26.5,21.5,25.2,1.7,4.0,79,19.3,1016.9,78,24.5,33,12.03,23310.81
2020-11-03,21.7,24.6,19.8,21.5,0.0,0.0,63,14.3,1018.8,77,14.1,18,13.96,28238.39
2020-11-04,21.2,23.8,19.6,21.7,0.0,0.0,70,15.3,1017.7,75,12.3,9,9.25,17901.63
2020-11-05,21.9,26.0,18.2,24.0,0.0,0.0,79,17.9,1016.9,69,8.9,70,13.37,23266.15
2020-11-06,22.8,26.7,18.7,25.2,0.3,3.0,81,19.3,1017.9,44,13.0,347,12.74,32491.82
2020-11-07,23.2,26.9,21.1,24.2,0.0,0.0,70,17.3,1019.1,29,17.3,10,15.0,38035.81
2020-11-08,23.5,27.3,20.7,23.6,0.0,0.0,60,15.3,1019.6,20,16.7,18,17.49,39206.73
2020-11-09,22.2,26.3,19.2,21.4,0.0,0.0,56,12.8,1019.3,12,20.7,22,18.52,39173.52
2020-11-10,21.2,25.9,17.1,20.1,0.0,0.0,54,11.4,1019.5,68,18.8,17,18.48,39139.74
2020-11-11,21.8,25.6,19.2,21.4,0.0,0.0,56,12.5,1020.6,84,15.5,354,10.3,20099.01
2020-11-12,22.1,27.1,19.1,21.9,0.0,0.0,58,13.1,1019.9,17,15.2,15,17.43,39069.99
2020-11-13,21.6,27.6,18.0,21.2,0.0,0.0,60,13.1,1017.8,1,16.0,9,18.3,39034.16
2020-11-14,22.0,27.1,17.0,21.1,0.0,0.0,54,12.0,1017.4,30,18.1,16,17.45,38997.76
2020-11-15,19.9,22.6,17.9,20.4,14.7,20.0,83,16.9,1017.9,100,16.9,344,4.52,0.0
2020-11-16,20.6,24.0,19.5,22.9,45.1,24.0,93,19.5,1016.2,99,16.2,332,3.6,1341.56
2020-11-17,23.4,27.6,20.4,26.6,4.6,9.0,89,21.4,1012.8,59,16.6,155,11.14,30568.66
2020-11-18,24.8,28.7,22.3,27.7,0.0,0.0,85,21.9,1011.0,56,16.4,163,11.17,29539.03
2020-11-19,24.7,28.0,22.5,28.4,0.0,0.0,88,22.4,1010.6,71,13.4,169,9.11,15030.3
2020-11-20,24.9,28.3,22.4,28.1,0.4,3.0,87,22.3,1011.1,71,14.8,160,10.57,27318.58
2020-11-21,25.0,28.3,22.7,28.3,0.6,6.0,86,22.3,1011.9,70,15.4,155,9.29,21655.69
2020-11-22,24.6,26.9,23.3,28.8,2.2,11.0,90,22.8,1015.2,74,12.1,129,10.81,32327.82
2020-11-23,24.4,27.7,22.5,28.0,4.0,13.0,86,21.9,1017.4,46,14.0,111,12.32,34677.1
2020-11-24,23.0,26.2,20.8,25.5,1.2,5.0,82,19.7,1017.7,72,12.5,99,8.56,23992.85
2020-11-25,23.0,26.4,19.9,25.7,0.9,6.0,85,20.1,1017.1,54,13.5,124,10.83,30540.87
2020-11-26,23.4,26.9,20.5,26.4,1.8,13.0,84,20.4,1018.4,48,10.8,112,11.91,36293.29
2020-11-27,21.8,25.6,18.3,22.3,0.1,1.0,73,16.5,1020.8,36,18.3,43,13.95,33735.4
2020-11-28,19.3,22.4,16.9,17.8,0.0,0.0,64,12.2,1022.7,69,20.9,33,11.58,34994.78
2020-11-29,17.7,20.6,14.8,15.6,0.0,0.0,57,9.0,1023.2,55,19.5,27,13.81,32902.38
2020-11-30,17.7,21.3,14.7,15.9,0.0,0.0,58,9.3,1023.4,35,19.0,25,16.07,36699.99
2020-12-01,18.5,21.1,16.6,17.3,0.0,0.0,60,10.4,1022.5,92,13.7,20,10.32,20496.93
2020-12-02,18.8,21.3,16.5,18.0,0.0,0.0,64,11.8,1021.4,95,13.0,36,8.86,18616.94
2020-12-03,18.8,22.1,16.4,16.8,0.0,0.0,57,10.0,1022.1,60,18.4,35,15.03,34937.36
2020-12-04,16.2,19.6,13.4,13.6,0.0,0.0,56,7.3,1022.9,51,22.3,35,14.62,28800.0
2020-12-05,14.4,18.9,11.1,12.3,0.0,0.0,63,7.3,1023.2,20,15.5,28,14.65,36534.74
2020-12-06,15.3,20.4,10.6,14.3,0.0,0.0,71,9.7,1020.9,7,12.2,63,16.56,36827.85
2020-12-07,16.8,21.9,13.0,15.8,0.0,0.0,71,11.0,1022.2,15,14.2,7,15.88,36576.62
2020-12-08,16.8,21.8,13.8,15.5,0.0,0.0,67,10.4,1021.6,24,15.4,7,15.35,36324.77
2020-12-09,17.2,21.6,11.1,17.2,0.0,0.0,74,12.3,1017.7,50,11.6,81,14.06,31156.97
2020-12-10,18.7,23.5,14.5,19.2,0.0,0.0,75,13.8,1017.2,35,10.0,43,15.35,36092.12
2020-12-11,19.5,24.3,14.3,20.3,0.0,0.0,79,15.5,1015.4,43,16.4,134,14.77,36111.6
2020-12-12,20.2,23.0,18.2,21.6,0.8,7.0,85,17.5,1014.1,75,14.5,110,6.94,8033.45
2020-12-13,22.2,26.7,18.5,24.5,0.0,0.0,86,19.6,1011.1,82,16.1,144,7.31,12744.53
2020-12-14,18.6,22.7,13.4,19.1,13.2,23.0,90,16.9,1015.8,99,24.7,44,3.91,0.0
2020-12-15,12.2,13.5,10.7,9.8,2.2,13.0,78,8.4,1022.6,99,17.7,32,3.05,0.0
2020-12-16,12.1,14.1,10.3,9.4,0.3,3.0,67,6.0,1024.6,100,15.6,29,5.71,598.0
2020-12-17,12.3,14.5,10.4,9.7,0.0,0.0,66,6.0,1023.1,96,13.1,31,7.06,5421.32
2020-12-18,12.5,15.6,10.4,9.2,0.0,0.0,60,4.9,1024.2,82,17.8,13,9.47,21879.78
2020-12-19,13.7,15.8,12.2,10.1,0.0,0.0,49,3.2,1026.2,99,17.7,15,6.05,534.49
2020-12-20,13.8,18.3,11.2,10.1,0.0,0.0,48,2.7,1026.7,64,20.5,6,11.79,28489.96
2020-12-21,13.7,18.8,10.4,10.7,0.0,0.0,54,4.1,1024.4,25,19.1,351,14.06,33349.2
2020-12-22,15.6,19.4,11.7,13.5,0.0,0.0,55,6.4,1020.3,71,11.9,356,10.25,22952.93
2020-12-23,16.7,19.4,14.3,16.0,0.2,2.0,65,10.1,1017.7,92,8.8,35,6.37,12030.26
2020-12-24,17.4,20.7,15.4,16.6,0.1,1.0,68,11.3,1018.0,81,11.7,353,7.12,5394.83
2020-12-25,17.7,21.7,13.7,17.5,0.0,0.0,71,12.2,1017.8,58,11.4,81,10.51,27639.03
2020-12-26,18.1,22.3,14.5,19.2,0.0,0.0,85,15.4,1015.8,64,9.4,118,7.45,4801.2
2020-12-27,19.9,22.2,17.8,22.3,2.0,14.0,91,18.4,1014.6,99,10.2,100,4.59,0.0
2020-12-28,21.4,26.1,19.3,23.2,1.3,10.0,88,19.3,1012.2,82,16.2,142,6.6,9810.96
2020-12-29,22.3,26.5,20.1,24.0,2.0,8.0,84,19.2,1013.7,88,28.1,118,7.38,9805.99
2020-12-30,16.3,19.7,14.7,11.9,0.2,1.0,43,3.7,1024.7,97,32.3,29,5.09,1435.13
2020-12-31,12.7,16.0,9.5,8.8,0.0,0.0,42,-0.2,1027.2,60,16.8,43,11.7,31967.14
2021-01-01,12.1,17.4,8.0,9.0,0.0,0.0,46,0.2,1025.7,48,14.7,29,17.04,36000.0
2021-01-02,12.5,18.5,6.1,10.7,0.0,0.0,65,5.4,1022.1,8,12.5,102,17.11,36000.0
2021-01-03,13.7,18.7,8.2,11.8,0.0,0.0,66,6.8,1022.1,73,11.3,35,8.0,10385.94
2021-01-04,15.8,21.4,11.8,14.1,0.0,0.0,59,7.4,1021.0,33,10.9,34,15.26,36079.7
2021-01-05,16.0,20.9,10.4,15.1,0.0,0.0,70,10.1,1020.5,74,9.4,69,7.7,10587.4
2021-01-06,17.3,19.9,15.5,16.0,0.0,0.0,60,9.4,1019.3,97,12.3,54,8.55,19014.75
2021-01-07,14.2,16.3,10.9,11.1,0.2,2.0,62,7.0,1020.7,100,18.4,39,5.9,799.16
2021-01-08,9.6,11.9,7.8,5.2,0.3,3.0,55,1.0,1026.4,90,21.6,31,6.47,7703.02
2021-01-09,10.1,12.9,8.0,6.2,0.0,0.0,42,-2.4,1025.4,82,14.0,38,8.95,30692.98
2021-01-10,11.1,13.5,8.7,7.3,0.0,0.0,37,-3.1,1024.4,96,14.5,19,8.46,12693.97
2021-01-11,11.8,15.4,9.4,6.8,0.0,0.0,32,-4.8,1029.2,69,23.3,21,7.56,12899.86
2021-01-12,12.5,17.5,7.7,9.1,0.0,0.0,42,-0.7,1026.4,55,16.6,331,14.5,30420.41
2021-01-13,14.9,20.6,9.1,12.6,0.0,0.0,49,3.4,1018.9,36,17.6,140,17.17,36434.17
2021-01-14,15.4,21.6,9.9,14.7,0.0,0.0,70,9.6,1017.2,30,10.4,95,16.55,36680.59
2021-01-15,16.0,20.4,11.5,15.9,0.0,0.0,83,12.7,1015.4,82,10.9,135,8.71,8036.49
2021-01-16,18.1,21.1,15.9,18.7,0.5,5.0,79,14.3,1016.0,90,9.2,99,5.45,1295.07
2021-01-17,14.9,17.1,13.0,12.3,4.8,13.0,68,8.5,1025.2,100,28.1,16,3.36,0.0
2021-01-18,14.2,19.4,9.8,11.1,0.0,0.0,45,2.0,1024.5,9,15.7,12,17.83,37123.06
2021-01-19,14.6,21.7,8.0,13.2,0.0,0.0,72,8.8,1018.7,0,18.1,139,17.92,37099.12
2021-01-20,16.2,21.4,10.4,15.8,0.0,0.0,80,12.3,1016.7,66,12.4,132,8.47,10408.01
2021-01-21,17.8,21.0,15.3,18.7,0.5,5.0,83,14.6,1015.8,92,11.0,87,6.29,4246.44
2021-01-22,18.8,23.2,14.0,19.5,0.0,0.0,77,14.1,1015.4,56,7.2,22,10.04,19120.44
2021-01-23,19.1,24.5,14.1,19.5,0.0,0.0,76,14.4,1014.5,42,13.2,147,12.36,24632.0
2021-01-24,19.4,25.3,14.8,19.4,0.0,0.0,81,15.7,1013.3,64,18.5,151,9.84,18869.23
2021-01-25,20.4,23.4,18.6,21.7,4.0,17.0,88,18.3,1014.6,94,16.4,127,5.34,2083.03
2021-01-26,20.1,25.2,16.8,21.1,0.5,3.0,84,17.0,1016.1,63,15.5,137,10.02,20282.33
2021-01-27,19.2,22.7,16.2,19.9,0.0,0.0,83,16.0,1016.0,81,15.5,133,6.52,1332.71
2021-01-28,17.7,18.8,16.8,16.6,0.7,4.0,70,11.7,1021.5,92,21.3,29,3.82,0.0
2021-01-29,18.3,23.0,14.9,17.2,0.0,0.0,61,10.3,1020.8,70,14.3,107,11.76,24774.5
2021-01-30,18.1,21.5,14.4,18.2,0.4,4.0,79,14.2,1019.6,93,13.8,128,6.88,3538.53
2021-01-31,18.8,21.9,16.0,19.3,1.0,6.0,83,15.9,1019.1,94,16.6,126,5.58,362.39
2021-02-01,20.3,25.2,17.8,21.3,0.0,0.0,80,16.6,1018.1,86,15.9,135,8.54,14452.42
2021-02-02,19.5,23.9,16.7,20.5,0.9,6.0,85,16.7,1018.7,72,13.5,131,7.0,6195.7
2021-02-03,20.2,25.5,16.6,21.0,0.0,0.0,81,16.2,1019.2,63,16.2,140,9.77,17417.55
2021-02-04,19.9,24.6,17.1,20.9,0.5,3.0,82,16.5,1019.7,62,12.6,139,7.97,13382.66
2021-02-05,20.0,25.0,16.2,20.8,0.1,1.0,81,16.1,1018.2,66,13.5,143,10.52,15003.26
2021-02-06,19.9,25.4,15.6,20.8,0.0,0.0,79,15.5,1017.0,60,13.0,144,12.46,24612.73
2021-02-07,21.2,26.1,16.8,22.1,0.0,0.0,76,16.3,1016.0,70,13.0,135,12.57,22500.45
2021-02-08,20.5,25.5,17.6,22.0,7.8,14.0,82,17.0,1017.3,66,10.9,89,12.24,27338.23
2021-02-09,16.5,18.0,13.9,16.3,33.7,20.0,90,14.9,1017.4,88,18.2,349,4.03,0.0
2021-02-10,17.2,22.9,12.4,16.9,0.0,0.0,77,12.6,1016.1,28,12.9,338,15.82,38893.55
2021-02-11,18.1,23.4,13.2,18.4,0.0,0.0,76,13.2,1016.3,29,11.8,73,17.89,36847.82
2021-02-12,18.4,22.8,14.7,18.9,0.0,0.0,77,14.0,1017.2,47,10.9,134,11.3,22344.23
2021-02-13,18.9,24.3,14.1,18.9,0.0,0.0,74,13.7,1016.7,50,16.0,136,13.34,26495.39
2021-02-14,19.9,25.0,15.4,20.7,0.0,0.0,76,15.1,1016.3,48,12.4,139,13.1,34687.43
2021-02-15,20.4,25.1,16.3,21.1,0.4,4.0,81,16.8,1013.5,63,17.1,144,8.46,2960.93
2021-02-16,20.9,24.8,17.7,22.1,1.0,4.0,83,17.6,1014.8,84,14.0,119,7.77,7564.74
2021-02-17,19.5,21.9,18.0,18.7,0.4,2.0,67,13.1,1020.2,90,18.9,5,7.66,11270.09
2021-02-18,20.1,23.8,17.7,20.9,0.0,0.0,71,14.5,1023.1,93,9.7,111,9.86,13309.34
2021-02-19,20.3,24.6,17.0,20.9,0.0,0.0,70,14.2,1022.7,77,10.3,136,11.04,14536.57
2021-02-20,19.6,25.5,14.2,20.0,0.0,0.0,71,13.4,1019.3,21,13.9,150,19.09,39199.25
2021-02-21,20.6,27.4,15.6,20.6,0.0,0.0,72,14.9,1015.3,8,21.2,152,19.57,39733.51
2021-02-22,20.9,24.9,17.5,22.3,0.6,5.0,81,17.4,1014.7,87,17.3,141,8.15,2298.98
2021-02-23,21.7,26.0,17.9,23.1,0.2,2.0,78,17.4,1014.0,58,14.4,148,9.83,12145.17
2021-02-24,21.8,26.2,18.6,22.4,0.2,2.0,80,17.9,1010.6,64,23.2,154,9.27,12024.57
2021-02-25,22.9,28.6,19.8,24.5,0.8,7.0,83,19.6,1007.0,70,21.3,146,9.87,15276.48
2021-02-26,23.1,26.6,20.4,25.4,2.3,10.0,85,20.2,1007.3,78,15.3,114,9.37,16976.63
2021-02-27,17.7,19.1,16.2,17.3,6.8,12.0,79,13.9,1012.2,100,19.4,35,3.96,0.0
2021-02-28,18.6,20.9,16.9,20.6,6.6,23.0,92,17.4,1012.2,100,8.0,16,3.53,0.0
2021-03-01,22.0,25.5,19.9,24.7,8.2,17.0,89,20.1,1014.0,99,23.2,34,7.62,1159.14
2021-03-02,18.4,19.9,16.6,17.2,1.4,8.0,62,10.9,1019.3,100,20.9,35,5.48,0.0
2021-03-03,17.7,19.6,16.3,18.1,10.0,14.0,80,14.2,1018.5,100,9.7,26,4.55,0.0
2021-03-04,18.2,21.0,15.7,19.1,1.2,9.0,86,15.7,1016.2,99,10.0,77,6.55,2696.83
2021-03-05,21.0,24.7,18.0,23.2,0.6,6.0,87,18.7,1012.5,97,12.5,136,7.83,1949.33
2021-03-06,23.9,29.1,21.2,27.2,0.2,2.0,84,20.7,1013.3,61,13.9,80,16.98,37969.65
2021-03-07,20.8,22.1,19.2,21.8,4.3,7.0,77,16.6,1017.0,95,20.9,57,5.67,0.0
2021-03-08,22.3,26.4,19.7,24.4,2.0,13.0,84,19.4,1016.1,86,18.3,147,9.36,15891.29
2021-03-09,22.9,27.1,20.7,24.5,0.4,4.0,86,20.2,1015.7,81,23.8,134,10.53,21669.89
2021-03-10,23.1,26.7,20.5,24.6,1.0,8.0,84,20.1,1015.4,77,24.3,144,10.53,17543.73
2021-03-11,23.1,26.1,20.7,25.0,1.3,9.0,84,20.1,1016.6,80,18.9,129,9.52,14954.33
2021-03-12,22.9,27.3,19.8,25.3,0.3,3.0,85,19.9,1017.2,70,17.1,140,11.13,17828.71
2021-03-13,22.4,25.7,19.8,24.7,1.2,7.0,86,19.9,1016.8,70,14.0,131,10.22,24488.81
2021-03-14,22.2,26.6,18.8,24.0,0.3,3.0,83,18.9,1013.8,58,15.3,151,11.55,22242.4
2021-03-15,23.2,26.2,20.2,25.0,0.9,9.0,83,20.1,1011.0,83,20.4,157,9.08,12271.62
2021-03-16,23.4,27.0,21.5,25.7,1.2,9.0,88,21.1,1010.7,93,19.4,143,7.94,6019.13
2021-03-17,23.8,27.2,21.8,26.2,1.0,8.0,87,21.4,1010.3,96,19.9,145,8.38,3535.28
2021-03-18,24.1,27.7,21.7,26.7,0.8,7.0,85,21.4,1009.9,90,17.5,148,7.81,1071.62
2021-03-19,24.8,27.9,22.6,27.3,0.7,7.0,84,21.9,1008.6,97,20.4,151,8.23,262.11
2021-03-20,24.7,27.7,23.2,27.9,1.9,16.0,87,22.3,1008.4,96,16.8,139,7.16,662.92
2021-03-21,18.8,23.4,15.8,18.0,8.8,16.0,77,14.6,1016.2,99,33.6,33,4.82,0.0
2021-03-22,16.8,19.6,15.1,14.1,0.0,0.0,55,7.7,1024.0,72,20.0,23,11.7,16613.76
2021-03-23,17.5,21.8,14.2,16.8,0.0,0.0,62,10.0,1020.5,32,12.4,34,17.59,29037.58
2021-03-24,19.1,23.9,14.5,19.9,0.0,0.0,79,15.1,1015.8,58,13.3,136,13.78,25295.44
2021-03-25,21.0,24.3,19.0,23.4,1.5,11.0,88,19.0,1013.6,86,10.7,126,5.32,0.0
2021-03-26,22.8,26.7,20.0,25.5,1.7,12.0,90,21.1,1011.1,97,18.2,146,6.62,1313.74
2021-03-27,24.2,27.4,22.6,27.0,1.2,12.0,89,22.1,1008.9,95,20.8,147,6.81,317.26
2021-03-28,24.4,27.0,22.7,27.8,2.3,15.0,90,22.7,1007.7,96,18.0,137,6.44,312.69
2021-03-29,26.0,31.4,23.1,29.9,0.0,0.0,86,23.2,1004.0,60,16.9,147,15.97,25030.42
2021-03-30,27.1,32.6,23.3,31.9,0.0,0.0,83,23.9,1001.2,62,16.2,143,15.42,23244.92
2021-03-31,27.7,33.5,23.4,32.2,0.0,0.0,80,23.8,1000.8,43,19.6,142,20.25,40295.39
2021-04-01,26.9,32.7,23.0,31.3,0.0,0.0,83,23.6,1002.5,27,17.1,137,16.56,31522.39
2021-04-02,26.6,31.2,23.7,30.6,0.6,6.0,86,23.9,1005.7,72,17.1,134,11.42,14341.33
2021-04-03,25.2,27.1,23.3,29.6,3.4,12.0,92,23.8,1009.4,99,16.1,125,4.14,0.0
2021-04-04,24.3,28.6,22.3,27.8,5.9,11.0,88,22.2,1012.2,77,16.8,86,12.64,21905.63
2021-04-05,22.7,26.9,20.0,25.2,4.6,11.0,84,19.8,1015.0,71,12.8,82,9.28,15999.77
2021-04-06,23.3,26.1,21.1,26.0,1.1,4.0,86,20.8,1015.0,74,18.8,97,10.5,16719.65
2021-04-07,24.3,27.5,21.8,27.6,1.0,6.0,87,21.8,1013.0,73,13.3,152,8.67,12339.43
2021-04-08,24.3,27.8,20.8,27.5,13.1,22.0,89,22.2,1011.5,78,19.5,105,13.65,32816.0
2021-04-09,20.1,22.1,17.8,20.6,2.1,9.0,80,16.4,1015.0,100,18.3,14,6.67,338.89
2021-04-10,20.8,23.8,18.6,23.0,2.4,15.0,87,18.5,1016.1,100,10.5,9,7.69,882.74
2021-04-11,24.4,28.3,21.6,27.5,1.9,15.0,85,21.7,1015.0,87,18.5,146,13.93,29470.31
2021-04-12,25.1,28.8,22.0,28.3,0.8,6.0,87,22.6,1013.2,96,18.5,152,12.53,22830.79
2021-04-13,25.3,27.6,23.6,28.5,0.2,2.0,86,22.6,1011.6,99,16.9,144,7.86,2080.22
2021-04-14,25.5,28.5,23.0,29.0,0.3,3.0,86,22.9,1009.9,98,16.8,144,9.66,4235.43
2021-04-15,25.5,28.0,24.2,29.4,2.8,12.0,90,23.7,1008.8,96,20.5,133,8.21,953.01
2021-04-16,25.8,28.1,23.8,29.3,3.8,16.0,86,23.1,1010.3,97,18.7,128,10.08,12336.4
2021-04-17,22.2,24.1,20.9,24.6,15.9,24.0,92,20.9,1014.3,99,18.4,35,5.16,0.0
2021-04-18,22.6,25.6,20.3,25.8,3.6,12.0,87,20.2,1012.8,99,9.5,17,10.17,5969.44
2021-04-19,25.3,28.9,22.6,29.4,2.3,12.0,88,23.1,1008.4,60,17.3,143,16.13,33909.93
2021-04-20,26.8,30.2,24.1,30.9,1.5,7.0,87,24.2,1007.2,66,19.4,143,14.49,28199.73
2021-04-21,27.1,29.8,25.2,31.3,3.0,10.0,86,24.6,1007.9,71,20.4,148,16.39,35624.92
2021-04-22,27.3,30.9,25.3,31.8,2.2,12.0,86,24.7,1007.5,61,16.6,140,17.35,32400.0
2021-04-23,27.6,31.8,25.2,31.8,1.9,13.0,84,24.6,1005.2,55,19.6,146,15.49,27487.96
2021-04-24,28.1,32.4,25.1,32.9,1.1,7.0,85,25.2,1005.2,75,18.3,137,14.7,26795.02
2021-04-25,26.4,29.9,24.4,31.3,17.0,23.0,91,24.7,1008.1,94,17.1,128,9.81,9175.93
2021-04-26,23.0,24.5,20.9,26.1,41.1,22.0,92,21.7,1010.6,100,22.4,41,3.66,0.0
2021-04-27,22.5,24.8,20.4,25.2,5.6,19.0,87,20.1,1013.3,100,10.9,25,7.5,265.75
2021-04-28,22.9,25.5,21.0,25.6,14.1,19.0,88,20.8,1014.9,95,16.7,33,11.08,12433.75
2021-04-29,21.4,23.9,19.7,23.0,3.1,7.0,81,17.9,1015.5,94,14.2,349,8.99,8043.57
2021-04-30,23.1,27.6,18.4,26.1,0.0,0.0,82,19.8,1012.0,52,14.5,132,21.49,43200.0
2021-05-01,24.7,28.7,21.2,28.8,4.9,8.0,87,22.3,1011.3,86,12.8,137,12.73,14160.97
2021-05-02,26.2,29.0,23.9,31.0,7.1,12.0,91,24.5,1009.7,91,15.9,152,14.38,29728.84
2021-05-03,27.5,30.7,25.5,31.8,4.4,6.0,86,24.9,1007.1,66,21.4,158,17.24,40131.66
2021-05-04,28.3,32.8,25.2,33.4,0.0,0.0,82,24.7,1007.0,43,17.1,150,19.44,39600.0
2021-05-05,25.5,27.1,23.2,30.5,21.6,20.0,92,24.1,1011.2,96,15.1,83,8.35,7870.19
2021-05-06,26.0,30.1,22.6,29.9,0.2,1.0,83,22.7,1012.6,92,15.0,125,13.36,20781.4
2021-05-07,27.3,31.5,24.6,31.5,0.2,2.0,84,24.2,1011.1,52,18.8,169,18.45,34490.54
2021-05-08,27.3,31.3,24.3,31.8,0.0,0.0,84,24.2,1008.5,66,16.5,158,14.54,24859.68
2021-05-09,28.1,32.9,24.7,33.1,0.1,1.0,84,24.9,1006.4,63,17.3,151,17.3,29687.97
2021-05-10,29.4,34.3,25.8,34.9,0.0,0.0,82,25.8,1004.7,36,16.9,159,22.31,43435.18
2021-05-11,30.1,35.0,26.5,35.9,0.0,0.0,79,25.7,1003.5,49,17.9,169,23.76,41723.74
2021-05-12,30.4,34.9,27.0,36.0,0.0,0.0,78,26.0,1003.3,46,16.8,162,22.54,41159.84
2021-05-13,29.1,33.0,26.5,34.7,13.3,7.0,83,25.8,1004.2,58,17.7,154,17.74,32593.73
2021-05-14,29.4,32.0,27.0,34.3,0.4,3.0,81,25.8,1004.0,48,22.7,159,18.71,42000.47
2021-05-15,30.4,34.4,27.5,35.4,0.0,0.0,78,26.0,1004.3,54,19.8,164,19.43,39938.24
2021-05-16,30.6,35.2,27.3,36.3,0.0,0.0,79,26.3,1004.5,49,19.7,155,22.74,43630.92
2021-05-17,29.9,33.2,27.6,35.1,0.6,4.0,80,26.0,1005.8,45,21.7,148,17.89,37204.1
2021-05-18,29.9,34.0,27.4,35.2,1.0,5.0,81,26.1,1005.5,60,19.6,147,18.18,38761.61
2021-05-19,30.8,35.7,27.5,36.1,0.4,2.0,77,26.0,1003.1,72,19.9,156,21.8,39358.66
2021-05-20,31.2,36.2,27.8,37.1,0.7,1.0,75,26.0,1003.3,93,19.2,148,21.82,37472.15
2021-05-21,31.0,35.5,27.4,36.3,1.1,3.0,76,26.0,1002.8,76,21.6,151,17.69,37027.63
2021-05-22,31.7,36.7,28.3,36.8,0.5,2.0,72,25.9,1001.2,62,22.2,154,24.48,43848.35
2021-05-23,30.7,35.0,27.5,36.4,1.2,5.0,79,26.4,1003.4,80,21.0,126,19.46,42663.14
2021-05-24,27.5,30.2,25.3,31.6,23.6,12.0,80,23.7,1008.7,98,17.5,28,11.54,16039.95
2021-05-25,25.6,27.8,23.8,29.6,21.9,14.0,85,22.8,1008.7,82,18.4,348,10.32,10286.51
2021-05-26,27.6,30.6,24.5,33.1,3.5,7.0,87,25.1,1006.6,74,17.7,140,18.44,42763.8
2021-05-27,28.5,31.6,25.6,34.4,1.9,11.0,85,25.7,1007.5,65,19.1,136,19.66,42541.1
2021-05-28,28.8,31.9,25.9,34.8,1.6,11.0,84,25.8,1007.6,86,14.7,142,21.18,40733.26
2021-05-29,30.4,34.5,26.7,36.2,0.1,1.0,79,26.2,1004.9,84,17.2,161,20.28,44084.54
2021-05-30,31.4,35.4,27.7,38.2,1.6,2.0,75,26.4,1002.4,98,14.6,159,22.68,39945.53
2021-05-31,31.8,36.6,27.7,38.7,0.0,0.0,74,26.3,1000.7,95,12.3,153,23.9,39860.2
2021-06-01,32.9,37.4,28.6,39.4,0.0,0.0,69,26.2,1000.7,88,18.0,182,24.97,43547.93
2021-06-02,32.5,37.0,29.0,39.1,0.0,0.0,72,26.5,1001.5,99,16.3,164,21.9,40810.01
2021-06-03,33.1,38.2,29.0,39.7,1.3,3.0,70,26.5,1001.5,90,17.8,164,25.18,43813.91
2021-06-04,27.0,29.7,25.1,30.0,6.6,6.0,74,21.9,1006.7,96,25.1,19,13.68,16610.13
2021-06-05,27.4,30.9,24.4,31.9,0.2,2.0,73,22.0,1005.9,76,8.2,131,19.48,43547.98
2021-06-06,28.1,31.6,25.3,34.1,13.8,13.0,82,24.7,1003.9,73,13.2,143,19.64,39678.61
2021-06-07,27.8,32.0,25.5,33.8,16.4,16.0,87,25.3,1004.6,89,15.9,116,18.97,36224.15
2021-06-08,26.9,29.7,24.8,32.9,29.0,23.0,90,25.1,1005.6,96,11.2,62,12.22,22572.37
2021-06-09,27.3,30.5,25.2,33.6,13.3,22.0,89,25.2,1004.4,98,7.3,68,13.51,20566.75
2021-06-10,27.5,31.2,24.7,33.8,26.8,19.0,89,25.4,1003.0,99,13.0,78,14.95,22410.0
2021-06-11,27.2,31.0,25.3,33.4,20.6,17.0,91,25.6,1003.6,97,13.3,64,12.78,18273.9
2021-06-12,27.8,31.5,25.4,33.0,23.0,22.0,87,25.4,1002.6,99,20.4,348,16.92,28947.13
2021-06-13,27.3,30.0,25.4,31.5,15.7,21.0,87,24.8,1001.5,86,24.8,85,14.29,29453.16
2021-06-14,28.9,32.6,25.3,34.2,2.9,8.0,80,25.0,1001.0,43,15.3,158,21.37,44139.51
2021-06-15,29.8,33.1,26.8,34.8,0.4,3.0,74,24.5,999.5,58,14.4,181,23.41,43866.62
2021-06-16,31.2,34.6,27.7,36.9,0.0,0.0,72,25.3,1001.1,80,16.5,181,23.93,42491.99
2021-06-17,31.6,35.5,27.4,37.2,0.0,0.0,69,25.1,1002.9,58,16.9,175,25.68,44938.41
2021-06-18,31.8,36.2,27.6,37.7,0.0,0.0,70,25.4,1003.0,6,16.6,181,26.19,44936.54
2021-06-19,32.5,37.0,28.6,37.7,0.0,0.0,65,24.7,1000.8,48,15.7,197,26.77,45474.29
2021-06-20,33.0,37.4,29.1,38.3,0.0,0.0,63,24.6,998.9,54,14.0,206,26.92,45473.59
2021-06-21,33.0,37.3,28.9,39.2,0.0,0.0,65,25.2,999.4,89,13.0,203,25.35,43606.93
2021-06-22,30.7,33.7,27.7,36.9,4.8,3.0,77,26.0,1003.0,99,15.9,37,16.5,27896.86
2021-06-23,29.1,33.1,26.4,35.1,13.5,9.0,83,25.6,1003.7,100,12.4,113,15.04,24256.15
2021-06-24,29.2,31.8,27.0,36.0,10.8,12.0,85,26.3,1002.4,97,10.1,106,14.11,22924.01
2021-06-25,28.7,32.6,26.8,35.3,12.8,13.0,87,26.2,1002.2,92,14.4,121,13.73,18159.02
2021-06-26,29.8,32.8,26.5,36.1,1.8,7.0,81,26.1,1003.1,90,13.4,161,18.52,39650.89
2021-06-27,31.6,35.7,27.6,36.8,0.0,0.0,69,25.0,1001.9,85,15.8,188,24.95,44406.31
2021-06-28,31.6,35.8,28.5,37.2,0.0,0.0,69,25.0,999.6,97,15.0,206,23.25,40652.12
2021-06-29,31.0,33.9,28.3,37.4,0.3,2.0,76,26.1,999.8,100,9.8,192,17.19,31133.19
2021-06-30,31.3,34.8,28.2,37.2,0.7,2.0,73,25.6,1000.2,100,15.3,175,19.11,34689.51
2021-07-01,31.3,34.9,28.3,35.9,0.0,0.0,68,24.5,1000.6,99,15.9,182,19.16,33812.05
2021-07-02,31.8,36.3,28.2,37.1,0.0,0.0,66,24.4,1001.8,99,13.3,193,22.45,40515.13
2021-07-03,31.7,35.7,28.5,38.1,0.0,0.0,71,25.4,1002.0,98,9.8,217,22.06,39963.86
2021-07-04,31.4,35.9,28.2,38.5,0.7,3.0,77,26.6,1002.5,93,15.0,119,20.9,39566.4
2021-07-05,29.8,32.5,28.0,36.2,6.6,15.0,82,26.4,1004.1,90,15.2,135,17.2,38953.66
2021-07-06,29.4,32.6,26.6,36.0,2.2,10.0,82,25.9,1004.0,46,13.4,110,21.92,44727.88
2021-07-07,28.5,31.9,26.8,35.0,16.1,13.0,87,26.1,1004.3,73,12.3,324,16.13,33190.07
2021-07-08,27.3,29.2,25.8,31.9,30.7,20.0,89,25.2,1005.8,93,21.8,96,13.74,28679.25
2021-07-09,27.8,31.1,25.5,33.2,6.4,19.0,86,25.1,1008.2,56,17.3,136,17.1,33130.2
2021-07-10,28.1,31.3,25.6,34.1,2.8,11.0,84,25.0,1008.5,45,16.7,152,20.89,44497.54
2021-07-11,28.8,32.5,25.5,34.3,0.4,3.0,80,24.8,1009.2,52,15.8,158,23.27,44508.15
2021-07-12,29.5,33.5,25.9,34.6,0.0,0.0,78,24.9,1008.0,17,18.6,166,26.49,45052.56
2021-07-13,29.8,33.8,26.7,35.2,1.0,6.0,80,25.9,1005.7,27,20.5,161,22.8,44266.23
2021-07-14,30.1,33.6,27.6,35.5,0.2,2.0,78,25.7,1005.4,24,17.2,156,23.72,44012.88
2021-07-15,29.7,32.9,26.8,34.9,1.0,8.0,77,25.0,1007.0,24,16.3,157,22.79,44822.77
2021-07-16,30.0,34.0,26.4,35.9,0.1,1.0,77,25.3,1007.4,36,14.9,157,24.7,44571.07
2021-07-17,30.3,34.6,26.2,36.5,0.0,0.0,77,25.6,1003.8,69,15.5,153,24.81,44585.51
2021-07-18,29.0,32.0,27.1,35.5,7.1,14.0,85,26.2,1001.6,98,13.4,134,15.07,21991.82
2021-07-19,28.3,32.0,26.4,35.2,15.0,12.0,88,26.0,1001.9,93,11.3,81,15.78,25005.03
2021-07-20,27.3,31.2,24.5,33.5,15.5,22.0,89,25.3,1002.5,100,8.7,342,15.69,23726.68
2021-07-21,28.1,31.2,25.4,34.3,0.3,1.0,86,25.4,1001.5,98,9.2,271,14.07,23128.75
2021-07-22,28.0,30.2,26.6,34.8,12.5,20.0,90,26.2,999.9,100,8.2,271,9.1,6034.11
2021-07-23,26.6,27.4,25.8,31.9,76.1,22.0,95,25.7,998.3,98,20.7,300,3.32,0.0
2021-07-24,28.3,31.5,24.9,34.3,6.0,15.0,87,25.9,998.5,79,15.3,345,19.35,43207.4
2021-07-25,29.2,32.6,26.0,36.4,8.0,10.0,87,26.6,999.8,79,12.4,359,18.65,28118.26
2021-07-26,29.0,33.1,26.5,35.8,2.5,8.0,85,26.0,999.3,65,11.5,268,20.56,32376.98
2021-07-27,29.9,33.9,26.3,37.0,0.3,3.0,82,26.4,997.7,72,10.8,232,22.22,41373.17
2021-07-28,29.7,33.0,27.7,37.1,1.0,4.0,86,27.0,997.6,90,11.2,315,17.68,27751.71
2021-07-29,29.0,32.2,27.0,36.4,12.5,11.0,89,27.0,999.1,99,8.4,91,15.49,21600.0
2021-07-30,29.9,33.2,26.7,37.0,1.5,7.0,85,26.9,999.7,93,13.9,175,19.19,43200.0
2021-07-31,30.9,34.4,27.4,38.0,22.4,6.0,81,27.0,998.6,95,15.5,252,20.73,38176.29
2021-08-01,26.6,27.3,26.0,32.7,28.5,17.0,94,25.6,999.1,99,11.8,302,4.2,0.0
2021-08-02,29.2,33.1,25.3,36.2,0.3,3.0,85,26.1,998.6,83,10.3,274,21.29,39600.0
2021-08-03,29.9,33.9,26.8,37.0,0.7,1.0,84,26.8,999.6,90,12.1,261,21.6,38680.14
2021-08-04,31.2,35.6,27.3,38.8,0.7,1.0,79,26.9,999.6,69,10.1,310,25.26,43225.74
2021-08-05,31.9,36.0,27.9,39.2,0.0,0.0,76,26.9,998.2,79,13.9,291,24.33,43200.0
2021-08-06,32.2,36.2,28.8,39.1,0.0,0.0,72,26.4,998.8,98,12.2,265,21.42,32971.65
2021-08-07,32.4,36.4,28.1,39.0,0.0,0.0,70,26.0,1000.0,99,11.4,225,23.26,40859.99
2021-08-08,31.2,34.2,28.4,38.7,0.0,0.0,79,27.0,1001.2,98,7.9,137,14.12,26528.74
2021-08-09,30.4,33.3,28.3,37.8,17.4,5.0,84,27.2,1001.7,98,11.5,107,14.04,14874.54
2021-08-10,27.9,31.0,26.1,34.6,32.4,19.0,93,26.6,1002.0,100,12.1,89,10.38,10659.02
2021-08-11,27.7,31.1,26.2,34.2,35.7,19.0,93,26.4,1004.4,99,15.1,131,11.58,16612.05
2021-08-12,28.7,33.2,25.5,35.0,6.3,11.0,87,26.1,1005.5,97,12.6,138,16.68,20403.52
2021-08-13,30.0,32.9,27.2,36.4,0.4,4.0,82,26.5,1001.8,88,13.4,165,19.76,36385.43
2021-08-14,29.4,32.2,27.1,36.5,12.5,7.0,86,26.7,1001.2,100,8.5,133,11.93,6565.2
2021-08-15,27.3,30.6,25.7,33.6,19.4,17.0,91,25.7,1005.2,98,9.6,92,9.36,4719.27
2021-08-16,28.6,31.9,25.0,34.7,17.0,4.0,85,25.7,1008.7,91,11.0,126,16.62,34000.88
2021-08-17,29.3,33.1,26.0,36.0,4.7,13.0,83,26.0,1008.0,54,11.6,142,21.47,43200.0
2021-08-18,29.5,32.6,26.8,36.3,6.3,9.0,85,26.6,1006.0,75,16.0,138,18.89,40686.82
2021-08-19,28.4,31.3,26.0,34.5,9.8,9.0,86,25.9,1006.3,80,13.4,134,18.41,38713.5
2021-08-20,28.8,31.9,26.2,35.1,9.0,10.0,86,26.2,1007.5,57,13.5,144,19.96,43200.0
2021-08-21,30.0,33.2,27.3,36.2,1.1,6.0,84,26.8,1006.4,75,17.1,160,20.89,43200.0
2021-08-22,30.8,34.6,27.7,37.3,0.0,0.0,80,26.9,1003.8,47,16.6,157,22.21,43200.0
2021-08-23,30.6,34.8,28.4,37.2,3.0,7.0,80,26.7,1002.7,89,15.5,148,21.82,40581.15
2021-08-24,29.2,32.7,27.0,36.2,15.3,16.0,88,26.9,1003.8,99,14.0,119,16.87,38784.17
2021-08-25,28.7,31.5,25.9,34.7,2.1,11.0,85,25.9,1005.4,79,15.2,133,18.18,38037.19
2021-08-26,27.6,30.6,25.9,33.6,10.3,18.0,89,25.5,1008.0,73,14.7,129,17.16,34231.94
2021-08-27,26.8,30.2,24.4,32.5,8.8,18.0,88,24.5,1009.7,87,9.5,121,16.11,38599.17
2021-08-28,26.3,29.6,24.6,31.8,6.0,18.0,89,24.3,1009.6,80,12.8,114,15.69,30324.68
2021-08-29,27.0,30.9,24.3,32.8,2.8,12.0,87,24.6,1009.3,43,13.3,111,21.0,41018.96
2021-08-30,27.6,31.4,25.1,33.5,1.5,9.0,85,24.8,1009.7,87,11.7,121,19.89,42220.84
2021-08-31,27.9,31.4,25.2,34.0,1.9,9.0,86,25.3,1009.6,49,11.8,121,18.96,39347.74
2021-09-01,28.1,31.5,25.4,34.2,3.7,8.0,85,25.3,1008.6,62,11.7,115,17.58,38381.14
2021-09-02,27.0,30.1,25.1,33.0,11.7,19.0,88,24.8,1007.5,91,8.2,60,13.98,19682.34
2021-09-03,27.7,31.0,24.8,33.8,7.3,12.0,87,25.3,1005.5,61,12.5,118,18.95,42888.57
2021-09-04,27.7,31.0,25.0,33.6,10.3,20.0,88,25.4,1005.6,59,12.4,124,17.76,42545.39
2021-09-05,26.8,30.0,24.4,32.5,10.8,16.0,90,24.9,1008.3,73,14.2,109,14.82,36876.67
2021-09-06,27.9,31.2,25.1,34.3,2.7,13.0,87,25.3,1010.2,70,8.3,241,18.93,38845.6
2021-09-07,27.4,29.9,25.8,33.1,16.2,16.0,88,25.2,1009.7,80,15.8,345,13.94,23377.06
2021-09-08,26.5,29.2,24.6,31.2,19.5,19.0,88,24.4,1008.5,90,18.4,33,13.28,29861.74
2021-09-09,26.7,30.3,24.3,32.6,7.6,16.0,89,24.7,1009.7,64,11.1,325,16.44,31926.26
2021-09-10,28.4,32.8,24.3,34.4,0.0,0.0,82,24.7,1008.4,54,11.5,317,22.95,43200.0
2021-09-11,29.6,33.4,26.1,36.2,0.0,0.0,79,25.4,1005.4,52,8.2,304,22.51,43185.17
2021-09-12,30.5,34.3,26.7,37.7,0.1,1.0,79,26.3,1002.6,71,9.7,142,23.07,43127.82
2021-09-13,28.8,31.5,26.5,35.5,8.0,6.0,88,26.5,1005.7,78,12.4,35,14.22,24314.53
2021-09-14,26.7,29.1,25.2,32.8,33.1,20.0,91,25.2,1009.8,99,10.1,46,8.97,3386.66
2021-09-15,26.7,29.8,25.0,32.4,14.3,18.0,90,24.8,1011.2,95,8.9,64,10.4,11760.28
2021-09-16,26.9,29.8,25.2,32.4,4.4,11.0,88,24.7,1010.0,87,13.8,145,9.81,10746.29
2021-09-17,27.8,31.5,25.4,33.5,0.9,4.0,87,25.3,1008.3,86,13.9,150,13.47,28981.47
2021-09-18,28.4,31.4,25.9,34.2,0.9,5.0,86,25.6,1008.9,56,16.0,148,19.23,41955.09
2021-09-19,28.7,32.6,25.6,34.4,0.0,0.0,82,25.0,1009.1,72,12.7,143,21.15,42091.9
2021-09-20,27.8,31.1,25.6,34.1,3.8,8.0,88,25.4,1009.6,65,10.5,64,17.14,37425.56
2021-09-21,27.8,31.1,25.2,34.1,4.4,11.0,86,25.2,1009.1,46,11.2,165,19.42,40300.5
2021-09-22,26.2,27.8,24.9,31.6,2.4,14.0,90,24.5,1009.2,69,11.2,110,10.86,17221.7
2021-09-23,26.8,29.4,24.8,32.8,10.9,16.0,90,24.8,1010.8,77,11.3,92,13.7,32382.27
2021-09-24,26.0,28.6,24.7,31.4,26.1,20.0,92,24.6,1011.3,88,15.1,41,9.61,9776.19
2021-09-25,25.8,29.0,24.0,31.3,28.2,22.0,92,24.4,1011.1,92,12.9,75,10.27,17109.32
2021-09-26,26.1,29.9,24.1,31.7,16.6,21.0,91,24.4,1011.5,78,13.0,56,13.45,25093.68
2021-09-27,26.2,29.5,24.2,32.0,10.0,18.0,90,24.4,1011.1,85,6.4,296,14.81,29320.89
2021-09-28,27.7,31.7,24.1,33.6,0.0,0.0,83,24.4,1009.6,31,12.4,165,20.56,38039.66
2021-09-29,28.3,32.1,24.5,34.3,0.1,1.0,83,24.8,1008.3,25,12.5,152,20.38,40293.21
2021-09-30,28.7,32.4,25.4,34.9,0.1,1.0,82,25.2,1008.2,16,12.0,148,20.24,40321.91
2021-10-01,28.3,31.8,25.6,34.4,2.6,6.0,85,25.5,1008.5,48,12.7,152,17.51,35153.32
2021-10-02,27.8,31.1,25.3,33.2,0.2,2.0,83,24.4,1009.4,64,13.0,155,16.63,34269.79
2021-10-03,27.3,30.6,24.2,32.3,0.0,0.0,82,23.8,1010.0,45,11.1,145,14.01,33722.67
2021-10-04,27.2,30.8,24.4,33.3,1.2,7.0,87,24.8,1010.9,30,13.2,101,17.83,39445.66
2021-10-05,27.1,31.3,24.8,32.9,8.1,14.0,87,24.6,1010.9,59,12.6,12,14.9,34683.1
2021-10-06,27.5,31.8,24.4,33.5,1.6,4.0,85,24.7,1008.0,51,6.9,313,18.08,39600.0
2021-10-07,28.6,32.4,25.5,33.4,1.2,3.0,78,24.0,1005.1,63,14.5,333,18.41,39008.44
2021-10-08,28.8,32.7,26.3,31.1,0.0,0.0,63,20.9,1004.3,71,21.6,10,18.74,39806.35
2021-10-09,25.6,27.9,23.2,28.0,19.7,14.0,78,21.3,1004.3,100,17.7,342,4.55,2125.91
2021-10-10,23.7,24.4,23.1,25.7,122.5,24.0,91,22.2,1003.0,100,25.0,336,2.53,0.0
2021-10-11,22.7,23.5,22.2,23.8,68.5,19.0,87,20.3,1008.1,98,25.1,23,2.62,0.0
2021-10-12,24.4,28.4,21.7,24.4,0.0,0.0,63,16.9,1009.3,57,25.8,1,18.91,39664.36
2021-10-13,23.4,26.2,22.1,23.9,31.8,11.0,73,18.2,1005.9,100,25.8,340,9.07,13082.95
2021-10-14,21.4,22.5,20.9,21.3,36.0,24.0,85,18.8,1006.1,100,29.1,11,1.97,0.0
2021-10-15,21.6,23.8,21.0,23.1,12.8,21.0,89,19.6,1011.0,100,21.6,2,3.64,0.0
2021-10-16,21.3,23.4,19.9,21.1,3.3,11.0,77,17.0,1016.6,100,28.1,4,4.77,480.97
2021-10-17,21.3,23.7,19.6,20.0,0.2,1.0,64,14.2,1019.6,94,25.2,4,10.93,16864.08
2021-10-18,19.2,20.7,17.9,19.8,7.8,20.0,86,16.7,1018.5,100,15.9,346,3.96,0.0
2021-10-19,21.7,25.8,19.8,24.6,16.3,6.0,90,19.9,1017.0,95,10.7,336,8.11,8269.01
2021-10-20,25.6,30.7,20.6,29.6,0.0,0.0,85,22.7,1013.4,69,18.0,158,16.6,35824.72
2021-10-21,22.2,24.7,20.2,23.0,29.1,14.0,78,18.0,1015.4,98,31.4,33,7.48,7200.0
2021-10-22,19.8,20.7,18.9,18.2,0.1,1.0,60,11.8,1020.8,100,17.2,20,7.05,676.04
2021-10-23,19.8,23.3,17.9,19.2,0.0,0.0,64,12.8,1021.3,73,16.3,13,15.7,32610.99
2021-10-24,20.3,24.3,17.0,20.4,0.0,0.0,70,14.4,1020.4,32,15.2,8,17.06,38207.96
2021-10-25,21.3,25.9,17.5,22.7,0.0,0.0,74,16.3,1017.2,8,13.1,16,18.62,39600.0
2021-10-26,22.1,26.5,17.1,24.2,0.0,0.0,78,17.8,1015.8,23,7.6,55,15.03,34125.09
2021-10-27,23.4,27.8,19.3,25.2,0.0,0.0,73,18.1,1016.5,55,14.0,19,18.41,39578.39
2021-10-28,22.3,23.4,20.8,24.2,12.9,13.0,81,18.9,1017.1,100,12.7,357,3.42,0.0
2021-10-29,21.6,22.7,20.8,24.2,47.2,22.0,93,20.5,1017.5,100,15.1,345,2.31,0.0
2021-10-30,20.3,21.0,19.7,21.6,18.5,16.0,89,18.4,1018.6,100,15.9,3,3.48,0.0
2021-10-31,21.1,23.4,19.6,23.2,10.3,14.0,89,19.2,1017.3,100,11.8,354,4.68,0.0
2021-11-01,22.1,24.9,20.3,24.4,9.3,12.0,88,19.9,1017.2,100,13.0,22,5.9,239.08
2021-11-02,22.0,25.0,20.7,24.3,5.7,12.0,88,19.8,1017.3,100,12.8,27,5.66,1330.19
2021-11-03,23.3,27.4,20.3,26.4,0.4,3.0,86,20.6,1015.3,71,10.0,74,12.14,30488.22
2021-11-04,25.1,29.5,21.6,28.5,0.3,3.0,84,22.0,1012.7,54,15.5,156,13.22,30767.76
2021-11-05,26.1,30.2,23.3,29.2,0.0,0.0,83,22.8,1009.9,51,18.8,170,13.34,32907.17
2021-11-06,26.1,30.5,23.2,29.7,0.2,2.0,84,23.1,1007.8,54,16.5,159,12.9,34746.6
2021-11-07,25.4,29.9,23.3,29.6,15.2,14.0,88,23.1,1011.3,78,29.1,92,12.35,25200.0
2021-11-08,17.9,22.3,15.5,15.4,6.9,7.0,64,10.8,1020.8,100,32.8,17,5.86,292.01
2021-11-09,18.1,21.5,14.5,16.8,0.0,0.0,57,9.4,1020.9,13,12.1,29,17.58,39180.85
2021-11-10,18.6,21.8,14.3,17.6,0.0,0.0,59,10.1,1020.4,22,15.0,8,17.55,38886.33
2021-11-11,19.2,23.4,15.0,19.3,0.0,0.0,67,12.5,1017.5,72,9.6,37,17.66,38911.6
2021-11-12,20.8,24.0,17.3,20.4,0.0,0.0,64,13.6,1019.4,93,17.3,25,14.25,24409.3
2021-11-13,20.2,23.7,17.5,19.6,0.0,0.0,63,12.7,1019.4,81,15.5,11,15.22,29561.94
2021-11-14,19.9,24.0,16.3,20.0,0.0,0.0,68,13.6,1018.0,61,12.4,33,16.68,38196.2
2021-11-15,20.9,25.3,16.3,22.3,0.0,0.0,77,16.4,1015.8,85,10.8,85,12.09,20614.66
2021-11-16,20.7,22.4,18.6,23.3,1.2,4.0,88,18.6,1015.6,90,6.7,351,3.48,0.0
2021-11-17,21.1,23.3,19.6,21.8,0.2,2.0,78,17.0,1017.4,100,20.5,25,5.6,2573.33
2021-11-18,19.7,22.5,17.5,19.5,0.0,0.0,68,13.5,1015.9,79,13.8,8,9.28,20486.39
2021-11-19,20.7,24.3,16.0,22.0,0.4,3.0,82,17.4,1010.8,81,15.3,136,9.55,14859.47
2021-11-20,23.6,28.6,20.9,26.3,0.8,7.0,85,20.8,1009.3,74,17.9,150,9.05,14782.22
2021-11-21,24.8,29.1,21.9,28.2,7.1,17.0,86,22.1,1011.9,68,18.7,127,12.5,31225.67
2021-11-22,19.2,21.7,16.9,17.3,0.8,4.0,67,12.7,1018.8,93,24.9,29,4.41,1856.46
2021-11-23,16.9,18.7,15.2,14.7,0.0,0.0,58,8.6,1022.3,89,17.4,12,9.9,21864.45
2021-11-24,17.4,20.0,15.6,15.7,1.9,2.0,60,9.5,1021.9,84,15.0,360,9.78,20820.11
2021-11-25,17.8,22.8,13.7,18.0,0.2,1.0,78,13.6,1019.6,38,11.3,335,14.79,30211.66
2021-11-26,19.4,24.2,14.9,19.6,0.0,0.0,73,14.0,1019.3,34,11.2,357,15.36,37144.14
2021-11-27,20.4,24.6,17.2,20.1,0.0,0.0,63,12.9,1020.2,31,12.0,12,15.9,37436.11
2021-11-28,19.3,24.4,15.7,19.3,0.0,0.0,69,13.3,1019.7,27,11.2,352,14.53,37189.4
2021-11-29,20.8,25.5,16.4,21.3,0.0,0.0,68,14.2,1018.4,76,10.1,8,15.15,32038.25
2021-11-30,20.9,24.7,17.6,19.3,0.0,0.0,57,11.9,1021.2,58,21.8,27,14.7,33272.95
2021-12-01,17.8,21.8,14.9,15.7,0.0,0.0,55,8.3,1022.5,51,14.7,33,16.59,37257.75
2021-12-02,16.3,21.7,12.3,14.7,0.0,0.0,59,8.0,1022.8,59,13.7,12,16.77,37280.48
2021-12-03,16.4,22.4,11.6,14.9,0.0,0.0,61,8.2,1022.6,43,12.8,19,16.6,37031.75
2021-12-04,16.8,23.1,11.4,15.6,0.0,0.0,63,8.9,1022.0,16,10.9,22,16.48,37053.87
2021-12-05,17.3,23.4,12.0,16.3,0.0,0.0,66,10.1,1021.7,1,11.4,5,15.94,36803.97
2021-12-06,17.3,23.6,12.2,16.2,0.0,0.0,63,9.5,1021.0,0,11.0,40,16.29,36825.35
2021-12-07,16.9,23.5,10.8,16.0,0.0,0.0,65,9.4,1020.8,0,9.4,70,16.02,36846.42
2021-12-08,18.3,24.0,11.6,17.8,0.3,2.0,67,11.4,1021.4,46,9.1,12,13.29,32994.64
2021-12-09,19.2,21.4,17.4,19.9,1.4,5.0,80,15.6,1022.3,96,11.5,339,5.44,0.0
2021-12-10,20.5,25.6,16.9,21.6,0.0,0.0,78,16.1,1019.6,68,15.8,147,10.03,16201.95
2021-12-11,20.4,25.6,16.5,21.9,0.1,1.0,82,16.8,1019.8,59,9.4,125,9.99,24744.79
2021-12-12,19.9,25.5,16.2,19.7,0.1,1.0,75,14.8,1022.1,65,24.9,26,12.11,30548.08
2021-12-13,18.0,21.1,14.3,16.8,0.0,0.0,61,10.1,1022.5,51,17.3,12,9.77,28401.46
2021-12-14,17.5,22.9,11.7,17.5,0.0,0.0,75,12.6,1018.2,31,9.4,107,12.79,29982.56
2021-12-15,18.2,23.2,14.6,19.5,0.2,2.0,89,16.2,1014.9,68,9.0,129,6.29,5619.57
2021-12-16,20.1,23.4,18.5,22.2,1.0,5.0,88,17.9,1015.5,85,10.5,169,5.77,8787.53
2021-12-17,21.0,25.5,17.0,20.2,0.3,3.0,66,13.8,1019.8,49,20.6,26,14.87,36000.0
2021-12-18,18.2,21.8,15.0,15.4,0.0,0.0,49,7.2,1022.8,42,18.2,28,10.73,30162.38
2021-12-19,17.1,20.8,12.9,14.6,0.0,0.0,48,5.8,1022.2,53,17.2,14,12.87,25200.0
2021-12-20,18.6,23.1,14.7,16.7,0.0,0.0,52,8.1,1017.8,88,14.6,16,9.86,18783.71
2021-12-21,19.0,23.8,15.3,18.1,0.0,0.0,59,10.7,1017.6,53,13.1,349,14.37,29972.11
2021-12-22,18.6,25.1,12.8,18.3,0.0,0.0,69,12.1,1016.9,7,11.8,65,15.06,36000.0
2021-12-23,19.0,25.6,13.7,19.4,0.0,0.0,76,14.0,1015.5,13,14.3,130,14.19,35877.15
2021-12-24,19.4,23.7,15.5,21.0,0.3,3.0,85,16.7,1016.1,72,10.3,66,6.48,8040.25
2021-12-25,20.4,25.1,17.6,21.9,3.3,8.0,82,17.1,1019.0,75,14.4,69,10.4,26033.07
2021-12-26,17.9,21.5,13.9,16.7,1.8,4.0,70,12.3,1022.8,100,25.1,55,4.74,0.0
2021-12-27,12.1,13.8,9.9,8.8,0.2,2.0,60,4.4,1027.4,100,18.8,23,4.29,436.45
2021-12-28,13.5,16.0,11.0,11.6,0.0,0.0,63,6.5,1025.0,98,10.2,27,7.36,10631.3
2021-12-29,15.2,16.2,14.4,13.7,0.1,1.0,68,9.3,1024.4,100,11.5,11,4.33,0.0
2021-12-30,15.8,18.8,13.5,14.2,0.2,2.0,66,9.4,1025.9,100,14.0,5,6.34,1397.27
2021-12-31,16.0,18.2,13.8,15.1,0.1,1.0,70,10.5,1025.0,93,11.4,7,4.9,0.0
2022-01-01,17.0,20.9,14.1,16.3,0.0,0.0,73,11.9,1024.3,98,14.8,21,7.47,7253.28
2022-01-02,17.3,22.3,15.0,16.9,0.0,0.0,70,11.6,1022.6,66,13.2,6,12.45,27493.35
2022-01-03,17.8,22.3,12.3,18.4,0.0,0.0,78,13.8,1020.0,62,8.7,118,8.74,16121.61
2022-01-04,18.2,23.3,13.4,19.1,0.1,1.0,85,15.4,1017.9,50,15.3,145,8.61,15940.41
2022-01-05,19.9,24.1,17.2,21.6,0.4,2.0,86,17.2,1016.2,76,9.7,150,7.03,6223.7
2022-01-06,20.4,24.9,17.2,21.8,1.0,6.0,86,17.7,1017.2,60,13.4,128,10.35,28511.9
2022-01-07,20.1,24.9,17.0,20.9,1.2,6.0,82,16.6,1019.2,81,21.7,120,10.59,25874.66
2022-01-08,19.5,22.9,16.8,19.9,1.3,9.0,79,15.6,1018.2,100,15.0,104,5.64,1696.97
2022-01-09,14.9,16.9,13.9,13.8,4.3,13.0,82,11.9,1018.3,100,16.1,26,3.12,0.0
2022-01-10,16.1,19.2,14.2,15.8,1.1,7.0,82,13.1,1017.3,100,18.7,31,4.73,0.0
2022-01-11,15.8,18.8,12.9,14.3,0.5,3.0,67,9.3,1021.5,83,16.3,33,8.1,13127.69
2022-01-12,16.2,20.5,10.9,15.9,0.0,0.0,79,12.3,1019.5,76,10.6,122,8.4,11362.27
2022-01-13,15.8,17.0,14.9,15.2,1.5,11.0,79,12.1,1021.2,100,14.3,34,3.17,0.0
2022-01-14,17.3,21.7,14.7,17.4,0.0,0.0,76,12.9,1018.6,78,13.8,131,7.84,3827.81
2022-01-15,18.8,22.9,14.2,20.1,0.2,2.0,86,16.2,1017.1,90,11.5,136,6.02,12.66
2022-01-16,19.8,25.6,15.8,20.7,3.0,13.0,85,17.1,1017.6,89,24.8,86,10.17,26869.98
2022-01-17,14.4,15.6,13.4,12.9,5.1,14.0,81,11.2,1021.8,100,17.3,6,3.33,0.0
2022-01-18,16.5,20.8,14.0,15.3,0.0,0.0,69,10.5,1021.9,36,14.2,15,15.9,29936.35
2022-01-19,15.9,21.1,11.3,15.2,0.0,0.0,74,10.8,1019.5,53,13.4,58,16.23,36569.95
2022-01-20,16.3,20.3,12.1,16.3,2.2,6.0,83,13.2,1016.7,88,10.8,99,7.56,5155.35
2022-01-21,17.2,19.2,15.8,18.4,12.1,21.0,91,15.7,1015.2,100,9.2,66,3.12,0.0
2022-01-22,19.0,22.3,17.1,21.1,3.6,9.0,90,17.3,1011.2,82,7.3,130,5.71,4236.55
2022-01-23,20.7,24.7,18.2,23.2,0.5,3.0,90,18.9,1010.7,75,13.1,121,7.41,9987.68
2022-01-24,21.7,26.1,18.9,24.2,1.8,11.0,88,19.4,1011.8,69,16.8,125,11.02,21312.57
2022-01-25,20.8,24.6,18.9,21.7,1.7,9.0,82,17.5,1013.8,87,19.1,123,9.72,18239.14
2022-01-26,21.0,25.2,18.5,22.1,0.6,5.0,85,18.2,1014.0,84,18.4,132,9.0,18226.58
2022-01-27,21.8,26.4,19.5,23.5,2.7,11.0,87,19.3,1013.9,77,23.0,135,11.21,24207.58
2022-01-28,22.0,26.7,19.6,23.0,0.4,4.0,83,18.7,1013.2,73,23.1,133,12.44,31919.33
2022-01-29,16.1,20.0,13.0,14.6,17.4,12.0,81,12.6,1013.9,97,23.0,40,5.65,3600.0
2022-01-30,12.6,13.9,11.7,10.3,0.8,8.0,70,7.3,1017.6,100,15.9,26,4.35,0.0
2022-01-31,12.1,14.5,10.9,9.7,4.1,11.0,79,8.4,1018.9,100,19.0,18,5.61,3600.0
2022-02-01,12.3,14.3,11.1,10.0,0.0,0.0,71,7.1,1019.4,100,12.0,20,6.09,517.4
2022-02-02,11.8,13.2,10.8,9.5,2.2,12.0,77,7.8,1020.3,100,15.1,19,4.08,0.0
2022-02-03,12.6,15.9,10.7,10.3,0.0,0.0,67,6.6,1020.8,73,12.0,13,9.88,17288.92
2022-02-04,13.3,16.6,9.9,11.1,0.0,0.0,66,6.9,1022.6,85,15.3,22,10.06,17363.3
2022-02-05,14.2,17.1,12.5,12.7,6.6,5.0,67,7.9,1022.7,100,14.3,32,8.17,2542.48
2022-02-06,13.9,16.0,12.3,13.9,11.0,15.0,88,12.0,1019.1,100,6.8,39,4.11,0.0
2022-02-07,17.5,21.9,14.3,18.3,0.7,3.0,84,14.6,1014.9,97,8.9,22,9.45,11115.55
2022-02-08,16.5,18.7,14.3,16.5,4.4,22.0,89,14.6,1016.0,100,14.0,45,4.07,0.0
2022-02-09,13.2,14.8,12.1,11.7,3.6,14.0,83,10.4,1018.7,100,14.1,32,4.81,0.0
2022-02-10,14.8,18.5,12.1,14.6,1.0,9.0,83,11.9,1016.2,100,8.7,63,6.76,883.89
2022-02-11,17.5,21.1,14.8,18.5,1.1,11.0,87,15.3,1015.0,100,8.3,43,6.09,217.82
2022-02-12,16.1,17.5,14.5,16.2,4.0,18.0,91,14.5,1014.4,100,11.5,31,3.46,0.0
2022-02-13,13.5,14.4,12.6,11.9,11.6,20.0,87,11.4,1015.2,100,19.2,20,3.83,0.0
2022-02-14,15.4,20.1,11.9,14.0,0.2,2.0,70,9.8,1017.9,68,14.1,22,14.11,31376.14
2022-02-15,15.7,18.5,11.9,15.7,0.5,4.0,83,12.9,1016.7,90,8.7,58,5.1,0.0
2022-02-16,17.1,19.1,15.3,18.1,0.5,3.0,88,15.1,1012.7,100,7.9,38,3.91,0.0
2022-02-17,20.2,23.7,17.2,22.3,0.0,0.0,88,18.2,1009.6,100,13.4,111,6.72,716.44
2022-02-18,21.8,24.9,19.1,24.6,26.0,19.0,94,20.8,1009.9,100,15.8,120,4.9,1190.4
2022-02-19,12.2,17.5,10.1,9.3,21.3,22.0,85,9.6,1017.5,100,22.9,24,3.29,0.0
2022-02-20,8.4,10.0,7.8,5.3,23.3,22.0,84,6.0,1023.3,100,19.7,18,2.54,0.0
2022-02-21,10.2,14.0,6.8,7.0,0.0,0.0,69,4.6,1024.0,86,16.5,18,10.42,9913.81
2022-02-22,11.3,14.3,9.5,7.7,0.0,0.0,60,3.8,1025.1,100,17.7,18,9.76,6942.9
2022-02-23,12.2,17.2,8.1,9.0,0.0,0.0,56,3.5,1027.0,23,17.9,20,19.47,39483.19
2022-02-24,12.4,17.8,7.4,10.2,0.0,0.0,64,5.4,1027.1,22,13.0,39,19.11,36302.36
2022-02-25,13.5,19.2,8.2,12.5,0.0,0.0,74,8.6,1024.2,25,10.1,70,17.43,36514.68
2022-02-26,16.0,21.8,9.4,15.7,0.0,0.0,76,11.3,1022.1,50,8.2,61,16.61,29243.33
2022-02-27,17.8,22.9,13.5,17.9,0.0,0.0,77,13.3,1018.8,65,15.0,166,15.25,36755.17
2022-02-28,18.2,23.6,12.7,18.6,0.0,0.0,84,15.2,1015.9,69,14.5,146,9.92,9520.1
2022-03-01,19.9,23.0,16.7,21.9,0.6,6.0,87,17.7,1016.4,100,8.8,93,6.34,180.82
2022-03-02,21.3,25.8,18.4,23.2,0.2,2.0,81,17.7,1016.6,66,12.5,130,15.08,36526.58
2022-03-03,20.9,25.8,16.3,22.3,0.0,0.0,83,17.8,1014.2,63,16.9,149,12.37,20619.5
2022-03-04,21.5,25.0,18.9,23.2,0.2,2.0,87,19.1,1012.5,100,16.5,132,6.54,0.0
2022-03-05,21.9,24.6,20.2,23.8,0.3,3.0,87,19.7,1011.6,100,17.4,131,6.6,0.0
2022-03-06,22.3,25.9,20.0,24.8,1.9,10.0,91,20.7,1011.5,100,14.8,127,5.03,0.0
2022-03-07,21.1,25.4,17.3,21.7,13.4,10.0,77,16.5,1017.7,81,28.3,23,14.25,26983.8
2022-03-08,18.9,24.6,13.6,18.9,0.0,0.0,76,14.0,1015.9,34,18.1,123,19.67,40469.3
2022-03-09,18.9,23.2,15.0,19.5,0.2,2.0,84,16.0,1013.7,80,16.6,125,7.09,308.64
2022-03-10,20.5,23.3,18.6,21.3,0.1,1.0,81,17.1,1013.8,100,15.2,124,5.79,0.0
2022-03-11,21.5,25.2,18.7,22.9,0.0,0.0,81,17.9,1012.2,97,13.5,142,10.1,5501.72
2022-03-12,22.0,25.9,18.6,23.4,0.1,1.0,83,18.8,1010.9,94,16.3,146,8.73,2270.75
2022-03-13,22.2,25.2,19.5,24.2,0.5,4.0,86,19.7,1010.9,97,16.4,138,6.91,3178.06
2022-03-14,22.2,25.6,19.3,24.6,0.3,3.0,87,19.9,1010.8,95,15.3,131,5.87,31.75
2022-03-15,23.9,27.3,20.3,27.1,0.1,1.0,81,20.3,1009.9,100,12.0,144,10.94,14356.76
2022-03-16,22.7,25.8,21.1,24.9,13.0,7.0,89,20.7,1007.9,94,21.3,156,6.21,5098.5
2022-03-17,23.8,28.6,20.7,26.9,0.3,3.0,87,21.4,1007.4,65,15.0,138,10.5,15733.32
2022-03-18,24.2,28.4,21.4,27.8,0.0,0.0,87,21.8,1008.4,80,13.4,140,11.1,16507.28
2022-03-19,23.7,27.3,21.6,26.7,0.6,6.0,88,21.6,1006.6,86,16.8,136,8.59,7765.58
2022-03-20,25.4,30.3,22.6,28.4,0.2,2.0,85,22.6,1006.3,60,21.0,144,12.47,22124.86
2022-03-21,26.0,30.6,22.5,29.3,0.5,3.0,84,23.0,1007.4,74,19.7,147,11.41,17891.22
2022-03-22,26.9,31.7,23.2,31.5,26.6,10.0,84,23.9,1008.7,64,15.1,120,16.68,31748.76
2022-03-23,18.3,24.5,16.4,18.0,19.7,21.0,84,15.4,1014.1,100,24.0,33,4.67,0.0
2022-03-24,19.2,23.7,16.2,20.2,0.5,3.0,86,16.7,1010.7,84,16.3,128,7.96,0.0
2022-03-25,23.8,30.3,18.5,27.0,0.0,0.0,86,21.0,1006.8,49,16.4,149,17.15,37381.13
2022-03-26,26.1,31.7,20.8,31.0,0.0,0.0,86,23.5,1007.0,23,16.9,89,17.82,31509.18
2022-03-27,21.6,24.6,20.3,21.3,1.5,7.0,70,15.7,1013.7,92,23.6,33,5.77,0.0
2022-03-28,20.1,23.8,17.1,20.2,6.3,2.0,68,14.0,1016.5,80,12.0,72,15.59,27393.13
2022-03-29,20.3,23.6,16.6,21.9,0.0,0.0,83,17.2,1014.4,87,11.1,126,8.41,2973.05
2022-03-30,22.5,25.8,20.7,25.8,2.2,10.0,90,20.7,1013.3,99,14.8,111,5.97,0.0
2022-03-31,23.8,28.6,20.4,26.9,6.1,11.0,86,21.2,1014.8,85,25.9,56,10.76,9750.46
2022-04-01,19.1,20.9,16.7,17.6,7.2,13.0,70,13.4,1021.3,100,21.8,5,3.32,0.0
2022-04-02,17.6,19.9,15.3,15.1,0.2,1.0,60,9.6,1025.0,83,27.7,16,8.45,3059.52
2022-04-03,18.1,23.4,12.8,17.1,0.0,0.0,64,10.6,1022.3,21,13.8,40,21.23,42148.33
2022-04-04,18.8,25.1,13.1,18.6,0.0,0.0,67,12.2,1021.0,7,15.3,121,20.68,41812.76
2022-04-05,20.0,25.7,14.7,20.7,0.0,0.0,70,14.0,1019.7,48,11.5,57,21.05,41864.67
2022-04-06,21.7,28.6,15.2,23.1,0.0,0.0,71,15.7,1017.9,19,8.1,342,20.42,36894.63
2022-04-07,23.2,29.6,17.8,24.5,0.0,0.0,70,16.8,1016.6,39,15.3,40,20.73,39137.12
2022-04-08,22.7,28.8,16.5,24.4,0.0,0.0,71,16.7,1014.8,1,13.6,138,21.54,43200.0
2022-04-09,22.4,28.5,17.4,23.7,0.0,0.0,74,17.1,1012.0,0,17.6,133,21.68,42771.98
2022-04-10,23.1,28.3,18.4,24.7,0.0,0.0,77,18.3,1010.6,54,17.2,145,16.66,35940.88
2022-04-11,23.4,27.6,19.8,25.8,0.3,3.0,83,20.2,1009.6,65,14.8,146,9.55,4143.97
2022-04-12,24.4,29.4,21.1,27.3,0.7,5.0,85,21.5,1006.3,69,19.1,145,10.61,14173.14
2022-04-13,25.7,30.8,21.7,29.6,0.0,0.0,80,21.8,1006.6,53,14.0,108,16.59,36564.64
2022-04-14,25.7,30.3,21.7,28.6,0.0,0.0,81,21.7,1006.7,60,17.3,137,15.61,30798.27
2022-04-15,25.6,28.4,23.8,29.0,2.3,9.0,87,23.3,1007.3,99,20.8,136,6.31,0.0
2022-04-16,23.0,27.6,19.3,25.0,12.4,14.0,87,20.8,1009.3,100,25.0,92,7.7,3693.77
2022-04-17,18.6,20.2,17.1,18.9,3.8,17.0,84,15.8,1014.0,100,13.4,21,3.81,0.0
2022-04-18,18.3,20.6,16.6,17.8,1.8,9.0,79,14.4,1017.5,92,19.5,9,7.73,0.0
2022-04-19,20.3,24.6,16.6,20.9,0.0,0.0,73,15.2,1017.5,57,12.6,25,14.42,22083.7
2022-04-20,20.6,24.8,17.3,22.5,0.0,0.0,82,17.2,1014.7,69,8.7,101,12.77,23561.86
2022-04-21,22.1,26.5,17.5,24.4,0.5,3.0,85,19.3,1011.4,72,13.3,143,14.31,23543.81
2022-04-22,24.9,29.6,20.9,27.8,0.8,7.0,85,22.0,1008.5,53,20.7,161,15.53,31224.24
2022-04-23,26.2,30.9,23.0,30.7,0.3,3.0,87,23.7,1007.1,61,16.5,137,14.14,21082.97
2022-04-24,27.3,32.8,23.4,31.5,0.1,1.0,84,24.1,1004.1,39,19.9,144,16.73,32092.97
2022-04-25,28.6,34.1,24.4,33.6,0.0,0.0,80,24.6,1003.1,18,18.4,148,21.26,43200.0
2022-04-26,28.9,34.4,24.5,34.7,0.0,0.0,81,25.2,1002.7,7,17.5,119,22.64,43200.0
2022-04-27,28.2,33.8,24.6,33.2,0.3,3.0,83,24.8,1004.5,54,20.3,122,17.35,33243.5
2022-04-28,28.0,32.5,25.0,32.4,0.5,4.0,84,24.9,1006.6,85,22.1,143,13.94,22314.64
2022-04-29,27.5,31.6,24.1,31.9,1.5,6.0,84,24.5,1008.5,83,21.2,142,16.51,26613.66
2022-04-30,27.7,31.3,24.6,32.4,8.9,11.0,83,24.5,1008.7,93,16.9,143,19.31,36000.0
2022-05-01,21.3,23.0,19.3,20.1,6.0,8.0,68,14.9,1013.5,96,24.0,26,10.79,14400.0
2022-05-02,22.2,26.9,18.7,21.5,0.0,0.0,57,13.1,1016.0,72,18.4,18,21.74,43107.64
2022-05-03,22.8,27.9,17.8,23.3,0.0,0.0,62,14.6,1016.2,35,13.0,39,24.09,43200.0
2022-05-04,23.5,28.9,17.4,25.1,0.0,0.0,66,16.2,1014.0,25,15.8,120,24.38,43200.0
2022-05-05,23.9,29.2,18.6,26.4,0.0,0.0,75,18.7,1011.4,50,14.9,119,23.12,41131.94
2022-05-06,24.6,28.9,20.3,28.2,0.3,1.0,81,20.9,1010.6,72,6.9,104,14.66,24983.8
2022-05-07,25.7,30.4,22.7,29.9,1.1,8.0,85,22.9,1010.5,90,16.1,133,16.67,28593.11
2022-05-08,25.9,30.5,23.5,29.7,2.7,12.0,85,23.1,1009.9,79,18.9,141,16.86,33827.74
2022-05-09,26.3,30.1,23.5,30.0,8.3,17.0,86,23.6,1009.0,96,18.3,148,14.18,18056.27
2022-05-10,26.6,30.5,24.8,31.7,24.5,12.0,90,24.8,1006.1,95,16.1,152,12.83,16611.23
2022-05-11,27.7,32.0,24.3,33.3,8.2,12.0,87,25.2,1003.9,95,16.7,119,15.94,26636.98
2022-05-12,26.8,29.9,24.9,32.6,16.6,10.0,90,25.0,1003.5,95,12.6,56,13.06,19698.99
2022-05-13,26.8,30.7,24.6,31.8,32.5,16.0,86,24.1,1003.6,95,18.3,72,16.99,28541.56
2022-05-14,25.8,29.5,22.6,30.0,2.9,6.0,83,22.7,1006.7,93,11.7,86,13.28,16956.35
2022-05-15,24.8,26.6,22.6,27.1,7.5,6.0,79,20.6,1009.3,100,22.9,41,8.76,0.0
2022-05-16,21.6,23.5,20.6,21.8,1.3,5.0,69,15.7,1013.9,95,19.8,19,11.87,13246.07
2022-05-17,23.1,26.4,20.0,24.4,0.0,0.0,68,16.6,1013.1,97,12.0,64,17.75,38228.31
2022-05-18,23.9,27.9,19.7,26.5,0.0,0.0,78,19.7,1012.1,100,14.1,141,18.09,33578.99
2022-05-19,25.4,29.9,20.9,29.0,0.3,3.0,82,21.8,1010.4,88,14.8,136,17.19,31353.61
2022-05-20,25.9,30.3,22.8,30.6,5.6,7.0,87,23.5,1008.3,96,13.0,129,16.93,28425.33
2022-05-21,24.8,26.9,23.8,29.2,8.6,14.0,93,23.6,1006.0,100,13.5,74,5.9,6569.94
2022-05-22,25.1,27.8,23.4,29.1,24.1,20.0,92,23.7,1002.0,100,18.3,102,8.87,6210.08
2022-05-23,25.5,29.0,23.7,30.0,35.5,24.0,93,24.2,1002.3,100,18.6,118,8.57,5067.34
2022-05-24,24.8,27.6,22.6,29.7,25.0,21.0,92,23.4,1006.1,100,8.7,314,7.87,0.0
2022-05-25,26.8,30.9,23.8,32.3,8.2,8.0,88,24.4,1005.3,97,15.0,146,15.99,27298.89
2022-05-26,27.6,30.8,24.7,33.6,3.5,9.0,89,25.6,1001.7,100,11.5,124,14.25,23336.88
2022-05-27,26.8,30.6,24.2,32.5,24.5,16.0,91,25.1,1000.5,100,12.7,79,11.47,4784.58
2022-05-28,27.1,31.2,24.6,32.8,34.1,16.0,90,25.2,1000.7,100,13.0,116,12.21,10904.87
2022-05-29,28.0,31.6,25.4,34.2,9.2,9.0,88,25.7,1001.4,100,10.9,134,16.32,27169.54
2022-05-30,27.3,31.3,24.9,33.5,22.7,13.0,90,25.4,1003.0,100,10.8,95,14.38,20597.41
2022-05-31,26.5,29.6,24.4,31.7,4.4,13.0,88,24.3,1004.3,100,14.4,112,12.52,12315.57
2022-06-01,28.1,31.7,25.1,33.9,0.8,6.0,87,25.6,1003.6,100,16.8,149,20.35,37739.47
2022-06-02,29.2,33.3,26.6,34.9,5.6,2.0,84,26.1,1001.3,100,18.0,165,13.67,20037.9
2022-06-03,30.4,34.0,27.1,35.8,0.1,1.0,76,25.5,1000.1,100,16.0,182,20.97,30573.65
2022-06-04,31.1,35.5,27.5,36.3,0.1,1.0,70,24.8,1000.0,100,16.5,193,24.19,39885.85
2022-06-05,30.4,34.9,27.5,36.4,0.4,1.0,75,25.4,1000.3,100,14.1,199,19.91,31526.07
2022-06-06,27.5,29.6,25.5,32.7,3.1,16.0,84,24.6,1002.6,100,15.1,353,13.76,11716.87
2022-06-07,26.8,29.9,24.6,32.2,16.5,13.0,88,24.4,1003.5,100,11.9,274,13.54,16823.82
2022-06-08,27.3,31.5,24.9,33.6,21.3,11.0,89,25.2,1003.1,99,8.3,106,17.72,29097.75
2022-06-09,27.4,32.0,25.2,34.0,13.6,10.0,89,25.5,1002.5,98,13.2,89,17.26,24335.33
2022-06-10,29.3,32.9,25.9,36.0,9.6,5.0,85,26.3,1001.3,100,10.8,65,16.23,23009.04
2022-06-11,26.8,28.7,25.1,33.0,21.6,21.0,93,25.5,1003.4,100,14.0,39,6.72,0.0
2022-06-12,29.7,33.2,26.5,36.4,1.3,5.0,83,26.4,1003.3,100,14.5,166,11.74,6462.18
2022-06-13,29.9,34.0,26.3,36.3,55.0,8.0,78,25.6,1003.4,100,14.2,184,18.26,27248.25
2022-06-14,26.6,29.4,25.0,31.8,18.9,16.0,88,24.4,1006.6,99,11.2,1,10.77,10311.94
2022-06-15,27.1,30.6,25.1,32.9,5.4,12.0,86,24.4,1007.2,97,11.1,208,15.51,19318.11
2022-06-16,28.5,32.7,25.7,34.4,18.2,12.0,85,25.5,1005.5,98,16.2,169,20.1,29665.63
2022-06-17,30.5,34.3,26.6,36.0,0.0,0.0,74,25.2,1002.5,99,16.2,190,22.72,42917.03
2022-06-18,31.2,34.9,27.9,36.0,0.0,0.0,68,24.4,1000.3,100,18.0,209,24.43,43064.6
2022-06-19,31.3,35.3,27.6,36.0,0.0,0.0,66,24.2,999.2,100,15.5,194,24.31,43594.63
2022-06-20,31.8,36.0,28.1,36.6,0.0,0.0,66,24.5,998.3,100,18.2,192,23.5,41926.43
2022-06-21,31.8,35.8,28.0,36.7,0.0,0.0,67,24.7,999.1,100,17.4,172,23.4,41675.67
2022-06-22,31.0,34.8,27.0,36.1,10.1,3.0,71,25.0,1003.6,99,19.1,160,20.37,40179.2
2022-06-23,28.6,33.3,24.2,34.4,27.9,12.0,84,25.4,1006.8,86,15.7,136,22.24,43352.31
2022-06-24,29.8,33.2,26.2,35.4,0.6,4.0,78,25.3,1006.1,72,14.9,158,23.97,43898.67
2022-06-25,29.6,33.4,25.7,34.3,0.0,0.0,75,24.3,1004.8,54,18.6,158,25.17,44669.29
2022-06-26,30.0,33.9,26.6,35.2,0.8,4.0,76,25.1,1005.4,40,16.7,160,23.84,44671.74
2022-06-27,31.5,35.8,27.7,36.9,0.0,0.0,71,25.4,1003.6,97,16.5,173,24.04,43866.87
2022-06-28,31.7,35.7,27.8,37.9,0.3,1.0,71,25.5,1001.0,95,14.7,189,23.89,39891.95
2022-06-29,29.1,31.8,27.6,35.4,5.2,8.0,83,25.9,999.9,100,11.5,39,11.57,7198.7
2022-06-30,27.4,31.3,25.1,33.3,22.3,19.0,86,24.8,1001.2,100,9.5,34,14.74,20037.78
2022-07-01,27.9,31.9,24.7,33.8,5.2,8.0,85,25.0,1001.1,97,14.6,335,19.94,35346.05
2022-07-02,29.3,32.9,26.8,35.9,25.8,9.0,85,26.4,997.5,100,19.5,310,18.99,31629.01
2022-07-03,30.0,34.9,26.4,37.0,22.6,9.0,82,26.4,997.5,99,16.2,211,22.62,38775.25
2022-07-04,30.3,35.5,27.3,37.2,15.6,4.0,82,26.7,997.9,100,15.0,168,20.71,36000.0
2022-07-05,29.5,34.3,26.8,37.2,30.9,8.0,88,27.2,1000.3,99,12.1,101,17.43,26525.08
2022-07-06,28.4,30.8,27.0,34.9,12.5,14.0,87,25.9,1002.8,100,12.6,151,13.47,20245.16
2022-07-07,27.5,29.1,25.8,33.6,18.3,15.0,90,25.7,1002.9,100,12.6,138,10.02,6921.17
2022-07-08,27.2,29.8,25.0,33.2,10.4,17.0,87,24.7,1004.2,100,9.5,115,12.34,6799.12
2022-07-09,27.3,30.4,24.6,32.7,14.6,16.0,87,24.8,1004.0,93,13.8,118,14.9,24417.64
2022-07-10,27.8,31.8,24.8,34.3,6.7,11.0,86,25.1,1004.7,65,9.0,124,20.83,39631.1
2022-07-11,28.3,31.5,24.6,34.8,16.6,16.0,86,25.6,1004.8,72,14.0,106,20.69,36565.93
2022-07-12,28.1,31.6,25.0,34.2,8.4,16.0,85,25.3,1004.6,69,13.9,112,18.49,31517.24
2022-07-13,27.7,30.0,25.3,33.8,5.6,16.0,88,25.4,1004.1,66,10.5,119,14.44,30533.13
2022-07-14,27.6,30.8,25.3,33.5,4.5,10.0,87,25.1,1004.1,74,12.1,90,14.23,26276.95
2022-07-15,28.4,32.3,24.9,34.8,1.8,9.0,85,25.4,1004.5,78,10.9,132,19.81,39487.62
2022-07-16,30.0,34.2,26.1,36.0,0.5,5.0,80,25.9,1003.8,84,17.5,161,24.26,43772.94
2022-07-17,31.4,35.5,27.7,38.0,0.2,2.0,78,26.9,1002.4,99,17.7,165,23.11,43418.31
2022-07-18,31.7,36.9,27.8,38.4,22.5,4.0,76,26.6,1000.1,100,17.7,163,23.99,41171.54
2022-07-19,30.1,35.2,26.8,37.0,0.1,1.0,83,26.6,1001.3,100,17.7,144,22.23,43200.0
2022-07-20,28.4,31.9,25.5,34.1,13.0,16.0,85,25.6,1005.9,100,17.5,131,17.99,36978.66
2022-07-21,27.2,30.3,24.8,32.5,23.2,23.0,88,24.9,1008.7,86,20.1,114,18.36,37187.26
2022-07-22,26.8,31.0,24.1,32.0,7.5,16.0,88,24.5,1010.4,70,15.5,127,17.52,31353.86
2022-07-23,28.2,32.5,24.5,34.2,1.2,4.0,84,25.0,1008.8,25,13.9,149,23.89,43720.47
2022-07-24,29.5,33.4,25.8,35.6,0.0,0.0,81,25.6,1006.8,7,13.8,160,25.11,43904.25
2022-07-25,29.5,33.9,25.5,35.3,0.0,0.0,79,25.1,1007.3,1,16.2,153,26.45,44184.76
2022-07-26,29.3,33.9,25.5,35.0,0.0,0.0,80,25.2,1006.6,2,17.7,155,26.56,43942.13
2022-07-27,29.4,34.1,25.5,34.9,0.0,0.0,80,25.3,1006.0,28,16.8,145,22.62,43756.71
2022-07-28,29.8,35.0,25.9,35.7,0.0,0.0,78,25.3,1005.8,59,14.8,140,23.71,43506.39
2022-07-29,29.8,34.5,25.6,36.0,0.1,1.0,79,25.6,1004.7,100,11.5,148,21.97,38002.81
2022-07-30,28.0,31.5,26.7,34.7,27.0,12.0,89,25.9,1003.8,92,10.1,140,16.04,27911.74
2022-07-31,27.7,32.0,24.3,34.1,19.6,11.0,88,25.4,1003.2,98,18.2,112,18.26,24838.62
2022-08-01,27.9,32.0,24.6,34.3,14.6,10.0,87,25.4,1004.3,67,14.8,118,22.29,43069.51
2022-08-02,28.9,32.7,26.0,35.5,0.9,5.0,84,25.9,1005.8,42,13.2,142,24.04,43200.0
2022-08-03,29.7,33.3,25.7,36.5,0.3,3.0,81,25.8,1005.7,57,12.2,161,23.75,43200.0
2022-08-04,29.8,33.6,26.9,37.0,3.0,6.0,83,26.5,1003.3,89,10.5,127,21.03,36012.8
2022-08-05,27.3,29.4,25.5,33.3,17.6,21.0,89,25.3,1002.9,100,10.0,88,10.57,10250.08
2022-08-06,26.0,29.7,24.7,31.7,33.2,24.0,92,24.6,1003.8,100,12.5,104,11.16,10669.25
2022-08-07,26.3,28.8,24.3,31.8,13.4,20.0,91,24.7,1005.2,100,12.1,73,9.04,1100.24
2022-08-08,27.1,31.8,24.6,33.3,8.7,12.0,88,24.9,1005.1,89,14.8,330,19.67,30354.39
2022-08-09,27.3,32.0,24.2,33.4,12.6,9.0,87,24.8,1003.4,79,10.5,329,21.33,32222.2
2022-08-10,27.9,31.7,26.2,33.4,13.2,11.0,86,25.1,1000.9,88,14.6,329,15.77,27142.44
2022-08-11,25.9,27.0,25.2,30.4,71.8,23.0,93,24.8,1000.5,100,20.0,208,4.23,816.98
2022-08-12,25.1,26.5,23.9,30.0,40.3,21.0,95,24.2,1005.9,98,15.2,85,4.6,0.0
2022-08-13,26.9,30.5,24.0,33.0,4.2,15.0,90,25.1,1006.1,93,7.0,127,17.86,39499.51
2022-08-14,27.7,32.3,24.5,33.7,8.9,10.0,87,25.2,1005.3,62,13.5,158,19.29,34117.67
2022-08-15,28.2,31.7,25.3,34.3,2.1,7.0,86,25.6,1004.4,60,13.0,132,18.36,36636.99
2022-08-16,29.1,32.9,25.8,35.8,0.8,6.0,84,25.9,1004.2,63,12.6,131,22.78,41120.53
2022-08-17,28.7,32.3,26.1,35.4,7.3,10.0,86,26.0,1004.2,90,10.3,133,20.57,37746.63
2022-08-18,29.0,32.9,25.5,35.8,0.7,4.0,85,26.0,1003.5,51,14.3,147,22.54,43200.0
2022-08-19,29.2,32.9,26.7,36.6,5.7,11.0,86,26.6,1002.8,74,13.3,132,21.57,36000.0
2022-08-20,26.8,29.9,25.3,32.5,28.2,21.0,90,25.0,1002.7,100,13.6,39,11.42,14851.14
2022-08-21,26.5,29.4,24.3,31.3,17.3,22.0,90,24.7,1002.8,90,17.8,100,14.05,27753.36
2022-08-22,28.3,32.6,24.8,34.2,2.0,10.0,85,25.3,1004.7,71,12.8,130,21.4,43200.0
2022-08-23,29.1,32.4,26.2,36.2,2.8,8.0,87,26.7,1005.3,64,11.5,128,18.37,40602.22
2022-08-24,29.1,32.4,25.8,36.0,9.1,9.0,86,26.4,1003.7,76,10.5,301,19.14,32777.88
2022-08-25,28.2,31.2,27.1,34.9,69.1,13.0,90,26.5,999.7,100,15.0,274,10.31,7614.14
2022-08-26,27.3,30.5,25.3,32.1,87.8,16.0,89,25.3,1002.8,99,19.7,143,11.16,12332.5
2022-08-27,28.4,33.0,24.0,33.7,12.1,5.0,81,24.6,1007.2,99,13.5,125,19.02,37692.67
2022-08-28,29.3,33.2,25.8,35.4,1.1,6.0,83,25.9,1007.2,85,15.6,154,21.73,43200.0
2022-08-29,29.3,33.0,26.3,35.3,0.8,6.0,83,26.0,1008.7,62,15.7,153,21.99,43200.0
2022-08-30,29.4,33.4,25.7,35.4,0.0,0.0,80,25.3,1008.4,61,11.9,160,23.79,43200.0
2022-08-31,29.5,33.2,25.8,35.9,0.1,1.0,81,25.7,1006.8,96,12.8,149,20.0,31756.67
2022-09-01,26.9,29.9,24.4,31.9,16.5,16.0,88,24.6,1009.1,89,21.3,13,12.39,18414.9
2022-09-02,28.5,32.6,25.3,34.4,2.9,6.0,82,25.0,1008.3,94,14.0,324,21.68,39600.0
2022-09-03,28.6,32.5,25.3,34.8,10.2,4.0,83,25.3,1005.8,98,13.7,123,21.72,43200.0
2022-09-04,27.5,31.8,24.8,32.4,30.7,14.0,84,24.3,1007.3,91,14.8,344,16.9,33523.89
2022-09-05,28.8,32.4,25.9,33.2,0.0,0.0,72,22.8,1007.7,59,13.8,320,21.98,39608.38
2022-09-06,28.6,33.6,24.2,33.4,0.0,0.0,74,23.0,1008.2,72,11.7,0,23.45,43200.0
2022-09-07,27.6,32.3,24.9,33.0,17.9,7.0,82,24.1,1010.8,86,10.0,40,19.68,41673.64
2022-09-08,25.0,26.4,23.8,29.8,34.6,24.0,94,24.0,1012.6,100,14.8,33,6.94,946.45
2022-09-09,25.2,27.5,23.4,30.5,29.8,22.0,92,23.8,1013.1,99,9.3,327,6.63,0.0
2022-09-10,26.6,30.4,23.2,32.2,18.6,16.0,86,24.0,1011.9,99,8.7,334,18.62,35770.62
2022-09-11,27.4,31.1,23.8,32.9,4.8,5.0,84,24.2,1009.9,87,10.5,50,17.8,39140.18
2022-09-12,26.7,30.9,23.9,32.5,7.4,4.0,88,24.4,1009.0,74,14.5,347,17.29,30809.35
2022-09-13,28.2,32.1,24.2,34.4,0.1,1.0,81,24.5,1009.0,64,7.5,132,21.91,43080.56
2022-09-14,28.4,31.6,24.7,34.3,0.0,0.0,81,24.6,1008.6,40,12.4,113,16.79,35573.09
2022-09-15,28.1,32.2,25.8,34.0,10.3,9.0,84,25.0,1006.1,54,9.9,160,17.97,30475.78
2022-09-16,26.6,29.5,25.2,32.6,29.5,14.0,92,25.2,1004.3,100,10.4,98,8.99,14698.87
2022-09-17,26.4,29.2,24.7,32.2,19.6,17.0,91,24.7,1006.2,85,10.1,96,10.09,12975.95
2022-09-18,28.3,32.2,24.7,34.8,0.4,3.0,85,25.3,1006.7,70,11.6,142,20.73,39195.95
2022-09-19,29.2,33.4,24.8,35.8,0.0,0.0,80,25.3,1006.3,29,12.8,147,22.32,42740.07
2022-09-20,28.9,33.4,25.2,35.3,0.3,1.0,82,25.3,1006.5,45,10.6,96,21.28,41262.59
2022-09-21,26.1,29.5,23.9,31.7,31.3,18.0,90,24.3,1008.8,99,13.0,49,12.19,23043.79
2022-09-22,24.9,27.7,23.2,29.7,27.7,19.0,93,23.5,1009.8,82,12.0,10,9.24,12189.19
2022-09-23,26.5,31.4,23.6,31.2,1.4,5.0,85,23.4,1010.2,66,14.8,5,19.8,36425.46
2022-09-24,26.0,29.8,24.3,30.4,12.0,13.0,85,23.2,1010.2,88,19.5,23,17.36,29568.52
2022-09-25,25.2,29.1,23.1,29.9,20.4,14.0,89,23.2,1010.7,80,11.4,346,12.29,19077.92
2022-09-26,27.0,31.3,23.8,32.3,0.3,3.0,85,24.0,1009.6,16,10.1,320,20.23,40693.7
2022-09-27,28.1,32.7,24.4,32.9,0.1,1.0,78,23.5,1006.8,57,12.9,346,20.95,40229.49
2022-09-28,25.8,28.5,24.2,29.1,20.8,15.0,82,22.5,1005.5,100,20.7,9,4.64,0.0
2022-09-29,25.0,28.0,23.4,28.6,25.4,20.0,90,23.2,1006.7,100,17.3,25,6.91,3450.63
2022-09-30,25.4,29.4,23.8,30.3,25.3,20.0,91,23.8,1008.5,99,15.9,46,11.75,18832.51
2022-10-01,24.4,25.4,23.6,29.5,45.2,24.0,96,23.8,1009.7,100,9.7,96,3.46,0.0
2022-10-02,25.4,28.1,23.6,30.2,17.4,16.0,91,23.7,1010.8,90,12.1,117,9.79,9237.25
2022-10-03,25.8,29.7,23.2,30.9,4.5,9.0,87,23.4,1012.3,64,9.4,86,14.91,30206.62
2022-10-04,26.5,30.6,23.6,32.1,4.3,10.0,87,24.1,1013.4,54,10.7,31,16.3,34512.9
2022-10-05,26.5,30.8,23.7,32.0,2.0,6.0,87,24.1,1013.1,30,11.2,244,17.94,37869.0
2022-10-06,27.0,30.6,23.8,32.2,0.6,5.0,84,23.8,1013.2,25,12.6,86,18.72,36145.4
2022-10-07,25.4,28.5,23.6,30.3,3.7,12.0,89,23.4,1014.0,58,14.5,82,13.7,31244.8
2022-10-08,25.0,27.7,22.5,28.4,7.7,6.0,83,21.7,1014.5,69,14.5,61,13.81,29172.83
2022-10-09,23.9,27.0,21.9,25.9,28.1,19.0,82,20.5,1017.2,99,24.3,25,7.82,6112.2
2022-10-10,21.9,23.9,19.8,21.3,0.0,0.0,63,14.4,1020.6,73,19.9,5,8.47,7642.18
2022-10-11,21.8,26.1,18.2,22.4,0.0,0.0,66,14.9,1017.7,6,13.7,32,20.48,39629.13
2022-10-12,22.5,27.2,18.0,23.4,0.0,0.0,66,15.4,1016.0,7,10.7,49,20.32,39600.0
2022-10-13,22.7,28.2,18.0,23.8,0.0,0.0,68,16.0,1014.7,20,13.1,20,20.39,39600.0
2022-10-14,23.1,28.5,18.6,23.3,0.0,0.0,61,14.8,1012.9,62,19.8,14,20.49,39600.0
2022-10-15,23.6,28.4,20.2,23.4,0.0,0.0,56,14.0,1012.8,75,18.3,16,19.68,39600.0
2022-10-16,23.9,29.9,19.4,24.7,0.0,0.0,64,16.4,1014.3,36,19.1,10,20.27,39600.0
2022-10-17,24.8,29.6,21.3,24.7,0.0,0.0,55,15.0,1014.7,46,22.7,355,19.91,39600.0
2022-10-18,24.1,28.1,21.1,22.7,0.0,0.0,48,12.0,1015.2,63,24.5,5,19.98,39600.0
2022-10-19,20.4,23.7,17.2,19.3,0.6,2.0,57,11.5,1016.6,90,15.1,2,5.99,2158.6
2022-10-20,18.3,19.1,17.1,18.6,14.0,20.0,88,16.2,1017.6,99,14.9,334,3.01,0.0
2022-10-21,20.4,22.8,18.6,22.1,8.6,14.0,91,18.8,1018.2,94,13.0,314,4.94,0.0
2022-10-22,24.6,29.7,20.4,27.9,0.0,0.0,82,21.0,1016.6,38,11.4,313,15.75,36987.1
2022-10-23,26.0,31.8,21.0,29.8,0.0,0.0,78,21.6,1014.8,7,12.1,26,18.25,39600.0
2022-10-24,25.9,30.9,20.9,29.6,0.3,2.0,78,21.5,1014.1,24,11.7,89,17.81,39600.0
2022-10-25,25.4,29.0,22.7,29.4,0.5,2.0,81,21.6,1015.8,65,12.0,122,13.36,33092.78
2022-10-26,25.0,28.6,21.6,29.0,1.7,11.0,85,22.0,1014.8,62,10.4,113,12.44,29797.85
2022-10-27,25.5,30.0,21.7,28.9,0.0,0.0,79,21.3,1014.3,43,13.5,114,16.93,39584.83
2022-10-28,25.3,29.6,21.8,29.1,0.1,1.0,79,21.1,1014.9,42,9.7,116,17.05,37745.87
2022-10-29,24.6,28.9,22.0,27.5,0.0,0.0,77,20.0,1015.0,35,14.4,24,17.91,34682.89
2022-10-30,24.7,29.4,21.4,26.6,0.0,0.0,71,18.8,1014.0,34,16.5,17,16.57,34159.89
2022-10-31,24.3,28.9,20.8,23.9,0.0,0.0,57,15.0,1014.8,58,23.1,13,15.57,35639.6
2022-11-01,22.7,28.0,18.5,22.4,0.0,0.0,61,14.3,1014.3,75,22.7,357,18.96,39443.45
2022-11-02,21.8,27.8,16.2,22.5,0.0,0.0,65,14.4,1012.3,40,10.1,25,19.21,39413.15
2022-11-03,22.1,28.7,16.2,23.0,0.0,0.0,69,15.6,1013.4,63,10.6,351,18.28,39382.25
2022-11-04,23.3,28.9,19.2,24.7,0.0,0.0,69,16.9,1016.3,43,12.2,27,17.69,36000.0
2022-11-05,22.8,27.9,18.2,23.7,0.0,0.0,71,16.6,1018.3,3,15.5,53,17.69,39318.81
2022-11-06,22.0,27.2,17.4,23.7,0.0,0.0,75,17.0,1017.7,2,10.9,76,17.94,39286.32
2022-11-07,22.4,27.0,18.2,24.8,0.0,0.0,80,18.4,1016.6,36,9.5,88,14.9,36460.21
2022-11-08,23.0,28.5,18.3,25.6,0.1,1.0,78,18.5,1016.4,6,12.0,124,17.12,39093.8
2022-11-09,23.5,29.1,18.0,26.3,0.0,0.0,79,19.2,1016.2,36,12.8,126,16.15,31887.0
2022-11-10,24.0,28.5,20.1,27.6,0.2,2.0,83,20.8,1015.6,61,7.4,133,11.03,27432.85
2022-11-11,24.6,29.3,20.8,28.3,1.0,7.0,84,21.6,1014.8,43,13.3,132,12.96,30759.44
2022-11-12,25.4,30.0,22.2,29.2,0.6,6.0,82,21.7,1013.6,43,16.1,135,14.14,32400.0
2022-11-13,25.0,28.9,22.1,28.9,1.6,10.0,83,21.8,1014.5,61,11.4,116,11.76,25959.25
2022-11-14,25.1,29.0,21.8,29.0,0.3,2.0,83,21.8,1014.6,35,12.5,123,12.34,30409.23
2022-11-15,25.2,29.6,22.2,29.0,0.8,5.0,84,22.1,1013.4,41,15.5,124,13.91,35370.5
2022-11-16,25.7,30.0,22.7,29.5,2.8,9.0,84,22.6,1011.8,67,14.8,133,12.42,30787.36
2022-11-17,25.9,30.0,23.1,29.7,1.7,10.0,83,22.6,1011.5,47,13.5,143,13.23,33071.08
2022-11-18,26.1,29.6,23.7,30.1,2.2,10.0,84,23.0,1012.7,61,12.8,142,10.69,28858.25
2022-11-19,24.4,28.5,22.8,28.4,17.8,16.0,88,22.3,1014.0,83,14.1,46,9.12,22520.02
2022-11-20,24.6,29.4,21.2,27.1,0.0,0.0,75,19.6,1012.9,42,13.0,75,14.77,36735.77
2022-11-21,24.6,29.1,20.8,27.7,0.0,0.0,78,20.2,1011.4,52,9.9,101,13.84,35258.66
2022-11-22,25.5,29.9,21.5,28.8,0.0,0.0,77,20.9,1011.1,76,11.3,359,12.5,22299.33
2022-11-23,25.2,27.0,23.5,28.8,2.6,10.0,82,21.7,1012.0,100,12.7,24,6.27,8477.74
2022-11-24,22.9,24.2,21.6,26.0,25.0,17.0,87,20.7,1013.4,100,13.4,35,4.46,669.13
2022-11-25,22.7,24.6,21.6,26.2,5.8,9.0,91,21.2,1014.2,99,9.0,31,4.32,2216.64
2022-11-26,23.5,26.2,22.0,27.3,4.0,10.0,91,22.0,1012.6,100,11.9,89,6.23,3039.11
2022-11-27,25.9,30.0,23.0,29.1,1.6,3.0,85,23.0,1008.4,59,22.3,168,12.82,35947.85
2022-11-28,27.1,31.6,24.2,31.0,0.0,0.0,83,23.8,1007.9,36,18.2,164,13.91,32400.0
2022-11-29,27.2,31.5,24.4,31.8,0.7,6.0,85,24.2,1009.7,26,14.2,156,12.84,30249.16
2022-11-30,23.6,29.3,19.1,26.0,25.4,8.0,84,20.6,1014.4,93,23.3,73,7.33,9057.75
2022-12-01,14.1,18.2,12.2,11.7,5.8,14.0,76,9.8,1020.9,100,20.3,25,3.32,0.0
2022-12-02,13.5,16.2,10.8,11.0,0.6,4.0,66,7.1,1021.1,87,17.1,16,8.84,11796.23
2022-12-03,16.4,19.0,14.2,15.7,0.0,0.0,69,10.6,1017.5,99,9.6,44,7.64,6032.52
2022-12-04,16.9,17.8,15.8,16.0,0.6,6.0,76,12.6,1019.1,100,13.7,22,4.6,0.0
2022-12-05,16.0,18.4,13.8,13.9,0.9,7.0,66,9.5,1022.0,87,19.2,20,7.36,9845.02
2022-12-06,15.8,19.8,11.4,14.5,0.0,0.0,67,9.5,1019.5,28,13.6,49,15.95,36548.56
2022-12-07,16.2,17.5,14.3,15.1,0.0,0.0,70,10.8,1019.1,100,16.6,19,5.53,74.62
2022-12-08,17.2,18.8,16.0,16.7,0.0,0.0,73,12.2,1018.6,100,10.2,0,4.94,1788.05
2022-12-09,17.2,19.3,16.1,17.0,0.5,3.0,76,13.0,1017.1,100,10.2,7,4.42,0.0
2022-12-10,17.4,19.4,15.7,17.4,3.5,9.0,80,13.8,1016.7,100,10.6,357,3.79,0.0
2022-12-11,17.3,19.1,14.6,16.5,0.0,0.0,66,10.9,1018.2,93,11.3,23,4.55,0.0
2022-12-12,17.3,21.1,14.2,15.4,0.0,0.0,59,9.1,1020.4,50,18.0,35,12.27,25271.51
2022-12-13,15.6,20.6,11.4,14.0,0.0,0.0,62,7.8,1020.1,4,11.5,52,15.98,36408.72
2022-12-14,16.2,20.8,13.0,13.8,0.0,0.0,54,6.4,1021.8,36,14.7,32,14.11,28800.0
2022-12-15,15.2,20.7,9.9,14.1,0.0,0.0,66,8.7,1017.2,5,12.5,101,15.76,36171.74
2022-12-16,17.4,23.4,11.7,16.5,0.0,0.0,68,10.9,1017.5,17,17.1,32,15.54,36000.0
2022-12-17,16.6,18.6,15.2,11.8,0.0,0.0,39,2.6,1026.9,97,29.8,28,7.69,11172.81
2022-12-18,14.8,18.0,11.2,10.8,0.0,0.0,36,-0.5,1027.1,87,19.7,31,15.53,32400.0
2022-12-19,13.0,18.4,8.7,10.6,0.0,0.0,53,3.1,1020.9,27,10.2,61,16.13,36241.09
2022-12-20,14.8,21.1,8.6,13.8,0.0,0.0,70,8.8,1017.3,62,8.7,70,15.62,36000.0
2022-12-21,17.7,21.5,14.2,15.4,0.0,0.0,49,6.6,1018.5,58,16.4,7,13.2,32585.66
2022-12-22,16.8,22.0,10.7,15.2,0.0,0.0,60,8.0,1016.7,53,14.8,74,13.78,32509.32
2022-12-23,18.0,22.5,13.7,16.3,0.0,0.0,52,7.8,1017.8,60,15.9,97,12.37,34796.62
2022-12-24,17.2,23.1,13.1,15.7,0.0,0.0,54,7.4,1020.2,43,10.5,60,14.93,31082.56
2022-12-25,17.2,24.1,10.7,16.2,0.0,0.0,69,10.7,1019.8,8,17.2,119,15.26,36000.0
2022-12-26,17.8,22.6,13.2,18.2,0.3,3.0,81,14.3,1020.4,66,13.8,116,10.22,28511.1
2022-12-27,19.3,23.6,15.7,18.9,0.1,1.0,73,14.2,1019.6,79,17.8,120,9.66,19934.22
2022-12-28,15.2,18.4,12.3,13.1,2.5,4.0,72,10.0,1022.5,98,25.1,26,4.42,0.0
2022-12-29,13.1,15.7,11.1,9.8,0.1,1.0,59,5.2,1026.4,99,17.7,359,8.15,11078.7
2022-12-30,13.1,15.7,10.9,10.4,0.0,0.0,60,5.3,1027.0,79,15.5,3,4.86,2818.25
2022-12-31,14.6,20.5,10.2,12.9,0.0,0.0,62,7.0,1025.3,22,12.1,7,15.25,34346.95
2023-01-01,15.4,20.6,10.4,14.2,0.0,0.0,65,8.5,1023.8,26,10.4,345,15.49,36000.0
2023-01-02,15.8,19.1,11.5,14.6,0.1,1.0,72,10.6,1024.5,83,12.2,11,4.39,201.1
2023-01-03,16.1,19.5,14.1,15.2,0.1,1.0,68,10.1,1024.8,88,10.3,32,7.43,17938.72
2023-01-04,18.0,21.9,14.2,17.9,0.0,0.0,68,11.9,1022.4,86,8.1,119,11.76,24636.82
2023-01-05,18.3,22.0,14.5,18.9,0.0,0.0,77,13.9,1023.0,93,9.0,355,8.27,12316.48
2023-01-06,19.1,24.7,15.8,17.2,0.0,0.0,61,10.6,1024.7,48,23.5,16,14.4,28728.2
2023-01-07,17.1,21.6,12.1,15.6,0.5,3.0,60,8.8,1020.9,32,12.9,327,12.1,32400.0
2023-01-08,17.5,22.5,13.8,17.2,0.0,0.0,70,11.7,1019.2,57,13.0,101,8.18,15645.49
2023-01-09,18.8,22.2,15.5,19.5,0.0,0.0,77,14.4,1019.2,86,7.7,306,7.52,9103.89
2023-01-10,18.7,21.0,17.2,20.2,4.9,13.0,88,16.6,1018.1,99,10.5,15,4.49,1432.96
2023-01-11,19.8,22.9,17.4,21.6,0.6,3.0,86,17.2,1015.2,85,11.2,102,6.95,3434.39
2023-01-12,19.4,23.8,16.1,20.9,0.0,0.0,87,17.1,1011.8,59,12.0,146,6.44,7866.2
2023-01-13,22.1,29.4,17.4,23.9,0.0,0.0,81,18.3,1008.2,41,17.9,149,14.03,26821.12
2023-01-14,22.7,30.0,16.9,24.4,0.0,0.0,78,18.1,1006.4,14,16.3,353,16.39,31002.89
2023-01-15,18.1,20.2,14.1,15.7,0.0,0.0,63,10.6,1014.4,83,24.6,41,5.69,2652.51
2023-01-16,12.6,14.4,10.5,8.8,0.0,0.0,47,1.5,1022.4,99,20.1,29,5.76,4735.01
2023-01-17,12.6,14.8,10.9,9.1,0.0,0.0,50,2.6,1024.4,100,14.7,31,7.4,3455.8
2023-01-18,13.2,16.7,10.4,10.2,0.0,0.0,48,2.2,1025.4,73,13.7,20,9.94,17053.56
2023-01-19,14.1,19.6,8.2,12.1,0.0,0.0,55,4.9,1023.1,25,8.2,22,16.43,36577.98
2023-01-20,15.3,19.0,11.8,13.6,0.0,0.0,59,7.0,1021.9,63,8.3,342,10.14,18618.23
2023-01-21,15.8,22.5,9.6,14.8,0.0,0.0,74,10.5,1017.8,15,13.8,143,15.8,37066.04
2023-01-22,16.8,21.0,12.9,17.5,0.0,0.0,86,14.4,1015.1,74,9.0,47,7.15,5349.43
2023-01-23,18.7,21.9,15.2,19.2,2.8,12.0,83,15.7,1015.8,94,23.9,56,5.87,7325.18
2023-01-24,15.5,18.6,12.2,11.3,0.5,3.0,45,3.1,1026.0,56,26.5,25,10.94,27179.68
2023-01-25,13.1,18.7,7.3,10.5,0.0,0.0,54,3.4,1021.4,22,14.4,107,18.3,37501.94
2023-01-26,16.0,22.3,9.4,15.3,0.1,1.0,74,11.0,1016.7,65,14.7,106,10.95,17874.85
2023-01-27,15.2,18.1,11.4,11.7,0.9,7.0,54,5.3,1024.3,82,23.1,26,7.07,6043.19
2023-01-28,13.5,19.3,8.8,10.0,0.0,0.0,40,-0.8,1024.8,17,16.6,34,18.44,37955.93
2023-01-29,13.7,20.1,8.5,10.8,0.0,0.0,46,1.1,1024.5,0,12.9,9,18.54,38193.81
2023-01-30,14.1,21.4,6.7,12.2,0.0,0.0,59,5.0,1021.4,0,15.0,122,18.55,38168.63
2023-01-31,15.7,23.3,9.2,14.3,0.0,0.0,70,9.4,1015.2,0,17.2,136,18.57,38143.64
2023-02-01,17.8,24.9,11.9,18.2,0.0,0.0,81,14.1,1012.8,53,18.5,127,12.71,23154.96
2023-02-02,20.6,24.1,18.5,22.9,1.4,10.0,87,18.3,1015.4,87,10.9,109,6.81,9701.62
2023-02-03,19.9,20.8,19.0,22.3,5.5,15.0,95,19.0,1015.6,100,13.2,111,2.51,0.0
2023-02-04,20.7,25.2,18.6,22.5,2.7,14.0,90,19.0,1013.2,100,16.8,125,6.03,4154.32
2023-02-05,20.3,22.5,19.6,21.8,17.6,17.0,93,19.1,1012.1,100,15.7,120,3.99,3454.33
2023-02-06,20.5,22.8,19.0,22.0,3.4,14.0,90,18.8,1011.4,98,16.6,125,5.28,3600.0
2023-02-07,21.3,23.4,19.7,22.8,3.3,15.0,91,19.6,1011.9,100,20.9,124,5.0,0.0
2023-02-08,21.6,24.1,19.7,23.4,3.3,13.0,91,20.1,1011.7,100,18.6,130,4.33,0.0
2023-02-09,21.9,24.9,20.7,24.2,5.4,16.0,92,20.6,1012.3,100,17.4,124,6.16,4618.44
2023-02-10,23.3,27.9,20.5,25.1,1.7,9.0,85,20.5,1011.4,80,25.2,146,11.2,20964.92
2023-02-11,23.7,28.5,21.4,25.7,1.0,7.0,87,21.3,1008.7,65,25.0,151,10.26,17034.4
2023-02-12,24.5,32.2,20.3,27.3,0.2,2.0,84,21.3,1007.4,34,17.1,146,14.28,24290.16
2023-02-13,24.1,29.8,20.0,26.9,1.8,2.0,84,20.8,1010.0,49,23.1,89,13.98,24572.04
2023-02-14,17.3,19.2,15.8,15.3,3.3,12.0,65,10.5,1018.8,100,23.0,28,5.45,2575.81
2023-02-15,16.2,18.3,14.2,14.3,0.7,3.0,61,8.5,1023.0,100,16.2,17,7.2,1040.42
2023-02-16,16.8,19.5,14.4,16.0,0.0,0.0,66,10.3,1023.3,87,10.0,31,7.03,1737.36
2023-02-17,17.6,21.6,13.1,17.8,0.0,0.0,76,13.2,1019.8,89,11.5,134,8.42,3613.87
2023-02-18,19.4,24.9,14.5,20.2,0.1,1.0,80,15.6,1016.6,88,15.5,136,10.38,13807.82
2023-02-19,19.8,24.6,16.9,20.3,3.0,4.0,78,15.7,1019.1,81,18.7,16,9.37,13945.04
2023-02-20,20.2,24.7,17.0,19.9,0.0,0.0,64,12.9,1018.9,62,12.9,41,14.57,35778.02
2023-02-21,20.1,25.3,15.4,20.5,0.0,0.0,73,14.8,1019.6,35,16.0,135,12.86,19900.66
2023-02-22,19.7,23.4,16.4,19.7,0.2,2.0,74,14.7,1019.5,73,15.8,130,8.29,8130.56
2023-02-23,20.2,24.5,16.7,20.7,0.0,0.0,75,15.6,1016.6,90,18.1,139,9.94,12510.84
2023-02-24,19.3,21.0,18.2,18.7,0.9,8.0,70,13.4,1020.1,100,21.9,43,5.3,0.0
2023-02-25,18.8,23.0,15.0,16.4,0.0,0.0,49,7.6,1026.4,40,18.7,37,18.76,39318.43
2023-02-26,17.2,22.3,13.1,15.0,0.0,0.0,54,6.8,1028.3,0,17.8,49,19.88,39741.8
2023-02-27,17.1,23.6,11.0,16.1,0.0,0.0,66,9.8,1025.3,22,13.4,112,18.78,39457.99
2023-02-28,18.0,24.1,11.6,17.7,0.0,0.0,75,13.0,1021.9,38,14.8,142,13.83,30175.71
2023-03-01,19.4,23.8,14.3,20.3,0.2,2.0,80,15.5,1021.4,79,10.2,118,9.27,7678.46
2023-03-02,21.3,27.1,16.6,21.5,0.0,0.0,68,14.4,1022.4,41,16.4,109,13.65,20253.66
2023-03-03,20.5,25.7,16.4,21.1,0.2,2.0,73,15.3,1022.8,53,14.8,117,11.02,13698.37
2023-03-04,20.2,24.2,16.5,20.8,0.0,0.0,70,14.3,1024.0,63,9.9,61,10.88,12950.31
2023-03-05,20.4,25.5,15.0,20.8,0.0,0.0,73,14.8,1021.8,32,16.8,164,14.14,26193.66
2023-03-06,20.7,25.9,15.7,21.1,0.0,0.0,77,15.9,1019.2,43,17.6,139,12.03,19651.12
2023-03-07,21.4,26.9,17.7,21.9,0.0,0.0,74,16.3,1018.0,74,16.1,142,9.81,10955.34
2023-03-08,21.8,26.1,18.2,23.1,0.0,0.0,78,17.6,1018.3,86,13.2,136,8.08,1243.8
2023-03-09,23.1,29.0,17.8,25.0,0.0,0.0,74,17.6,1017.7,49,14.4,140,15.57,28130.76
2023-03-10,23.1,29.4,18.3,24.1,0.0,0.0,73,17.3,1014.5,30,21.5,144,15.95,32182.93
2023-03-11,22.5,26.2,19.2,23.7,0.2,2.0,77,18.1,1015.8,93,15.3,137,7.49,354.8
2023-03-12,23.1,28.5,18.9,24.8,4.1,5.0,75,18.0,1018.4,98,26.2,66,11.8,24257.89
2023-03-13,18.4,21.9,15.8,16.9,2.3,6.0,59,9.9,1021.6,98,24.2,2,8.05,9946.74
2023-03-14,20.2,26.5,13.8,20.1,0.0,0.0,67,13.4,1014.2,32,20.1,161,19.41,40338.88
2023-03-15,21.1,25.2,17.0,22.8,0.3,3.0,84,18.1,1014.0,86,14.6,135,6.85,440.24
2023-03-16,23.3,27.5,19.6,24.3,0.2,2.0,77,18.6,1015.2,82,18.9,154,9.87,11053.98
2023-03-17,23.5,27.5,20.5,25.2,0.4,4.0,80,19.6,1013.9,81,17.2,159,10.0,7421.43
2023-03-18,23.5,28.1,20.5,25.0,0.3,3.0,79,19.3,1012.7,94,17.7,145,8.39,5131.01
2023-03-19,23.7,28.5,20.3,25.1,0.3,2.0,79,19.6,1010.9,91,20.9,156,10.09,10987.74
2023-03-20,24.5,29.8,21.0,26.7,0.7,5.0,82,21.0,1007.9,79,19.7,156,10.36,13871.78
2023-03-21,26.4,33.0,22.0,30.1,0.0,0.0,81,22.5,1004.8,84,15.6,154,13.43,18307.44
2023-03-22,28.4,36.3,23.2,32.1,0.0,0.0,72,22.0,1002.4,38,16.8,152,19.47,40261.98
2023-03-23,28.5,35.4,22.5,33.0,0.0,0.0,73,22.7,1002.4,9,16.8,122,19.55,40112.8
2023-03-24,27.4,34.7,22.7,31.5,1.8,1.0,77,22.7,1005.2,12,21.3,99,19.51,38073.07
2023-03-25,25.1,28.7,21.3,28.5,7.9,18.0,85,22.3,1009.3,95,18.6,92,8.46,6956.69
2023-03-26,20.9,24.0,17.6,21.7,12.1,14.0,79,16.9,1011.8,99,18.7,44,8.39,4390.38
2023-03-27,19.2,21.0,17.8,19.2,2.9,14.0,77,15.0,1014.7,100,17.2,26,5.97,297.4
2023-03-28,19.0,21.4,17.4,19.4,0.3,3.0,77,14.7,1016.1,100,10.6,36,5.95,911.62
2023-03-29,20.2,23.9,17.1,21.3,0.2,2.0,77,16.0,1014.2,95,10.1,23,13.04,18381.13
2023-03-30,20.5,23.6,17.9,21.9,1.6,5.0,80,16.8,1012.1,97,11.7,68,8.02,2375.11
2023-03-31,21.9,25.1,19.3,24.1,0.4,4.0,83,18.8,1011.0,100,11.9,126,8.45,0.0
2023-04-01,22.7,25.2,20.8,25.9,1.4,12.0,89,20.7,1009.2,100,14.3,110,6.0,0.0
2023-04-02,25.3,30.5,23.1,29.1,1.6,10.0,89,23.2,1006.2,71,17.1,140,9.51,16549.48
2023-04-03,26.5,33.0,22.7,30.4,1.2,4.0,83,23.1,1004.4,46,18.1,138,15.39,27686.66
2023-04-04,27.0,32.7,22.8,31.5,0.1,1.0,83,23.6,1003.2,55,16.4,129,16.33,27065.09
2023-04-05,27.2,33.1,22.1,32.1,0.0,0.0,81,23.4,1004.0,34,15.6,113,19.71,43027.75
2023-04-06,26.4,31.6,22.9,29.5,0.3,3.0,77,21.7,1008.3,48,26.6,66,14.77,27844.74
2023-04-07,23.8,27.4,21.4,24.5,0.0,0.0,62,15.9,1014.3,97,14.6,64,10.25,12397.65
2023-04-08,20.6,21.9,18.6,21.8,2.3,12.0,80,16.9,1018.5,100,14.3,13,4.77,0.0
2023-04-09,19.8,22.5,18.0,21.2,0.3,3.0,80,16.3,1016.5,100,9.4,72,6.58,0.0
2023-04-10,21.8,25.2,19.1,24.6,0.9,9.0,86,19.3,1011.4,94,10.8,97,8.54,2227.89
2023-04-11,24.3,27.5,22.1,28.4,1.8,9.0,89,22.4,1008.7,99,14.5,123,8.2,248.32
2023-04-12,25.4,28.5,23.5,29.1,3.7,11.0,88,23.2,1009.2,98,17.1,133,9.31,3952.79
2023-04-13,25.3,27.4,23.7,29.0,4.0,13.0,91,23.6,1008.2,100,21.0,143,5.34,0.0
2023-04-14,25.8,28.2,24.4,30.1,3.7,12.0,90,24.1,1007.7,97,16.6,125,6.0,29.93
2023-04-15,25.7,29.2,23.4,29.8,18.0,13.0,85,22.9,1010.5,79,19.1,72,11.01,20702.13
2023-04-16,25.5,29.9,21.6,29.3,0.0,0.0,81,21.8,1008.8,93,13.9,157,17.99,36685.6
2023-04-17,25.7,30.7,22.0,29.2,0.5,5.0,86,23.1,1006.5,69,18.6,148,11.9,21790.96
2023-04-18,27.5,32.5,24.6,32.5,0.3,3.0,86,24.8,1004.2,62,17.1,132,13.67,22324.01
2023-04-19,28.1,33.5,23.7,33.5,0.0,0.0,82,24.5,1001.3,16,14.4,96,19.56,39408.32
2023-04-20,27.7,33.0,23.8,32.9,0.1,1.0,83,24.4,1000.5,38,18.5,118,16.66,30194.54
2023-04-21,28.0,33.2,24.0,33.4,0.2,2.0,83,24.7,1001.1,42,18.6,121,17.7,32957.58
2023-04-22,28.6,33.7,24.5,33.6,0.0,0.0,81,24.8,1002.9,25,18.4,128,19.96,42604.85
2023-04-23,28.5,33.2,25.2,33.0,0.4,2.0,82,24.9,1006.6,42,18.9,140,15.68,33573.46
2023-04-24,27.1,31.7,24.7,31.7,6.3,8.0,86,24.4,1010.1,85,18.1,120,13.5,15111.22
2023-04-25,22.4,24.5,21.0,23.3,3.4,7.0,75,17.6,1014.0,100,23.3,41,8.15,1136.95
2023-04-26,22.9,26.4,20.9,24.1,0.0,0.0,66,16.1,1013.9,87,10.5,56,16.24,22741.76
2023-04-27,24.2,29.1,19.9,26.5,0.0,0.0,78,20.0,1010.9,67,19.3,151,17.3,32580.89
2023-04-28,26.5,30.8,23.4,30.0,0.8,6.0,84,23.5,1009.4,65,22.7,158,15.0,24206.74
2023-04-29,25.5,28.8,22.4,29.0,7.9,8.0,83,22.2,1011.1,87,22.0,75,10.58,14317.63
2023-04-30,21.6,24.1,20.6,23.3,2.6,6.0,77,17.3,1013.3,70,10.1,24,12.0,15202.01
2023-05-01,23.7,28.7,18.8,26.2,0.0,0.0,77,19.3,1011.5,24,20.0,148,19.47,39653.61
2023-05-02,25.5,29.9,21.3,28.3,0.1,1.0,82,22.1,1010.6,54,22.0,155,15.15,34554.5
2023-05-03,27.2,31.1,24.1,30.7,0.5,4.0,83,23.9,1008.9,68,22.7,162,15.47,32443.23
2023-05-04,28.7,33.6,25.1,33.2,0.1,1.0,82,25.1,1003.5,36,24.5,152,19.31,34865.98
2023-05-05,30.4,35.5,25.7,36.5,0.0,0.0,77,25.7,998.7,18,18.4,138,23.28,43200.0
2023-05-06,32.3,38.5,26.5,38.6,0.0,0.0,70,25.8,997.4,9,19.0,152,24.45,43200.0
2023-05-07,30.9,36.1,27.1,36.5,0.0,0.0,75,25.8,1001.0,41,20.0,91,23.02,43200.0
2023-05-08,25.3,28.2,23.8,28.0,6.6,13.0,80,21.5,1008.4,100,18.7,39,7.52,406.66
2023-05-09,25.1,28.9,22.2,28.4,1.2,6.0,81,21.6,1010.1,80,17.6,97,14.82,25166.3
2023-05-10,26.9,31.2,24.2,32.0,11.9,13.0,87,24.4,1009.3,89,15.5,136,17.51,27266.43
2023-05-11,25.0,26.3,23.2,29.3,34.1,20.0,92,23.5,1011.8,99,20.5,73,6.34,0.0
2023-05-12,23.7,26.7,21.4,25.0,17.3,6.0,73,18.5,1014.1,98,17.1,25,10.34,4282.27
2023-05-13,22.2,24.2,20.8,23.7,13.7,12.0,81,18.8,1013.8,99,17.3,10,7.62,0.0
2023-05-14,23.5,28.0,20.0,26.0,0.0,0.0,77,19.2,1011.9,87,11.7,11,16.03,29068.6
2023-05-15,25.6,29.7,20.7,29.1,0.0,0.0,81,21.9,1008.9,93,16.1,150,18.36,40000.18
2023-05-16,28.8,33.8,23.8,34.0,0.0,0.0,79,24.7,1004.5,58,16.9,161,23.02,39883.18
2023-05-17,30.8,36.2,25.3,36.2,0.0,0.0,70,24.3,1002.6,18,12.3,195,25.7,43624.99
2023-05-18,30.9,36.1,25.0,36.3,0.0,0.0,66,23.6,1002.8,21,12.7,136,25.64,43877.87
2023-05-19,30.5,35.4,26.4,36.8,0.0,0.0,75,25.5,1003.1,8,15.0,103,24.75,43608.37
2023-05-20,30.7,35.9,26.4,36.8,0.0,0.0,77,25.8,1003.4,20,16.8,133,22.59,41839.98
2023-05-21,31.6,36.6,27.7,37.8,0.0,0.0,74,26.3,1003.8,40,20.8,154,24.97,43594.0
2023-05-22,32.1,37.1,28.1,38.7,0.0,0.0,72,26.2,1003.5,20,21.8,145,25.59,43850.6
2023-05-23,29.5,33.5,26.1,34.5,15.9,7.0,78,25.2,1005.3,85,25.1,84,18.34,36248.13
2023-05-24,27.7,31.2,25.4,32.9,19.2,18.0,86,25.0,1006.6,98,16.4,100,13.96,17134.05
2023-05-25,27.3,30.9,25.3,33.3,12.3,11.0,89,25.3,1007.0,99,11.8,146,14.48,21600.0
2023-05-26,28.6,32.3,25.6,34.2,4.4,11.0,83,25.4,1007.5,84,16.9,147,20.69,40963.52
2023-05-27,28.7,31.7,26.2,34.1,5.2,11.0,82,25.3,1006.6,60,14.7,147,21.8,39935.23
2023-05-28,28.6,31.9,25.8,34.0,1.1,7.0,82,25.1,1007.3,65,14.8,144,21.32,43186.85
2023-05-29,29.0,32.7,25.1,35.4,0.7,3.0,83,25.7,1007.6,17,14.2,142,23.88,43557.07
2023-05-30,30.1,34.3,26.1,36.2,0.0,0.0,78,25.4,1005.6,6,14.1,154,25.17,44085.96
2023-05-31,30.4,35.2,25.8,36.5,0.0,0.0,77,25.5,1002.8,10,16.9,146,25.96,44350.51
2023-06-01,31.2,36.2,26.8,38.1,0.0,0.0,78,26.5,1000.7,44,20.4,132,24.2,44083.46
2023-06-02,31.9,36.9,27.8,38.7,0.0,0.0,74,26.5,1001.5,79,18.9,124,25.0,44082.79
2023-06-03,29.5,34.5,27.4,36.3,8.5,5.0,83,26.2,1004.6,70,15.1,131,18.99,33705.53
2023-06-04,29.0,33.3,26.8,35.4,10.1,10.0,85,26.0,1005.0,92,15.1,148,14.32,21948.35
2023-06-05,28.8,31.9,26.0,35.1,6.8,10.0,84,25.6,1005.0,99,10.7,141,18.27,33579.16
2023-06-06,27.5,31.9,24.4,33.3,26.4,17.0,87,25.1,1005.5,98,13.0,13,14.01,17923.08
2023-06-07,28.6,32.6,24.9,34.7,10.6,12.0,83,25.4,1005.1,93,12.6,305,19.32,36026.06
2023-06-08,28.8,32.7,25.7,35.3,7.1,6.0,85,25.9,1004.1,98,12.2,66,16.87,22710.38
2023-06-09,28.6,32.9,25.3,33.3,13.0,6.0,79,24.3,1003.0,80,17.0,285,21.43,40819.29
2023-06-10,29.8,33.9,25.5,36.2,0.4,3.0,77,25.2,1001.2,72,12.0,351,24.44,44091.04
2023-06-11,30.6,35.8,26.5,37.0,0.0,0.0,77,25.6,1000.9,83,20.0,101,25.12,43888.56
2023-06-12,29.8,33.8,26.9,36.6,8.6,7.0,81,26.0,1001.5,99,10.2,128,21.49,36629.1
2023-06-13,28.4,32.0,26.5,35.1,19.8,15.0,87,25.9,1002.0,100,9.5,315,12.96,14573.28
2023-06-14,27.9,30.5,25.4,34.0,26.5,20.0,85,25.1,1004.3,98,7.6,14,14.92,19426.03
2023-06-15,28.7,33.1,25.9,35.5,11.2,14.0,85,25.8,1003.5,99,12.6,133,20.1,31908.9
2023-06-16,29.4,32.4,25.6,35.9,11.7,9.0,85,26.5,1002.0,100,16.8,121,15.07,19009.37
2023-06-17,30.3,34.1,27.7,36.6,5.5,6.0,80,26.3,1002.7,100,15.6,147,18.48,35980.17
2023-06-18,28.9,31.8,26.5,34.8,6.8,9.0,84,25.9,1003.4,100,15.4,144,11.16,8867.61
2023-06-19,29.6,32.5,27.4,35.6,0.5,4.0,81,26.0,1002.8,100,14.2,154,14.66,21426.17
2023-06-20,30.1,33.7,26.9,36.9,2.1,3.0,81,26.3,1002.9,99,12.5,141,19.95,36489.68
2023-06-21,30.3,34.0,27.0,37.2,2.2,6.0,81,26.5,1003.6,97,12.4,149,19.5,36614.43
2023-06-22,29.7,33.1,27.4,37.1,2.4,3.0,86,27.0,1003.5,100,11.9,112,14.51,18814.52
2023-06-23,27.7,30.2,25.7,33.8,17.0,16.0,88,25.5,1003.7,100,15.1,38,9.49,1718.33
2023-06-24,26.2,28.4,24.8,32.1,44.3,24.0,94,25.0,1004.0,99,8.0,94,5.57,6009.45
2023-06-25,26.2,28.3,24.5,32.0,38.2,19.0,90,24.4,1005.1,100,8.4,33,9.31,1932.2
2023-06-26,25.6,26.5,24.4,31.0,9.1,16.0,93,24.3,1006.1,94,10.5,112,6.41,989.08
2023-06-27,27.1,30.4,24.0,31.9,19.3,12.0,86,24.5,1007.0,93,17.2,135,17.07,28972.88
2023-06-28,28.7,32.3,25.2,33.9,2.3,9.0,81,25.0,1007.2,44,20.2,152,22.65,43869.28
2023-06-29,30.0,34.2,26.4,35.7,0.2,2.0,79,25.8,1004.1,30,18.6,154,24.89,44411.69
2023-06-30,31.2,35.8,27.6,37.8,0.1,1.0,78,26.7,1001.6,87,14.9,154,22.32,43435.72
2023-07-01,31.7,36.2,27.9,38.8,0.6,1.0,76,26.8,1001.6,89,17.1,142,24.54,44152.56
2023-07-02,31.2,36.2,28.1,37.9,1.8,3.0,76,26.3,1002.6,98,18.3,146,24.28,43957.76
2023-07-03,30.2,34.7,26.9,36.5,20.9,12.0,80,26.3,1003.3,99,14.8,143,21.46,42713.87
2023-07-04,30.1,33.9,27.8,36.1,14.8,9.0,77,25.5,1003.9,86,12.2,146,22.11,43200.0
2023-07-05,29.6,33.3,26.6,36.5,3.9,9.0,82,26.1,1004.2,57,13.9,150,22.92,44179.98
2023-07-06,31.1,35.3,27.6,36.9,0.1,1.0,75,25.9,1004.2,38,19.5,167,24.88,44723.97
2023-07-07,31.9,35.7,28.6,37.4,0.0,0.0,73,26.1,1004.2,40,17.8,169,24.06,44464.72
2023-07-08,31.0,35.2,27.7,36.7,4.7,2.0,78,26.4,1005.6,76,25.6,161,23.36,44190.53
2023-07-09,30.6,34.3,27.4,36.6,0.1,1.0,77,26.0,1006.2,95,18.3,156,23.45,43394.31
2023-07-10,31.0,35.0,27.6,36.6,0.0,0.0,74,25.5,1005.3,76,16.6,162,23.8,43764.73
2023-07-11,31.4,35.1,28.2,37.0,0.6,3.0,73,25.7,1004.4,35,16.7,169,23.66,44504.36
2023-07-12,31.8,35.4,28.3,37.6,0.1,1.0,71,25.6,1003.8,37,13.7,174,24.15,44515.25
2023-07-13,31.7,35.9,28.0,37.8,0.0,0.0,70,25.2,1002.8,44,14.1,176,25.14,44527.19
2023-07-14,30.9,33.3,28.5,37.8,7.0,11.0,77,26.4,1002.7,74,15.1,133,22.41,43741.48
2023-07-15,29.3,33.3,25.3,35.3,9.8,10.0,82,25.7,1002.5,83,17.6,356,20.88,36000.0
2023-07-16,30.1,35.9,26.0,35.6,1.8,4.0,75,24.7,1000.2,93,16.6,323,22.62,39345.18
2023-07-17,31.6,35.8,27.7,35.9,0.0,0.0,65,23.6,998.1,99,21.4,343,21.59,43492.63
2023-07-18,28.2,31.1,24.7,30.9,7.2,15.0,71,22.2,998.4,100,24.5,308,9.38,3837.6
2023-07-19,26.8,30.1,24.9,31.9,6.5,20.0,86,24.3,1003.2,98,14.3,122,17.55,35112.08
2023-07-20,26.6,30.0,24.7,32.6,23.9,17.0,91,25.0,1006.0,100,8.2,14,10.09,14634.53
2023-07-21,28.2,31.9,25.3,34.7,7.6,14.0,86,25.6,1008.2,74,9.2,119,19.23,36213.66
2023-07-22,29.4,32.8,26.2,35.5,1.5,5.0,81,25.6,1009.1,90,13.7,159,22.38,40489.52
2023-07-23,30.1,34.2,26.4,35.9,0.0,0.0,77,25.4,1007.6,28,14.9,159,25.05,43881.71
2023-07-24,30.0,33.8,26.4,35.9,0.3,2.0,77,25.2,1005.8,54,14.8,151,25.02,43203.21
2023-07-25,30.4,34.3,26.5,36.0,0.0,0.0,74,24.9,1005.4,70,16.4,156,24.59,43736.44
2023-07-26,30.9,35.4,26.7,37.2,0.0,0.0,74,25.5,1003.4,71,17.0,151,25.82,43938.17
2023-07-27,31.0,35.9,27.1,38.5,0.3,3.0,78,26.5,1000.2,96,9.8,114,24.89,43200.0
2023-07-28,29.1,32.6,26.2,35.2,17.4,8.0,83,25.8,998.6,99,13.3,306,16.15,32491.51
2023-07-29,30.1,34.4,26.9,36.8,5.8,8.0,80,26.1,999.9,95,13.1,208,22.58,43200.0
2023-07-30,28.9,32.5,26.5,35.5,17.8,14.0,85,26.0,1001.4,95,12.3,96,18.79,40188.57
2023-07-31,27.6,31.1,25.1,34.0,25.4,21.0,90,25.6,1003.0,96,11.2,75,12.1,10201.88
2023-08-01,27.9,31.6,25.8,34.9,47.1,21.0,90,25.9,1002.8,96,10.0,119,16.49,25200.0
2023-08-02,27.4,30.9,25.8,33.8,19.8,20.0,89,25.4,1002.0,100,15.1,76,14.97,24021.6
2023-08-03,27.3,31.3,25.5,33.5,26.5,13.0,90,25.4,1001.1,100,12.3,330,13.1,19889.66
2023-08-04,27.2,30.0,25.3,33.2,24.0,22.0,91,25.6,1002.1,100,14.0,269,12.12,12487.75
2023-08-05,27.5,30.0,25.1,33.7,16.8,12.0,90,25.6,1001.3,98,10.9,180,11.17,11215.24
2023-08-06,27.8,30.8,25.5,34.3,1.4,8.0,90,25.9,998.7,100,9.1,185,10.24,555.57
2023-08-07,28.2,31.6,25.3,34.3,9.4,12.0,85,25.2,998.2,80,11.5,214,19.94,33040.95
2023-08-08,27.9,32.9,25.0,34.7,22.9,14.0,88,25.7,1000.4,80,19.6,174,20.7,30495.16
2023-08-09,29.1,33.0,25.7,36.2,4.2,8.0,85,26.1,1002.4,92,8.5,196,21.01,36000.0
2023-08-10,28.7,31.8,26.6,35.9,8.0,13.0,89,26.5,1003.5,99,8.7,329,15.55,25753.42
2023-08-11,27.7,30.9,25.4,34.6,29.7,16.0,91,26.0,1002.1,96,9.9,127,14.93,22406.39
2023-08-12,27.7,30.9,25.3,34.6,16.1,9.0,90,25.9,1001.6,90,10.8,75,17.79,31529.44
2023-08-13,28.1,32.4,25.4,34.9,6.7,9.0,88,25.7,1002.1,85,13.3,134,21.66,34853.07
2023-08-14,28.1,31.8,25.8,35.1,14.4,14.0,90,26.2,1002.7,97,9.6,103,18.06,30881.02
2023-08-15,27.7,30.8,24.9,34.1,22.0,16.0,89,25.6,1004.2,96,9.7,63,16.35,28254.73
2023-08-16,28.6,32.9,24.4,35.2,17.1,10.0,86,25.8,1005.1,68,9.2,119,20.32,36138.15
2023-08-17,30.3,34.0,26.6,37.8,1.7,5.0,83,26.9,1004.5,67,9.0,148,21.61,42516.98
2023-08-18,30.4,34.4,26.8,37.6,3.3,4.0,82,26.8,1003.0,96,12.1,57,19.35,34787.33
2023-08-19,27.4,29.6,25.7,33.8,16.6,12.0,91,25.7,1004.8,100,12.2,34,7.9,3538.41
2023-08-20,26.7,28.6,25.0,32.8,32.3,19.0,93,25.5,1005.6,100,10.7,115,8.18,4243.7
2023-08-21,28.4,32.0,24.6,34.8,12.5,15.0,87,25.9,1005.9,90,12.9,143,21.37,40553.49
2023-08-22,29.2,32.4,25.9,36.1,3.6,8.0,84,26.2,1004.5,99,10.5,167,20.28,37165.72
2023-08-23,28.8,33.1,25.6,35.8,31.0,13.0,87,26.3,1002.9,100,11.3,90,17.36,26160.26
2023-08-24,27.0,31.1,24.8,33.3,27.1,18.0,91,25.4,1004.4,99,11.4,74,12.47,13020.48
2023-08-25,27.5,31.6,24.4,33.9,14.0,18.0,89,25.4,1004.8,96,12.0,102,18.19,34988.73
2023-08-26,28.5,32.1,25.2,35.1,26.5,15.0,89,26.4,1002.3,95,13.0,137,17.64,36057.8
2023-08-27,29.8,33.6,27.1,36.8,2.4,6.0,83,26.4,999.8,90,11.5,187,20.85,36710.15
2023-08-28,27.9,30.6,25.9,32.9,4.7,12.0,83,24.6,1002.4,99,16.9,339,13.67,18083.67
2023-08-29,28.1,31.3,25.4,32.6,0.0,0.0,77,23.4,1004.6,64,21.2,21,22.14,43200.0
2023-08-30,27.9,31.4,25.0,31.2,0.0,0.0,70,21.8,1006.8,49,20.3,17,21.12,43200.0
2023-08-31,28.2,32.2,24.1,32.1,0.0,0.0,69,21.6,1006.5,8,16.0,8,24.23,43200.0
2023-09-01,28.6,32.9,25.4,32.9,0.3,1.0,72,22.9,1005.3,36,15.6,343,20.2,35606.08
2023-09-02,29.6,34.3,25.7,34.4,0.0,0.0,71,23.6,1003.1,47,18.0,339,23.19,43200.0
2023-09-03,26.5,28.2,25.1,30.1,0.7,2.0,78,22.2,1003.2,99,17.4,27,4.98,0.0
2023-09-04,26.3,29.7,24.0,30.0,1.7,10.0,81,22.7,1005.0,83,17.2,341,12.7,21037.92
2023-09-05,28.2,32.5,24.4,33.2,0.2,2.0,79,23.9,1006.0,66,12.7,339,20.21,36451.51
2023-09-06,29.0,32.8,25.6,35.4,2.7,4.0,82,25.6,1006.7,96,12.3,280,19.86,35079.55
2023-09-07,29.9,33.6,26.0,36.3,0.5,4.0,79,25.6,1006.4,69,12.0,316,22.51,43200.0
2023-09-08,28.4,32.2,25.1,34.4,5.1,16.0,84,25.3,1006.4,86,13.3,337,20.44,39801.83
2023-09-09,27.7,31.7,25.0,34.1,5.4,10.0,88,25.5,1005.0,91,14.0,355,18.19,26075.35
2023-09-10,27.6,31.3,25.4,34.3,9.7,13.0,89,25.6,1004.1,97,7.7,64,18.14,28151.61
2023-09-11,27.6,31.2,25.3,34.1,11.9,16.0,90,25.7,1003.1,99,8.7,108,13.95,20141.61
2023-09-12,27.4,30.3,25.7,33.8,23.8,19.0,91,25.7,1003.6,100,14.8,17,10.87,7600.8
2023-09-13,26.0,28.0,24.3,30.0,24.7,15.0,89,23.9,1005.1,100,17.8,308,9.06,4084.66
2023-09-14,24.3,25.0,24.0,27.8,26.7,22.0,91,22.8,1007.1,99,15.4,337,3.22,0.0
2023-09-15,25.1,27.9,23.1,28.9,11.8,18.0,87,22.7,1008.2,96,17.6,340,6.98,880.49
2023-09-16,26.0,28.1,24.3,30.9,12.9,13.0,88,23.8,1009.1,90,11.7,48,8.26,4924.99
2023-09-17,26.3,30.3,24.0,32.1,19.9,19.0,90,24.5,1008.7,99,10.2,85,14.48,21193.09
2023-09-18,27.2,30.7,24.1,33.2,3.2,13.0,88,24.9,1009.1,91,9.8,105,17.95,32765.17
2023-09-19,27.9,31.6,25.1,33.7,0.4,3.0,86,25.2,1009.5,77,13.9,149,20.29,41328.67
2023-09-20,28.4,31.5,25.7,34.4,1.6,9.0,85,25.6,1009.1,23,12.9,146,19.12,41501.18
2023-09-21,28.7,32.2,25.8,35.1,0.7,3.0,85,25.9,1009.5,20,13.5,143,20.01,41110.01
2023-09-22,28.7,32.6,25.6,34.7,0.0,0.0,84,25.6,1009.2,55,16.7,140,20.38,36466.95
2023-09-23,28.7,32.3,25.6,34.7,0.0,0.0,82,25.2,1009.2,26,14.8,135,20.78,41834.17
2023-09-24,27.7,31.8,24.7,33.8,2.8,3.0,87,25.2,1008.6,36,15.6,109,18.82,32400.0
2023-09-25,27.2,32.2,24.5,33.1,9.7,7.0,87,24.8,1008.4,62,23.4,7,15.44,25373.28
2023-09-26,25.6,26.8,24.1,30.1,40.3,19.0,91,24.0,1008.3,96,19.1,8,4.55,4744.16
2023-09-27,25.3,27.4,23.7,30.0,43.3,22.0,93,24.0,1008.8,100,17.6,50,9.62,8518.05
2023-09-28,25.1,27.1,23.8,30.3,39.9,23.0,94,24.1,1011.2,100,11.2,30,6.72,0.0
2023-09-29,26.5,30.7,23.9,32.2,6.6,17.0,90,24.6,1011.9,95,10.0,346,13.65,21709.59
2023-09-30,27.5,31.1,24.2,33.7,6.7,11.0,86,24.9,1010.6,58,7.9,129,19.05,36848.2
2023-10-01,28.3,32.4,24.3,34.0,0.0,0.0,81,24.4,1008.9,11,11.8,131,20.58,39895.29
2023-10-02,27.9,32.1,24.3,33.5,0.1,1.0,82,24.4,1009.9,37,13.6,120,19.54,36834.12
2023-10-03,28.0,32.4,23.7,33.7,0.1,1.0,81,24.2,1010.1,45,11.9,120,20.49,37706.99
2023-10-04,28.8,33.2,25.0,34.7,0.0,0.0,80,24.8,1009.4,16,12.8,130,20.43,39266.7
2023-10-05,29.1,33.1,25.1,35.1,0.0,0.0,80,25.1,1008.1,23,10.8,141,20.07,39956.67
2023-10-06,28.5,32.1,23.9,34.2,13.5,9.0,84,25.3,1008.4,59,14.5,116,17.8,39600.0
2023-10-07,25.9,29.6,23.9,29.7,18.8,15.0,83,22.6,1011.1,98,23.6,29,12.28,21168.23
2023-10-08,25.6,28.8,23.6,27.3,0.0,0.0,66,18.8,1013.7,61,14.8,25,14.29,32689.6
2023-10-09,25.7,29.8,22.0,27.1,0.0,0.0,64,18.4,1015.1,70,17.3,22,18.48,36242.87
2023-10-10,25.4,27.9,22.8,26.4,0.4,3.0,66,18.5,1016.2,97,20.6,33,11.72,19218.35
2023-10-11,25.1,28.0,22.9,26.7,0.0,0.0,67,18.4,1016.9,90,15.8,25,16.91,27093.2
2023-10-12,24.3,26.4,22.6,27.0,0.2,1.0,78,20.1,1017.3,82,12.6,17,6.39,742.8
2023-10-13,25.3,29.4,22.2,28.4,0.3,3.0,77,20.8,1015.7,42,12.8,30,17.37,39093.57
2023-10-14,25.5,28.9,23.2,27.8,0.1,1.0,73,20.2,1013.7,67,15.9,33,15.65,37641.56
2023-10-15,24.6,28.3,22.5,26.1,0.0,0.0,68,18.2,1013.6,54,17.3,10,15.79,25745.7
2023-10-16,25.4,29.5,21.8,27.8,0.0,0.0,69,19.2,1014.1,61,13.3,10,15.57,34592.04
2023-10-17,26.1,30.6,21.3,29.3,0.0,0.0,70,19.8,1013.7,44,10.8,13,18.59,39600.0
2023-10-18,26.6,31.4,22.1,30.2,0.0,0.0,73,21.1,1012.5,87,11.6,4,17.19,37005.47
2023-10-19,27.1,31.7,23.2,30.7,0.0,0.0,76,22.3,1011.0,98,17.6,5,16.3,36000.0
2023-10-20,27.1,29.8,24.5,27.8,0.0,0.0,60,18.1,1014.9,82,26.3,10,18.59,38827.1
2023-10-21,24.5,26.5,22.4,23.7,0.0,0.0,51,13.5,1018.4,89,19.7,28,11.16,19426.55
2023-10-22,23.8,27.1,21.6,24.8,0.0,0.0,66,17.0,1018.2,64,15.3,26,13.47,31686.38
2023-10-23,24.5,29.0,21.3,27.4,0.0,0.0,76,19.8,1016.7,66,9.7,52,13.02,26321.67
2023-10-24,25.7,30.1,21.2,29.5,0.0,0.0,78,21.2,1015.4,53,9.0,80,14.74,37568.9
2023-10-25,26.9,31.7,22.4,30.6,0.0,0.0,73,21.3,1014.4,43,14.0,111,17.65,39600.0
2023-10-26,27.1,31.8,23.0,30.5,0.0,0.0,71,20.9,1013.3,43,13.0,120,17.23,39255.42
2023-10-27,27.0,31.6,22.1,30.8,0.1,1.0,74,21.6,1012.5,51,14.3,104,17.6,39592.66
2023-10-28,26.0,29.1,23.6,30.0,11.3,16.0,82,22.6,1013.6,87,13.7,43,12.95,25932.94
2023-10-29,24.1,26.6,22.4,27.1,9.7,14.0,85,21.4,1015.0,99,18.4,30,7.49,7200.0
2023-10-30,24.6,28.3,22.5,26.4,0.0,0.0,71,18.9,1017.2,90,15.3,22,14.17,34284.6
2023-10-31,24.6,29.0,21.4,26.8,0.0,0.0,72,19.0,1018.0,59,13.1,30,15.71,39478.66
2023-11-01,24.4,29.2,20.4,27.3,0.0,0.0,77,19.7,1017.0,14,10.4,86,17.18,38662.81
2023-11-02,24.6,29.1,20.4,27.7,0.0,0.0,79,20.3,1014.0,42,14.5,136,16.52,39418.61
2023-11-03,26.0,30.7,21.7,29.7,0.1,1.0,81,22.2,1011.0,62,16.6,146,15.12,38449.47
2023-11-04,26.4,30.2,23.9,30.6,1.3,7.0,85,23.5,1011.4,70,16.9,147,13.07,28689.39
2023-11-05,27.2,31.3,24.0,31.4,0.4,3.0,82,23.6,1012.0,60,16.0,151,15.28,37877.44
2023-11-06,25.6,30.2,22.2,29.5,6.7,12.0,85,22.8,1014.7,86,15.3,63,11.23,25200.0
2023-11-07,24.1,28.1,21.2,26.8,0.2,2.0,78,19.9,1015.6,86,14.2,18,10.97,20036.03
2023-11-08,25.4,30.0,21.2,29.4,0.0,0.0,81,21.8,1013.1,62,14.7,126,14.45,37071.14
2023-11-09,26.7,31.1,22.4,31.2,0.1,1.0,83,23.3,1012.3,26,15.0,146,16.01,37019.74
2023-11-10,27.3,31.5,24.2,31.9,0.2,2.0,83,23.9,1013.6,27,14.1,148,15.7,38089.68
2023-11-11,27.1,31.4,24.0,31.8,0.3,3.0,85,24.0,1014.7,28,14.4,137,14.88,31814.88
2023-11-12,24.7,27.5,21.8,28.4,11.6,21.0,89,22.8,1017.6,89,21.4,60,9.78,23261.7
2023-11-13,16.7,21.5,15.4,15.2,15.5,18.0,81,13.4,1023.3,100,23.5,19,2.4,0.0
2023-11-14,17.9,21.3,15.6,17.3,0.0,0.0,70,12.4,1022.9,79,14.6,6,9.22,17513.17
2023-11-15,19.8,23.8,16.6,20.8,0.0,0.0,76,15.5,1020.8,88,9.4,14,8.26,7361.91
2023-11-16,19.8,22.2,17.7,17.5,1.1,4.0,62,11.9,1026.8,86,26.2,15,7.65,10580.49
2023-11-17,18.9,24.1,14.9,17.4,0.0,0.0,57,9.8,1026.1,60,17.5,9,17.15,38786.06
2023-11-18,18.6,24.1,13.6,17.8,0.0,0.0,61,10.4,1023.1,31,12.0,14,17.43,38877.99
2023-11-19,19.1,24.7,13.4,19.1,0.0,0.0,66,12.1,1020.7,23,9.0,17,16.95,36000.0
2023-11-20,19.2,25.0,13.8,19.8,0.0,0.0,74,14.2,1018.8,2,10.0,259,17.09,38596.63
2023-11-21,19.7,25.2,14.4,20.7,0.0,0.0,77,15.2,1016.1,1,12.5,141,17.23,38355.29
2023-11-22,20.4,25.4,15.7,22.2,0.2,2.0,83,17.2,1014.9,48,7.4,336,13.11,37578.52
2023-11-23,22.2,27.6,17.8,24.5,0.0,0.0,81,18.4,1016.1,64,7.4,329,13.8,32489.25
2023-11-24,23.1,28.4,19.2,25.2,0.5,4.0,78,18.6,1017.8,39,16.4,69,13.81,32417.82
2023-11-25,22.7,27.7,18.3,24.8,0.0,0.0,78,18.2,1018.5,46,12.5,117,14.82,36496.48
2023-11-26,22.5,27.9,19.5,24.4,0.0,0.0,78,18.0,1019.6,90,10.7,335,11.01,25607.09
2023-11-27,22.8,27.8,18.4,25.0,0.1,1.0,76,18.0,1018.7,25,8.9,47,15.57,36890.51
2023-11-28,21.8,27.1,17.6,23.3,0.0,0.0,75,16.6,1018.0,17,11.0,99,16.11,36643.44
2023-11-29,22.4,27.1,18.2,24.8,0.0,0.0,80,18.5,1016.7,76,13.7,135,13.23,33318.91
2023-11-30,23.4,26.6,21.7,25.8,0.5,4.0,80,19.7,1018.8,99,16.3,13,5.98,2162.93
2023-12-01,19.9,21.5,18.7,19.4,1.3,7.0,72,14.5,1020.7,100,18.7,16,3.93,0.0
2023-12-02,18.5,19.1,18.0,18.1,0.6,4.0,69,12.8,1021.0,100,12.2,19,3.5,0.0
2023-12-03,19.0,20.8,17.5,19.3,0.4,4.0,76,14.6,1019.9,99,11.0,11,4.0,0.0
2023-12-04,19.2,21.1,17.8,19.5,0.0,0.0,73,14.2,1017.9,100,11.0,21,4.14,0.0
2023-12-05,20.4,23.7,18.0,21.6,0.0,0.0,77,16.1,1015.1,93,12.2,132,6.64,6456.34
2023-12-06,20.2,22.8,18.0,20.9,3.7,6.0,79,16.4,1018.8,99,17.6,12,5.25,5319.91
2023-12-07,19.7,24.9,15.1,19.7,0.0,0.0,65,12.7,1018.6,83,10.5,350,15.51,36287.97
2023-12-08,20.7,25.9,15.7,21.2,0.0,0.0,72,15.1,1014.2,55,15.1,143,15.39,36307.97
2023-12-09,22.8,28.0,18.2,24.9,0.0,0.0,82,19.3,1011.5,35,16.6,155,10.39,27063.56
2023-12-10,24.4,28.1,22.1,27.6,1.0,6.0,88,22.2,1010.1,83,19.3,155,6.16,6643.16
2023-12-11,25.0,28.8,23.2,28.7,2.4,10.0,88,22.8,1012.4,80,15.1,146,9.21,21469.05
2023-12-12,24.7,28.6,22.3,27.9,0.1,1.0,86,22.0,1014.6,63,19.1,129,10.89,26622.1
2023-12-13,23.6,27.5,20.2,25.7,0.5,4.0,83,20.3,1016.1,49,19.7,132,9.6,27189.28
2023-12-14,24.2,27.8,21.5,26.8,1.0,8.0,85,21.4,1015.4,77,18.0,152,9.96,29163.1
2023-12-15,25.1,30.0,21.9,28.2,0.5,4.0,83,21.7,1013.7,86,15.8,156,11.39,28639.78
2023-12-16,18.7,23.7,14.4,16.9,5.9,4.0,67,12.0,1020.0,99,34.3,45,7.77,12131.82
2023-12-17,12.9,15.8,11.2,10.2,0.6,4.0,64,6.2,1024.8,74,19.2,26,7.37,9746.28
2023-12-18,14.8,17.9,11.4,13.3,0.1,1.0,66,8.4,1021.8,98,11.2,30,6.06,1848.21
2023-12-19,13.8,15.3,11.9,11.2,0.5,5.0,65,7.3,1022.9,100,17.8,22,5.57,1433.89
2023-12-20,14.1,17.1,12.5,11.1,0.0,0.0,54,4.8,1025.3,87,17.3,8,5.84,4920.87
2023-12-21,13.7,17.3,11.4,9.8,0.0,0.0,46,2.2,1027.6,76,18.9,39,11.39,26011.53
2023-12-22,11.9,16.0,8.1,7.8,0.0,0.0,44,-0.0,1031.0,51,18.9,38,15.87,36000.0
2023-12-23,12.7,18.1,8.2,9.3,0.0,0.0,46,1.2,1030.3,69,17.3,15,15.78,36026.65
2023-12-24,14.0,17.8,11.5,10.7,0.0,0.0,45,1.8,1030.2,86,16.0,4,7.23,10936.76
2023-12-25,14.1,19.9,9.4,11.2,0.0,0.0,46,2.1,1026.4,22,14.0,51,16.02,36000.0
2023-12-26,15.0,21.5,8.8,13.6,0.0,0.0,63,7.1,1024.1,3,8.4,38,15.74,36000.0
2023-12-27,16.8,23.2,10.9,16.7,0.0,0.0,75,12.0,1023.2,2,12.3,69,15.44,36000.0
2023-12-28,18.4,24.9,12.0,18.7,0.0,0.0,77,13.8,1021.0,13,12.3,142,15.32,36000.0
2023-12-29,20.4,25.6,16.2,21.5,0.0,0.0,76,15.7,1019.4,65,13.8,119,12.28,31674.18
2023-12-30,21.1,25.1,18.5,22.9,1.2,4.0,80,17.3,1017.8,83,10.5,112,7.68,10845.93
2023-12-31,21.8,26.9,17.6,23.6,0.5,1.0,79,17.5,1017.2,47,15.2,130,11.71,34824.0
2024-01-01,21.6,26.9,17.3,23.1,0.5,3.0,80,17.7,1016.6,49,17.2,127,12.6,36000.0
2024-01-02,22.7,27.5,19.9,24.6,1.1,7.0,82,19.2,1015.7,64,15.1,138,11.05,27163.09
2024-01-03,17.8,20.3,15.5,17.4,9.6,12.0,80,14.2,1020.1,91,24.8,27,3.68,0.0
2024-01-04,19.1,23.4,16.6,18.6,0.0,0.0,65,12.2,1018.8,73,16.9,119,10.52,19521.78
2024-01-05,20.1,24.5,17.1,21.4,0.2,2.0,82,16.8,1017.5,74,14.4,129,7.58,11249.65
2024-01-06,21.4,25.2,19.0,23.2,2.1,10.0,84,18.2,1018.4,85,14.0,135,8.31,18559.93
2024-01-07,20.9,25.0,17.5,22.2,0.1,1.0,84,17.9,1018.0,74,16.6,129,6.28,7200.0
2024-01-08,22.0,26.7,19.1,23.5,1.1,6.0,82,18.7,1016.0,63,17.6,143,10.06,23935.9
2024-01-09,22.3,26.7,19.6,24.4,2.3,11.0,86,19.6,1015.0,73,13.6,129,10.98,26893.29
2024-01-10,19.9,22.4,18.0,21.3,16.4,21.0,91,18.5,1016.5,100,15.1,74,4.54,3439.31
2024-01-11,18.4,20.1,17.2,19.7,8.5,19.0,92,17.1,1017.2,100,11.3,16,3.02,0.0
2024-01-12,18.4,19.5,17.7,19.7,11.7,15.0,93,17.1,1016.7,100,12.3,14,2.07,0.0
2024-01-13,18.9,20.0,18.1,20.9,11.3,20.0,94,17.9,1017.7,100,9.8,38,3.6,0.0
2024-01-14,19.7,23.2,17.9,21.8,15.0,16.0,90,18.0,1019.2,94,8.9,67,7.41,6276.78
2024-01-15,20.8,25.4,17.6,22.4,0.7,5.0,83,17.7,1019.2,44,16.5,126,13.55,33557.03
2024-01-16,19.9,22.9,18.0,21.3,3.8,8.0,88,17.9,1018.3,74,18.9,121,4.92,7441.96
2024-01-17,20.6,25.5,17.9,22.1,4.2,12.0,88,18.5,1016.9,65,16.8,132,10.04,22471.56
2024-01-18,21.7,26.3,18.3,23.2,0.3,3.0,85,18.7,1014.9,79,16.4,149,11.5,24374.12
2024-01-19,22.6,27.1,19.6,24.0,0.9,5.0,83,19.3,1013.5,76,19.5,159,11.33,29319.67
2024-01-20,21.2,26.5,17.7,22.7,5.5,11.0,86,18.6,1015.2,94,22.7,102,8.98,15857.95
2024-01-21,15.9,16.9,14.9,15.0,2.4,13.0,82,12.8,1018.7,100,16.0,26,3.5,0.0
2024-01-22,11.3,14.8,8.4,8.0,10.0,20.0,83,8.5,1024.1,100,26.6,20,3.31,0.0
2024-01-23,9.2,11.3,7.2,5.5,1.5,7.0,64,2.7,1029.4,99,18.4,27,5.78,496.42
2024-01-24,9.7,11.8,8.0,5.9,0.0,0.0,56,1.3,1029.3,100,14.2,28,7.47,2089.72
2024-01-25,10.5,12.6,8.7,7.2,0.1,1.0,55,1.9,1029.1,100,12.9,28,8.43,7279.55
2024-01-26,11.5,13.6,10.5,8.8,0.0,0.0,62,4.3,1027.7,100,12.1,19,5.33,289.34
2024-01-27,11.1,12.4,10.3,8.8,0.0,0.0,72,6.4,1026.4,100,12.6,11,4.41,0.0
2024-01-28,12.0,13.6,10.4,9.9,0.1,1.0,73,7.3,1026.1,100,13.4,359,4.87,0.0
2024-01-29,13.7,17.2,11.4,12.7,0.6,1.0,78,9.9,1022.5,96,10.1,10,8.13,4203.19
2024-01-30,16.2,19.5,13.7,16.6,0.0,0.0,81,13.0,1018.9,100,9.7,105,7.24,1672.32
2024-01-31,18.5,21.3,16.4,20.1,1.2,3.0,90,16.8,1016.6,100,9.6,125,5.5,0.0
2024-02-01,21.4,25.0,19.3,23.8,0.1,1.0,89,19.4,1015.4,84,14.1,150,7.64,9747.68
2024-02-02,23.2,27.9,21.0,25.2,0.3,2.0,84,20.2,1013.9,88,21.7,149,11.9,25440.39
2024-02-03,22.8,26.8,21.1,24.6,1.8,12.0,88,20.6,1013.9,90,21.5,143,8.58,18957.02
2024-02-04,24.5,29.6,21.4,27.0,1.6,12.0,83,21.1,1013.0,70,18.3,151,14.2,30332.33
2024-02-05,22.2,24.7,20.5,23.8,1.3,10.0,87,19.9,1014.6,100,20.4,121,6.8,2673.46
2024-02-06,21.4,24.4,18.8,22.9,4.2,13.0,87,19.1,1015.4,100,17.7,115,6.14,3586.15
2024-02-07,15.7,17.3,13.7,14.7,2.5,14.0,82,12.6,1015.8,100,15.8,40,5.03,0.0
2024-02-08,12.8,14.5,11.1,10.4,0.9,6.0,73,7.9,1018.7,100,15.9,37,5.62,0.0
2024-02-09,13.9,16.6,11.3,11.8,0.0,0.0,65,7.2,1024.6,100,14.8,12,8.14,5345.03
2024-02-10,16.6,19.3,14.5,15.0,0.0,0.0,60,8.6,1027.3,88,13.1,0,10.86,18158.27
2024-02-11,17.4,22.6,12.3,16.6,0.0,0.0,64,10.0,1026.5,21,12.0,28,18.53,37391.76
2024-02-12,17.7,25.4,10.7,17.3,0.0,0.0,73,12.4,1022.6,16,22.3,127,17.52,38640.7
2024-02-13,19.6,25.0,15.1,20.1,0.0,0.0,83,16.3,1019.4,73,18.8,148,13.52,29672.27
2024-02-14,21.4,25.2,18.9,22.3,0.6,4.0,82,18.0,1017.0,94,21.0,152,10.08,19601.03
2024-02-15,21.4,25.5,18.6,23.4,0.6,4.0,84,18.4,1018.3,94,9.4,115,8.67,14631.96
2024-02-16,20.4,25.0,17.4,20.9,0.5,3.0,77,16.0,1018.7,79,17.1,98,8.2,4406.97
2024-02-17,20.6,25.7,16.2,21.4,0.6,4.0,84,17.6,1013.4,67,22.1,152,9.03,15917.42
2024-02-18,23.3,29.6,19.2,25.4,0.3,3.0,85,20.3,1010.6,80,19.8,148,13.16,22821.12
2024-02-19,24.1,30.9,20.4,26.8,0.2,1.0,86,21.4,1010.1,46,23.4,143,11.78,20968.13
2024-02-20,25.3,31.6,21.6,27.7,0.1,1.0,82,21.9,1007.9,31,25.6,150,14.5,27893.43
2024-02-21,26.6,32.5,22.2,29.6,0.3,3.0,79,22.3,1008.1,45,20.6,154,17.23,36009.73
2024-02-22,25.3,29.8,22.6,28.3,0.6,5.0,85,22.3,1011.8,88,20.8,134,9.21,15018.55
2024-02-23,19.3,23.3,15.0,18.7,2.2,9.0,74,14.4,1016.9,100,18.3,50,5.18,0.0
2024-02-24,13.4,14.8,12.0,12.0,5.7,22.0,88,11.4,1020.5,100,13.9,26,3.1,0.0
2024-02-25,13.4,15.5,11.4,12.1,0.9,8.0,81,10.0,1020.9,100,12.6,22,5.32,0.0
2024-02-26,15.1,17.5,13.5,13.8,0.3,3.0,74,10.5,1020.4,100,12.4,36,6.27,0.0
2024-02-27,13.4,15.3,11.5,11.6,0.9,9.0,74,8.7,1020.9,100,16.5,30,6.29,274.16
2024-02-28,15.5,18.9,13.3,15.2,0.2,2.0,77,11.5,1016.9,100,9.2,60,6.39,0.0
2024-02-29,15.5,17.0,14.0,14.4,1.0,9.0,79,11.7,1018.2,100,16.6,26,5.57,0.0
2024-03-01,14.0,15.6,12.4,11.7,0.1,1.0,65,7.6,1022.1,100,16.2,28,7.23,1094.95
2024-03-02,14.2,18.1,12.1,12.2,0.0,0.0,64,7.4,1021.8,78,15.6,51,10.54,17251.06
2024-03-03,16.5,21.7,11.6,15.8,0.0,0.0,78,12.5,1014.5,81,17.9,150,10.23,9076.75
2024-03-04,21.5,29.0,17.1,23.6,0.0,0.0,82,18.0,1006.5,47,13.0,151,17.0,31134.88
2024-03-05,24.0,32.3,17.4,27.4,0.0,0.0,82,20.2,1003.7,27,10.3,65,18.32,32329.21
2024-03-06,22.9,26.6,19.7,23.5,0.0,0.0,72,17.2,1008.6,14,25.0,52,18.99,40222.55
2024-03-07,20.4,22.8,18.0,20.2,0.0,0.0,66,13.7,1014.9,98,15.3,51,6.85,477.89
2024-03-08,19.8,21.3,18.2,20.2,0.1,1.0,71,14.2,1016.9,100,12.4,88,5.17,0.0
2024-03-09,17.8,19.2,16.8,18.2,1.0,8.0,81,14.5,1016.6,100,9.8,38,4.08,0.0
2024-03-10,17.4,19.3,16.1,17.8,1.4,12.0,85,14.8,1018.3,100,11.8,33,4.73,0.0
2024-03-11,19.6,24.6,16.6,19.6,0.5,5.0,74,14.4,1019.7,56,17.4,354,13.23,25078.96
2024-03-12,19.7,24.6,14.6,20.4,0.0,0.0,81,16.0,1016.7,48,17.8,131,12.85,19222.96
2024-03-13,21.0,23.9,18.4,22.8,1.8,5.0,86,18.5,1014.0,100,12.9,135,6.78,587.63
2024-03-14,21.2,23.5,20.1,23.9,6.9,20.0,92,19.8,1013.4,100,12.3,82,4.44,0.0
2024-03-15,22.3,24.9,20.1,25.6,4.2,9.0,91,20.8,1012.7,95,12.8,136,6.15,0.0
2024-03-16,23.5,26.4,22.2,26.6,1.3,10.0,91,21.9,1013.8,100,18.4,132,6.14,0.0
2024-03-17,23.4,26.1,21.8,26.6,0.6,6.0,92,22.0,1013.3,100,16.2,129,5.35,0.0
2024-03-18,23.6,26.3,21.7,26.8,1.2,9.0,91,22.0,1012.8,100,14.8,128,5.71,68.52
2024-03-19,19.9,23.0,18.1,20.2,24.8,15.0,81,16.4,1019.4,100,25.5,35,6.35,283.81
2024-03-20,18.8,21.4,16.0,19.5,0.9,4.0,76,14.3,1022.0,87,9.8,71,6.15,0.0
2024-03-21,20.0,26.6,15.1,20.7,0.0,0.0,77,15.6,1015.1,41,19.6,157,18.17,36974.7
2024-03-22,22.2,27.4,18.0,24.1,0.3,2.0,86,19.6,1008.3,72,19.1,153,10.03,11518.43
2024-03-23,25.1,31.3,21.6,28.0,0.2,2.0,85,22.3,1006.7,56,22.0,153,14.67,25853.56
2024-03-24,25.5,31.4,21.8,28.7,0.3,3.0,86,22.7,1009.1,36,22.7,137,12.28,22957.02
2024-03-25,25.4,29.9,22.3,29.4,0.8,5.0,89,23.3,1011.2,68,16.6,136,10.48,16027.44
2024-03-26,25.6,29.9,22.7,29.0,0.7,7.0,85,22.7,1014.9,90,21.7,140,15.61,34401.45
2024-03-27,24.8,28.1,22.4,28.1,5.4,8.0,88,22.6,1014.2,99,18.7,154,9.49,7191.42
2024-03-28,24.2,28.8,22.9,28.2,9.5,12.0,90,22.4,1012.5,97,15.0,128,8.54,7484.3
2024-03-29,23.9,27.6,21.6,27.8,14.5,7.0,88,21.7,1012.8,77,13.8,197,10.26,12316.47
2024-03-30,25.2,31.0,21.1,28.7,0.2,2.0,86,22.6,1010.1,47,18.1,151,11.63,18819.28
2024-03-31,26.9,32.0,21.8,32.0,0.0,0.0,84,23.8,1006.7,63,16.2,117,18.23,33633.67
2024-04-01,28.4,35.0,22.8,33.3,0.0,0.0,78,24.0,1003.0,56,18.7,143,19.3,38947.14
2024-04-02,28.5,35.2,23.2,32.9,0.0,0.0,75,23.5,1001.6,9,18.3,139,20.51,42902.74
2024-04-03,28.6,35.4,22.7,33.7,0.0,0.0,78,24.2,1002.9,2,17.9,123,21.07,42863.72
2024-04-04,28.4,34.4,23.7,33.6,0.0,0.0,80,24.5,1003.8,1,17.1,108,20.92,42499.65
2024-04-05,26.6,28.6,25.1,30.2,0.0,0.0,85,23.7,1007.1,93,19.7,113,5.58,0.0
2024-04-06,26.2,28.6,24.5,29.5,0.1,1.0,83,23.0,1008.5,100,18.4,128,7.66,0.0
2024-04-07,25.7,27.8,23.7,29.3,2.4,13.0,86,23.1,1007.7,98,17.1,121,6.16,0.0
2024-04-08,23.3,24.9,21.1,25.9,3.3,11.0,84,20.3,1011.7,100,20.2,37,6.31,0.0
2024-04-09,23.6,26.1,21.8,26.6,1.2,7.0,82,20.4,1014.4,100,11.3,65,7.87,3150.26
2024-04-10,24.2,27.4,21.7,27.6,0.3,3.0,85,21.4,1013.9,92,13.8,141,7.98,7373.24
2024-04-11,25.3,28.6,22.5,29.4,0.6,4.0,89,23.3,1013.0,92,16.4,136,8.4,5077.8
2024-04-12,26.7,30.4,24.3,30.4,0.8,8.0,84,23.6,1011.0,86,20.5,158,14.71,30263.01
2024-04-13,26.9,30.5,24.7,30.6,0.1,1.0,85,24.1,1008.2,75,20.3,157,12.34,18551.71
2024-04-14,27.0,32.0,23.8,31.5,0.2,2.0,86,24.3,1007.9,72,18.5,144,11.82,17404.6
2024-04-15,27.3,32.0,24.4,31.5,0.5,3.0,84,24.2,1009.0,90,20.9,142,13.01,25477.52
2024-04-16,27.3,31.6,24.5,31.1,0.1,1.0,83,24.0,1007.2,60,22.8,155,16.78,34673.92
2024-04-17,27.7,32.6,24.6,32.2,0.2,2.0,83,24.5,1005.8,71,18.2,147,12.96,21686.29
2024-04-18,27.8,33.2,24.5,32.4,0.3,2.0,83,24.4,1004.1,61,20.0,145,16.34,31447.25
2024-04-19,29.1,34.3,25.3,33.9,3.9,2.0,81,25.3,1001.1,63,23.3,159,17.66,34550.79
2024-04-20,29.9,34.2,26.8,34.7,3.7,1.0,74,24.7,1000.6,38,21.8,156,20.09,40330.17
2024-04-21,28.0,31.3,25.7,32.2,0.3,3.0,80,24.1,1003.6,55,25.7,77,14.61,33321.22
2024-04-22,26.8,30.6,24.4,31.3,0.6,6.0,83,23.6,1005.6,76,15.5,104,9.71,13714.67
2024-04-23,27.0,30.5,25.4,32.0,2.2,9.0,86,24.4,1006.1,81,20.3,77,14.23,30107.93
2024-04-24,26.7,29.4,24.0,31.7,8.2,10.0,87,24.3,1006.5,77,17.3,125,10.63,9289.64
2024-04-25,29.2,34.6,24.8,34.7,0.4,2.0,82,25.5,1002.8,45,17.4,160,18.68,33970.81
2024-04-26,30.6,36.3,24.8,37.1,0.0,0.0,78,26.0,1000.2,8,16.4,131,22.33,43200.0
2024-04-27,32.3,40.2,26.1,36.9,0.0,0.0,62,23.2,999.0,1,20.4,181,23.92,43200.0
2024-04-28,30.7,37.1,25.6,36.4,0.0,0.0,73,25.0,1001.3,1,17.3,109,23.38,43200.0
2024-04-29,31.7,37.5,26.2,37.5,0.0,0.0,71,25.6,1000.9,18,22.3,153,21.64,41384.29
2024-04-30,33.0,38.8,29.5,38.1,0.0,0.0,63,24.7,998.5,10,29.2,154,22.86,43200.0
2024-05-01,27.5,30.5,25.3,30.7,0.1,1.0,75,22.6,1005.1,97,24.6,47,12.71,20488.1
2024-05-02,25.7,29.2,22.8,29.4,2.7,9.0,84,22.6,1007.8,100,15.1,73,8.18,2156.05
2024-05-03,26.7,30.4,23.9,31.5,17.8,16.0,88,24.5,1007.1,88,20.1,145,12.76,16601.62
2024-05-04,28.8,33.9,25.5,34.3,0.7,4.0,83,25.3,1004.1,37,16.2,145,22.19,39093.54
2024-05-05,26.1,28.3,24.6,30.0,0.2,2.0,81,22.6,1008.0,89,16.4,54,9.93,1551.41
2024-05-06,25.9,28.4,23.9,30.5,25.6,12.0,88,23.7,1010.4,90,14.1,103,11.11,11965.39
2024-05-07,26.0,30.2,23.8,31.1,16.3,15.0,89,23.9,1012.3,92,14.1,129,15.33,26405.86
2024-05-08,26.2,30.7,24.0,31.4,9.2,11.0,90,24.3,1011.8,98,18.8,120,15.5,24047.54
2024-05-09,25.7,29.2,23.2,30.1,18.0,20.0,87,23.3,1012.1,95,14.0,69,15.44,30506.93
2024-05-10,26.9,30.9,24.2,31.4,1.5,10.0,85,24.1,1010.7,80,17.0,147,17.27,29207.91
2024-05-11,27.7,30.9,25.2,32.6,5.9,7.0,87,25.2,1010.0,55,20.7,157,16.01,26690.94
2024-05-12,26.7,29.8,24.3,32.5,33.6,14.0,91,25.1,1010.3,76,17.0,133,11.39,23683.43
2024-05-13,26.9,30.7,24.2,31.6,15.9,13.0,83,23.5,1011.5,61,13.8,6,20.27,40868.18
2024-05-14,27.4,31.4,23.7,32.7,1.6,4.0,83,24.0,1010.6,36,17.3,134,21.7,41744.04
2024-05-15,26.8,31.2,24.8,32.2,35.2,16.0,89,24.8,1011.8,73,12.5,102,16.32,28355.14
2024-05-16,26.9,31.2,23.6,30.8,14.3,6.0,76,22.1,1012.7,78,14.8,85,21.5,38899.6
2024-05-17,27.3,30.5,24.4,31.3,0.3,2.0,76,22.5,1009.7,72,17.1,127,19.98,36846.42
2024-05-18,27.7,31.0,25.2,32.7,19.4,15.0,86,25.1,1004.7,100,19.2,144,16.75,27004.34
2024-05-19,27.1,31.2,25.2,32.9,20.1,11.0,90,25.3,1002.6,100,15.8,53,13.14,13602.67
2024-05-20,27.3,31.2,24.2,32.3,1.3,5.0,83,23.9,1006.0,91,13.5,355,18.4,24912.08
2024-05-21,27.2,31.4,24.7,33.3,4.1,5.0,88,24.8,1007.8,92,14.0,71,18.31,23167.08
2024-05-22,27.1,31.0,24.3,32.5,3.2,11.0,86,24.5,1008.6,79,12.2,57,18.6,29550.27
2024-05-23,26.9,30.3,24.3,32.6,9.5,13.0,86,24.3,1007.9,82,10.8,179,14.26,22857.51
2024-05-24,27.7,31.0,25.3,33.1,1.8,7.0,84,24.6,1007.6,70,14.2,148,20.7,37616.89
2024-05-25,27.7,30.9,25.7,33.1,18.0,14.0,88,25.5,1007.1,93,19.4,154,15.04,22018.59
2024-05-26,29.8,33.5,26.6,35.8,2.8,8.0,84,26.6,1004.3,77,18.8,169,21.84,40829.36
2024-05-27,31.1,35.2,27.4,37.8,0.0,0.0,77,26.5,1000.5,79,15.3,209,22.14,31952.08
2024-05-28,29.5,32.9,27.2,36.1,0.2,1.0,84,26.5,1000.9,100,14.8,57,11.9,8731.01
2024-05-29,30.6,34.6,27.1,37.2,0.6,4.0,82,26.9,1000.4,95,19.6,126,20.25,39131.52
2024-05-30,28.1,33.1,25.8,33.8,23.6,13.0,87,25.6,1002.4,98,19.5,74,17.28,26586.0
2024-05-31,26.2,27.3,25.4,29.9,4.8,5.0,79,22.2,1006.1,89,14.8,334,8.53,157.61
2024-06-01,28.8,33.3,24.8,34.1,0.0,0.0,76,23.9,1007.2,52,14.8,84,22.8,41975.83
2024-06-02,28.8,33.1,25.8,35.6,15.2,11.0,86,26.1,1006.0,66,17.1,133,20.21,33013.4
2024-06-03,29.0,33.7,26.7,36.2,37.6,11.0,87,26.6,1003.4,98,10.3,73,15.61,24257.68
2024-06-04,28.3,32.9,26.1,35.0,30.3,14.0,89,26.1,1004.2,99,10.9,28,17.04,25200.0
2024-06-05,26.2,29.6,24.8,31.0,102.4,24.0,92,24.7,1007.2,100,17.0,30,9.78,7696.58
2024-06-06,26.1,29.5,24.2,30.9,53.6,14.0,87,23.8,1008.0,99,11.3,49,10.18,14974.56
2024-06-07,27.3,31.5,24.4,33.2,3.9,12.0,88,25.0,1004.9,99,14.1,144,16.06,24886.12
2024-06-08,27.0,29.4,24.7,33.0,56.8,24.0,92,25.5,1003.0,100,10.8,104,9.37,513.79
2024-06-09,26.7,29.3,25.4,32.9,32.9,24.0,94,25.6,1003.7,100,12.1,102,6.15,0.0
2024-06-10,26.8,30.6,25.1,33.1,43.7,18.0,93,25.6,1005.2,100,9.7,104,10.31,9926.56
2024-06-11,28.3,31.9,24.7,34.9,19.0,10.0,88,26.1,1004.7,98,12.4,138,15.03,22652.04
2024-06-12,30.0,34.2,26.4,37.0,3.2,4.0,83,26.6,1003.5,100,12.8,157,20.1,34307.13
2024-06-13,31.6,35.6,27.6,38.3,0.0,0.0,75,26.2,1000.5,100,14.2,201,23.34,37230.1
2024-06-14,31.5,34.0,29.2,37.4,0.0,0.0,71,25.5,999.4,100,12.4,205,14.03,17884.07
2024-06-15,30.5,33.3,27.7,37.1,0.1,1.0,80,26.5,1000.9,100,13.0,24,15.27,17710.65
2024-06-16,30.6,35.0,27.2,37.8,3.9,6.0,82,26.9,1002.1,100,17.1,118,17.92,27548.58
2024-06-17,31.1,36.1,27.5,38.1,23.2,5.0,80,26.8,1001.3,100,13.0,163,20.4,36107.39
2024-06-18,30.8,34.4,28.1,37.8,1.0,1.0,79,26.5,1000.5,100,11.7,142,17.68,27326.51
2024-06-19,31.4,35.8,28.1,38.2,6.4,3.0,77,26.6,1000.0,100,16.3,156,22.45,36511.6
2024-06-20,31.5,35.2,27.9,37.9,0.5,1.0,75,26.4,1000.0,100,17.4,146,21.7,39600.0
2024-06-21,32.0,35.7,28.7,38.1,0.0,0.0,74,26.7,1000.8,98,17.4,148,22.55,43610.39
2024-06-22,30.6,33.8,28.5,36.9,2.8,7.0,80,26.7,1002.6,92,14.1,149,21.27,43856.69
2024-06-23,29.2,33.3,27.0,35.7,6.2,9.0,84,26.1,1002.9,99,19.3,129,19.22,35402.7
2024-06-24,27.2,29.3,25.4,33.3,21.9,23.0,90,25.4,1003.1,100,9.8,59,9.56,6164.03
2024-06-25,26.9,30.6,25.1,32.6,23.8,22.0,91,25.2,1004.9,100,14.9,95,11.83,10752.62
2024-06-26,27.1,30.9,24.7,32.4,26.5,19.0,88,24.9,1007.6,99,16.4,119,16.5,27757.75
2024-06-27,27.5,30.5,24.4,32.6,22.6,15.0,85,24.7,1008.5,97,16.8,133,14.98,21587.65
2024-06-28,29.2,32.6,25.9,34.2,0.4,3.0,81,25.4,1005.4,77,18.8,158,21.75,43661.39
2024-06-29,30.7,35.1,26.5,36.4,0.0,0.0,77,26.1,1002.9,99,18.8,167,22.82,44146.48
2024-06-30,32.0,36.0,28.3,37.7,0.2,1.0,71,25.9,1001.3,100,16.5,186,22.99,38356.46
2024-07-01,31.7,35.3,29.2,36.4,0.0,0.0,67,24.8,999.6,99,17.0,193,19.21,35255.72
2024-07-02,30.0,32.7,27.1,36.0,11.6,10.0,77,25.4,1001.5,100,16.3,203,15.39,23550.23
2024-07-03,28.3,31.0,25.6,34.0,40.4,16.0,87,25.9,1006.4,100,16.6,133,11.27,7542.79
2024-07-04,28.4,32.1,25.3,34.1,7.6,10.0,84,25.3,1008.5,81,14.9,149,20.77,33577.88
2024-07-05,28.9,32.6,25.7,34.1,1.3,6.0,80,25.0,1005.8,36,16.6,140,23.16,44454.4
2024-07-06,29.2,33.0,25.9,34.6,1.6,8.0,80,25.2,1005.1,23,16.6,148,23.89,44195.1
2024-07-07,29.5,32.9,26.3,34.8,2.3,4.0,79,25.3,1005.8,22,19.2,158,24.87,44739.1
2024-07-08,29.9,33.4,26.7,35.4,0.5,5.0,79,25.7,1004.6,29,18.4,155,24.37,44213.83
2024-07-09,30.5,34.2,27.7,36.2,1.0,6.0,78,26.0,1004.1,72,18.4,148,22.54,43956.78
2024-07-10,30.3,34.3,27.5,36.8,7.3,9.0,79,26.1,1004.5,54,12.7,144,22.92,43700.72
2024-07-11,30.4,35.0,26.4,36.6,4.5,2.0,78,25.9,1002.8,57,17.1,142,25.42,44245.48
2024-07-12,30.5,34.0,27.2,37.1,0.4,4.0,79,26.2,1000.9,89,13.3,139,23.56,44257.06
2024-07-13,30.1,33.1,27.6,36.3,4.7,13.0,80,26.2,1000.7,85,15.1,133,21.87,43471.44
2024-07-14,28.3,32.7,25.6,33.9,8.9,12.0,85,25.4,1004.1,90,18.6,132,19.02,38449.35
2024-07-15,27.5,31.6,25.5,33.7,28.9,19.0,88,25.3,1005.8,96,11.5,347,16.46,25560.94
2024-07-16,27.6,31.3,24.6,33.2,23.5,21.0,87,25.1,1005.8,89,18.4,79,17.83,30908.88
2024-07-17,27.4,30.8,24.9,33.4,34.0,22.0,88,25.1,1004.9,99,12.2,49,15.8,29364.78
2024-07-18,27.4,31.2,25.3,32.7,20.7,22.0,88,25.2,1004.0,97,17.2,120,17.27,33246.29
2024-07-19,27.3,31.6,24.9,33.0,24.4,19.0,89,25.2,1004.0,89,17.5,114,17.12,29905.57
2024-07-20,28.2,31.2,25.6,34.3,6.4,15.0,87,25.7,1004.7,75,13.4,128,17.77,37497.63
2024-07-21,28.7,33.3,25.9,35.5,6.6,13.0,86,25.9,1004.8,51,14.5,115,22.31,39949.1
2024-07-22,28.3,32.2,25.9,35.1,10.1,10.0,88,26.2,1002.4,99,11.8,334,14.15,13499.78
2024-07-23,26.4,27.8,25.3,31.1,115.4,24.0,93,25.2,997.7,100,20.7,276,2.99,0.0
2024-07-24,27.7,31.3,25.2,33.6,43.0,23.0,88,25.4,995.6,96,15.9,282,17.65,32934.35
2024-07-25,28.0,32.6,25.9,34.8,26.1,11.0,89,25.9,995.3,92,10.1,268,17.31,24209.4
2024-07-26,31.2,36.7,25.8,38.4,0.0,0.0,78,26.5,995.5,72,12.4,249,25.83,39600.0
2024-07-27,31.9,36.3,27.9,39.9,8.2,2.0,80,27.7,998.6,97,16.9,98,24.35,39600.0
2024-07-28,28.3,31.1,26.1,35.3,12.9,17.0,90,26.5,1001.5,100,11.6,74,9.6,8228.31
2024-07-29,26.8,30.8,24.7,32.6,40.9,24.0,92,25.4,1001.6,100,13.2,106,10.07,7007.96
2024-07-30,27.5,31.0,25.5,34.0,47.1,24.0,92,26.1,1001.4,100,11.1,139,11.62,9092.32
2024-07-31,27.8,30.7,25.5,32.9,1.0,5.0,86,25.2,1002.4,100,15.5,174,12.69,11883.18
2024-08-01,28.3,31.3,25.8,32.7,1.9,11.0,82,24.8,1003.2,100,20.3,177,14.91,25386.32
2024-08-02,26.4,27.4,25.0,30.8,15.3,17.0,90,24.5,1003.1,93,17.6,169,7.1,631.58
2024-08-03,28.4,32.2,25.0,33.8,4.3,12.0,82,24.9,1004.8,67,13.7,172,21.55,39600.0
2024-08-04,28.8,32.4,25.3,35.1,2.2,8.0,83,25.5,1006.4,25,10.5,133,22.53,41957.6
2024-08-05,28.8,32.4,24.5,35.5,10.9,10.0,85,25.9,1005.8,54,11.0,126,20.28,39600.0
2024-08-06,29.2,33.0,26.3,36.2,0.4,4.0,85,26.3,1004.9,73,15.6,139,22.2,42027.43
2024-08-07,30.0,34.0,26.7,37.0,0.8,6.0,83,26.6,1005.0,26,15.4,152,23.6,43200.0
2024-08-08,30.9,34.7,27.8,37.5,0.4,4.0,79,26.7,1004.6,19,15.5,162,23.45,43200.0
2024-08-09,31.7,35.8,27.9,37.9,0.0,0.0,74,26.2,1002.0,49,18.4,174,25.05,43200.0
2024-08-10,32.1,36.1,27.9,38.8,0.0,0.0,72,26.1,1000.3,72,15.6,181,23.82,41230.54
2024-08-11,29.3,32.2,26.4,35.6,6.7,4.0,82,25.9,1001.2,100,16.7,339,15.98,23732.08
2024-08-12,27.9,31.0,25.9,34.3,26.1,16.0,88,25.8,1002.0,100,11.2,103,13.65,18267.49
2024-08-13,27.4,31.1,25.1,33.7,23.7,21.0,90,25.5,1004.5,100,8.4,354,12.48,15454.1
2024-08-14,27.6,31.7,25.4,34.5,6.3,16.0,90,25.8,1005.4,99,9.5,320,17.79,27939.3
2024-08-15,27.9,32.0,26.0,35.1,15.2,9.0,90,26.1,1004.5,95,7.6,241,17.78,25608.68
2024-08-16,28.9,32.9,25.9,35.6,3.5,5.0,85,25.9,1004.1,84,16.9,35,23.57,40348.16
2024-08-17,28.3,32.3,25.5,35.3,6.9,11.0,88,26.1,1005.7,97,12.1,195,19.68,34740.89
2024-08-18,28.8,31.5,26.7,36.4,8.9,8.0,90,27.0,1005.5,92,9.3,98,15.64,30236.54
2024-08-19,29.2,33.0,26.7,36.6,4.1,7.0,87,26.7,1003.9,100,11.3,173,18.96,34239.65
2024-08-20,29.2,33.3,26.7,36.7,13.2,12.0,86,26.5,1004.1,95,9.0,160,20.7,36000.0
2024-08-21,28.6,31.9,26.3,35.5,4.5,18.0,88,26.3,1005.7,100,12.0,76,14.76,20689.92
2024-08-22,29.0,32.8,25.4,35.3,19.2,13.0,85,25.9,1006.8,100,11.8,144,16.82,32124.63
2024-08-23,27.0,29.5,25.0,33.2,40.1,19.0,92,25.4,1008.7,100,11.7,112,6.82,0.0
2024-08-24,27.4,31.2,23.9,33.4,28.8,24.0,89,25.4,1007.9,100,14.3,112,14.61,21563.15
2024-08-25,27.6,30.9,25.3,33.3,18.4,14.0,86,24.9,1006.8,99,11.4,137,12.83,17475.5
2024-08-26,27.8,32.2,25.4,34.7,11.7,12.0,88,25.6,1006.4,80,13.7,163,20.1,39502.67
2024-08-27,28.6,32.1,24.7,35.4,17.8,14.0,86,25.9,1006.0,47,13.0,116,21.67,41905.51
2024-08-28,30.3,34.1,26.5,37.6,0.0,0.0,81,26.4,1004.1,40,12.0,140,23.54,43200.0
2024-08-29,30.1,34.0,26.7,37.5,0.8,4.0,83,26.6,1003.8,73,9.1,120,20.64,32400.0
2024-08-30,28.3,31.4,25.1,34.5,12.7,13.0,85,25.4,1005.3,78,12.1,59,16.98,33137.35
2024-08-31,28.3,31.9,24.8,34.9,14.4,11.0,86,25.6,1006.7,76,13.1,94,19.11,39127.64
2024-09-01,27.8,30.6,25.5,34.3,6.7,10.0,89,25.7,1007.3,98,10.4,349,14.64,20532.29
2024-09-02,28.5,32.0,25.3,35.4,10.5,12.0,86,25.9,1007.7,97,12.3,90,20.16,36000.0
2024-09-03,29.0,32.5,26.2,35.8,0.0,0.0,84,25.9,1007.0,76,14.8,311,20.61,36000.0
2024-09-04,29.7,33.8,25.7,36.7,0.0,0.0,81,25.8,1003.3,52,9.7,95,23.1,43200.0
2024-09-05,30.3,34.7,26.6,37.3,2.8,5.0,82,26.6,1001.2,30,16.6,305,22.51,43200.0
2024-09-06,28.5,33.4,25.3,33.8,19.0,12.0,84,25.5,1000.3,93,18.9,306,16.5,26418.6
2024-09-07,26.1,27.9,24.6,27.2,114.3,24.0,90,24.3,992.9,100,62.4,308,2.12,0.0
2024-09-08,27.9,30.8,25.9,32.0,31.6,21.0,87,25.5,998.8,100,36.0,146,9.33,1542.43
2024-09-09,26.7,28.2,25.2,32.2,42.3,22.0,93,25.4,1003.4,100,16.9,87,8.0,3600.0
2024-09-10,25.4,27.0,24.4,30.3,30.4,23.0,93,24.2,1006.1,100,14.0,48,8.27,4496.38
2024-09-11,24.9,25.9,23.9,29.8,64.1,22.0,94,23.9,1007.8,100,11.6,48,2.74,0.0
2024-09-12,26.1,29.6,24.1,31.7,17.3,17.0,91,24.4,1007.4,96,10.1,319,12.5,25634.7
2024-09-13,27.3,31.8,23.9,33.2,0.9,6.0,87,24.8,1005.1,37,10.5,324,21.04,41328.14
2024-09-14,27.8,32.3,24.6,34.3,2.5,6.0,86,25.2,1003.0,93,12.9,53,19.17,32400.0
2024-09-15,28.3,32.7,25.0,35.1,3.7,5.0,86,25.6,1002.5,72,11.2,78,20.65,34648.06
2024-09-16,27.3,30.9,24.6,32.8,15.5,14.0,87,24.8,1004.8,61,16.6,344,19.53,38304.48
2024-09-17,26.7,29.7,24.4,31.8,30.4,15.0,89,24.7,1005.6,88,16.4,324,11.94,18413.89
2024-09-18,27.3,32.0,24.4,32.9,22.0,14.0,89,25.2,1004.4,78,15.8,310,16.11,28979.65
2024-09-19,27.0,31.2,24.5,32.1,12.7,9.0,88,24.7,1003.2,69,19.2,317,12.69,18000.0
2024-09-20,27.3,32.4,24.6,33.1,28.1,14.0,89,25.3,1003.4,95,17.7,335,15.85,27592.66
2024-09-21,27.5,32.0,24.7,33.4,20.8,20.0,89,25.4,1004.6,90,14.4,334,16.82,31996.77
2024-09-22,25.7,26.7,25.0,29.6,76.8,21.0,89,23.7,1006.1,100,20.1,14,3.43,0.0
2024-09-23,25.3,27.5,23.3,28.1,8.6,5.0,75,20.6,1009.6,95,18.3,16,5.88,1218.11
2024-09-24,26.0,30.2,22.5,29.4,0.0,0.0,75,20.8,1010.1,32,12.2,36,20.14,41394.41
2024-09-25,25.7,28.2,23.4,30.3,0.0,0.0,85,22.9,1011.0,72,8.7,107,10.0,8843.87
2024-09-26,27.0,31.3,22.8,31.8,0.1,1.0,79,22.9,1010.9,46,13.0,138,20.55,40958.69
2024-09-27,28.2,32.6,24.4,33.1,0.2,1.0,79,24.0,1009.9,35,16.9,161,19.4,40740.42
2024-09-28,28.9,32.7,25.8,34.0,0.7,4.0,81,25.2,1007.5,41,17.2,156,19.74,40274.99
2024-09-29,28.3,30.8,26.5,33.9,10.5,9.0,87,26.0,1006.3,90,17.8,142,12.14,21765.85
2024-09-30,26.6,29.9,24.7,32.3,56.6,21.0,91,25.0,1006.2,91,14.9,118,10.44,14365.58
2024-10-01,26.3,29.9,23.3,28.6,5.5,8.0,76,21.3,1010.3,73,23.9,18,15.76,26017.03
2024-10-02,24.1,27.9,21.4,24.3,0.0,0.0,62,16.2,1015.2,55,20.2,19,19.95,40386.88
2024-10-03,23.5,27.0,21.1,24.0,0.0,0.0,61,15.4,1015.8,69,17.7,25,21.46,40415.17
2024-10-04,23.7,28.4,19.5,25.2,0.0,0.0,66,16.6,1015.3,71,12.3,34,20.51,38924.96
2024-10-05,24.3,29.2,19.5,26.5,0.0,0.0,69,17.7,1014.2,7,9.9,23,21.32,40224.3
2024-10-06,25.1,30.8,20.1,27.9,0.0,0.0,73,19.5,1014.7,7,12.7,16,19.89,39756.87
2024-10-07,26.5,31.2,22.6,29.0,0.0,0.0,67,19.6,1015.6,25,15.9,18,19.56,32584.64
2024-10-08,26.2,30.6,22.7,28.5,0.0,0.0,65,19.0,1015.1,8,17.4,35,20.64,39600.0
2024-10-09,25.9,30.2,22.6,28.2,0.0,0.0,68,19.1,1014.0,17,14.9,47,20.29,39600.0
2024-10-10,25.9,30.8,21.4,28.9,0.0,0.0,70,19.7,1013.1,10,10.0,72,19.93,39600.0
2024-10-11,26.1,30.9,21.3,29.5,0.0,0.0,72,20.3,1012.7,31,12.0,125,18.11,36000.0
2024-10-12,26.3,31.0,22.1,30.3,0.5,2.0,78,21.9,1013.3,32,13.3,121,18.31,38629.29
2024-10-13,26.7,31.5,22.4,30.7,0.5,5.0,78,22.2,1013.0,30,13.9,127,17.87,38337.56
2024-10-14,27.2,32.0,22.8,31.8,0.6,1.0,78,22.7,1012.1,31,13.3,119,18.17,37935.46
2024-10-15,25.9,29.9,23.8,30.7,10.7,14.0,86,23.3,1012.6,50,10.7,44,12.79,28097.25
2024-10-16,26.3,30.6,23.2,30.8,1.9,7.0,83,22.9,1013.1,69,10.4,354,13.04,26341.37
2024-10-17,27.3,31.5,24.5,32.1,1.0,7.0,81,23.6,1011.4,68,13.7,123,14.55,25494.63
2024-10-18,27.7,31.7,24.3,32.7,0.6,6.0,81,23.9,1010.8,36,11.8,134,16.1,37037.52
2024-10-19,27.3,31.4,24.0,32.5,1.2,6.0,82,23.8,1013.1,44,11.7,119,13.56,32907.4
2024-10-20,27.9,32.3,24.1,32.1,1.5,6.0,76,22.7,1014.9,68,15.4,97,17.34,38873.19
2024-10-21,26.3,29.4,24.3,31.4,8.0,5.0,85,23.5,1014.4,85,16.0,152,9.81,17730.4
2024-10-22,27.3,32.2,23.4,31.5,1.0,4.0,78,22.7,1014.6,57,21.3,8,17.41,39009.12
2024-10-23,26.0,29.1,23.5,25.9,0.0,0.0,54,15.9,1015.7,49,21.0,27,18.02,34685.88
2024-10-24,24.1,29.8,19.4,24.8,0.0,0.0,59,15.2,1012.8,77,13.8,2,19.52,39600.0
2024-10-25,23.6,30.4,17.8,24.1,0.0,0.0,59,14.6,1010.2,75,11.6,354,19.31,39600.0
2024-10-26,25.9,31.2,20.6,24.5,0.0,0.0,44,12.2,1008.7,94,22.6,2,18.78,39598.25
2024-10-27,22.0,24.8,19.8,21.3,12.8,11.0,72,16.4,1010.5,100,27.1,348,6.66,5724.35
2024-10-28,21.3,23.3,19.5,20.8,6.7,10.0,72,15.9,1011.8,99,20.3,2,5.46,1489.9
2024-10-29,21.8,25.4,19.1,22.9,5.2,9.0,77,17.6,1011.5,80,16.8,352,6.75,3764.65
2024-10-30,24.2,28.5,20.8,25.9,0.0,0.0,69,18.1,1011.8,67,14.6,12,15.19,38956.36
2024-10-31,25.0,30.0,20.1,28.3,0.0,0.0,77,20.3,1010.3,12,9.5,1,18.1,39456.14
2024-11-01,25.6,31.0,21.4,26.8,0.0,0.0,61,16.5,1012.8,15,16.3,42,18.64,39426.33
2024-11-02,23.8,29.1,20.1,23.7,0.0,0.0,55,13.9,1017.1,13,18.5,37,18.71,39396.08
2024-11-03,23.7,28.3,19.3,24.8,0.0,0.0,66,16.5,1017.2,62,13.4,348,12.4,24256.74
2024-11-04,24.6,27.3,23.2,25.5,0.1,1.0,63,17.1,1017.3,98,16.6,7,8.88,11650.75
2024-11-05,23.7,27.0,21.6,25.4,0.1,1.0,72,18.2,1018.8,98,13.9,345,5.51,790.63
2024-11-06,23.5,27.0,21.0,24.7,0.0,0.0,68,16.9,1019.4,94,13.0,339,8.47,5732.96
2024-11-07,23.4,28.7,19.9,24.3,0.0,0.0,65,16.0,1019.2,25,14.6,55,16.42,35895.55
2024-11-08,22.6,28.1,17.6,23.8,0.0,0.0,69,16.0,1017.8,3,11.0,19,17.78,39205.47
2024-11-09,22.5,28.7,16.3,24.2,0.0,0.0,71,16.3,1015.4,1,7.5,346,17.93,39172.08
2024-11-10,23.2,29.6,17.7,24.5,0.0,0.0,68,16.2,1015.3,2,12.4,351,17.78,39137.98
2024-11-11,24.9,31.1,19.4,27.3,0.0,0.0,70,18.7,1014.3,33,9.0,68,16.22,36682.69
2024-11-12,25.7,31.2,20.6,28.8,0.0,0.0,74,20.2,1012.5,46,12.6,155,16.08,38679.7
2024-11-13,25.9,31.6,21.2,29.2,0.0,0.0,77,21.1,1011.0,32,16.2,134,15.69,37372.63
2024-11-14,26.7,32.2,22.4,30.7,0.1,1.0,77,21.9,1010.3,41,13.9,158,13.9,32400.0
2024-11-15,27.3,32.1,23.4,31.4,0.0,0.0,77,22.5,1009.4,28,14.9,154,13.54,32364.03
2024-11-16,27.3,32.1,24.2,31.6,0.7,5.0,78,22.7,1010.7,36,13.8,139,14.77,35202.01
2024-11-17,26.9,31.7,22.7,30.5,0.0,0.0,73,20.9,1013.3,32,9.7,98,15.57,32606.4
2024-11-18,24.1,28.6,22.2,27.8,7.6,10.0,86,21.4,1016.1,50,14.9,27,10.17,18682.33
2024-11-19,25.1,30.3,21.3,26.4,0.0,0.0,63,17.1,1017.3,22,13.4,54,14.9,37260.54
2024-11-20,23.6,28.3,19.8,23.8,0.0,0.0,58,14.3,1018.0,4,16.5,53,16.64,37817.61
2024-11-21,22.4,27.3,18.0,22.3,0.0,0.0,56,13.0,1018.1,7,13.9,41,16.7,37841.81
2024-11-22,22.6,26.4,19.8,22.2,0.0,0.0,55,13.0,1018.4,78,15.9,43,12.21,33770.43
2024-11-23,22.3,26.4,19.8,22.4,0.0,0.0,61,14.1,1018.6,47,12.3,77,11.33,28593.55
2024-11-24,22.1,26.1,17.5,23.8,0.1,1.0,75,17.3,1017.5,44,8.6,112,8.63,15776.87
2024-11-25,23.7,29.0,19.2,26.4,0.5,5.0,77,19.1,1016.7,58,13.6,85,12.63,32276.79
2024-11-26,20.2,21.9,18.1,19.4,0.6,5.0,66,13.6,1019.3,98,20.9,15,4.23,0.0
2024-11-27,19.8,23.8,17.7,18.3,0.0,0.0,57,10.7,1021.2,99,18.0,12,7.74,9159.33
2024-11-28,19.8,24.1,16.4,17.8,0.0,0.0,49,8.3,1023.5,56,14.3,6,15.86,36927.29
2024-11-29,19.2,24.5,14.6,18.1,0.0,0.0,54,9.0,1021.3,22,10.5,11,16.15,36948.7
2024-11-30,19.5,25.2,13.7,19.6,0.0,0.0,64,12.2,1016.7,60,11.1,129,16.05,36970.31
2024-12-01,20.4,27.1,14.2,21.1,0.0,0.0,72,14.7,1013.0,84,15.4,133,15.57,36682.43
2024-12-02,22.1,26.3,18.3,23.9,0.0,0.0,77,17.7,1013.4,77,13.1,125,7.52,3428.06
2024-12-03,22.4,25.6,19.5,24.7,0.2,2.0,84,19.3,1013.8,80,12.1,124,5.84,4135.14
2024-12-04,23.1,27.5,19.8,24.6,0.1,1.0,77,18.3,1014.1,54,16.3,124,10.2,28800.0
2024-12-05,22.9,27.8,18.9,24.4,0.0,0.0,74,17.4,1014.3,54,15.0,126,10.34,18000.0
2024-12-06,21.0,24.1,18.8,22.7,5.9,13.0,87,18.7,1014.3,94,18.0,70,4.7,665.34
2024-12-07,19.4,20.8,17.2,18.4,0.0,0.0,68,13.2,1017.9,96,16.5,29,4.83,1120.4
2024-12-08,16.8,19.2,14.4,15.4,0.6,5.0,65,10.1,1021.4,89,15.6,8,5.98,1869.78
2024-12-09,17.8,21.7,13.9,17.5,0.0,0.0,69,11.9,1018.1,84,10.0,36,7.92,11871.21
2024-12-10,20.8,25.4,17.6,22.5,0.2,2.0,81,17.2,1013.7,85,11.1,121,8.87,16244.74
2024-12-11,19.4,23.5,16.2,19.6,2.7,5.0,77,14.8,1016.2,99,19.8,33,6.51,10155.58
2024-12-12,16.4,18.1,14.5,15.0,0.7,4.0,69,10.7,1018.3,100,14.2,5,3.99,0.0
2024-12-13,16.0,18.0,14.2,13.7,0.2,1.0,62,8.6,1021.5,100,16.7,13,5.19,939.69
2024-12-14,14.6,15.9,12.8,12.0,0.4,4.0,58,6.4,1026.1,100,18.9,22,4.48,39.9
2024-12-15,14.2,15.5,12.6,11.6,0.1,1.0,54,4.6,1026.6,100,15.1,2,3.73,0.0
2024-12-16,15.5,19.7,12.8,14.1,0.0,0.0,62,7.7,1023.4,61,9.1,326,10.51,26577.95
2024-12-17,16.3,22.8,9.4,15.8,0.0,0.0,68,9.9,1020.1,41,8.1,76,14.16,30714.58
2024-12-18,18.4,23.4,14.9,16.8,0.0,0.0,53,8.2,1021.3,43,14.8,11,15.17,32905.5
2024-12-19,16.9,22.4,13.0,15.1,0.0,0.0,54,7.0,1021.5,44,12.8,36,13.11,28800.0
2024-12-20,16.2,23.1,10.6,14.6,0.0,0.0,61,7.9,1019.4,11,18.8,112,15.71,35921.8
2024-12-21,16.3,21.3,11.7,15.0,0.0,0.0,62,8.5,1020.4,63,11.0,358,8.78,16713.8
2024-12-22,16.4,21.9,12.4,14.9,0.0,0.0,59,7.8,1020.5,62,12.9,57,15.77,36000.0
2024-12-23,16.1,22.3,11.0,15.1,0.0,0.0,64,8.8,1019.9,72,9.1,34,15.8,36000.0
2024-12-24,17.3,22.0,13.2,15.4,0.0,0.0,52,7.2,1021.2,74,14.5,29,13.63,33324.15
2024-12-25,18.7,24.1,12.8,18.1,0.0,0.0,61,10.4,1020.2,58,9.6,93,14.62,32036.5
2024-12-26,19.8,23.1,16.5,19.0,0.0,0.0,58,11.1,1022.0,99,12.6,27,8.22,11274.56
2024-12-27,17.5,19.4,15.6,16.0,0.9,7.0,64,10.5,1024.3,100,13.1,21,4.87,2214.72
2024-12-28,17.5,21.5,14.5,15.2,0.0,0.0,52,7.2,1026.1,43,16.4,23,14.45,32400.0
2024-12-29,16.2,23.2,10.8,14.7,0.0,0.0,62,8.5,1021.4,19,16.5,115,14.82,28427.52
2024-12-30,17.2,22.2,11.9,17.3,0.0,0.0,75,12.3,1020.3,66,7.3,25,8.76,15145.13
2024-12-31,18.3,22.0,14.6,17.5,0.0,0.0,67,11.6,1020.8,57,12.2,7,10.41,21984.64
2025-01-01,17.6,24.2,12.4,17.6,0.0,0.0,73,12.1,1017.3,3,10.7,88,15.96,36000.0
2025-01-02,18.5,25.0,12.6,18.6,0.0,0.0,69,12.1,1018.4,8,10.9,75,15.75,36000.0
2025-01-03,19.3,25.4,14.2,18.7,0.0,0.0,64,11.3,1020.0,28,12.1,46,16.16,36000.0
2025-01-04,18.3,24.1,12.6,17.9,0.0,0.0,68,11.8,1018.8,30,15.1,123,14.1,32376.68
2025-01-05,18.7,24.6,13.6,18.1,0.0,0.0,61,10.3,1020.4,12,10.1,5,15.9,36000.0
2025-01-06,18.1,24.1,12.5,17.6,0.0,0.0,67,10.9,1017.9,2,12.2,122,16.46,36000.0
2025-01-07,17.8,23.6,12.4,18.1,0.0,0.0,79,13.6,1017.2,24,13.3,120,12.37,31891.01
2025-01-08,18.8,23.8,14.3,19.3,0.7,4.0,79,14.6,1017.9,56,14.0,118,11.41,28495.82
2025-01-09,18.6,22.8,16.2,16.7,0.0,0.0,57,9.5,1021.4,97,21.1,34,9.63,14463.54
2025-01-10,15.8,18.9,13.4,12.5,0.0,0.0,48,4.7,1027.8,79,21.2,26,11.21,23049.29
2025-01-11,14.8,18.3,11.2,11.3,0.0,0.0,44,2.4,1030.4,65,18.2,14,9.25,15461.22
2025-01-12,14.1,19.9,9.0,11.4,0.0,0.0,47,2.1,1026.6,18,11.5,49,17.34,36455.69
2025-01-13,14.7,21.0,7.4,13.2,0.0,0.0,61,6.5,1021.7,3,12.6,125,17.1,36164.55
2025-01-14,16.8,23.0,9.8,16.5,0.0,0.0,72,11.3,1021.0,42,12.0,92,15.23,32931.83
2025-01-15,19.1,22.7,16.5,17.5,0.3,2.0,56,9.3,1024.6,71,18.2,36,11.74,27701.64
2025-01-16,17.8,23.1,14.3,15.7,0.0,0.0,51,6.9,1024.7,44,15.6,39,15.53,36634.02
2025-01-17,16.4,22.4,10.6,15.5,0.0,0.0,70,9.9,1021.0,0,16.6,127,17.34,36610.95
2025-01-18,17.1,21.4,12.4,16.7,0.0,0.0,72,11.7,1018.8,72,8.7,106,9.62,20449.55
2025-01-19,18.3,23.9,13.2,17.9,0.0,0.0,65,10.9,1016.8,32,13.3,160,15.03,34943.12
2025-01-20,18.4,25.2,12.1,17.8,0.0,0.0,65,10.7,1015.4,18,11.1,100,16.38,36541.72
2025-01-21,18.2,25.1,12.4,17.7,0.0,0.0,69,11.7,1014.8,15,17.3,131,16.33,32125.89
2025-01-22,18.7,23.1,14.2,19.1,0.0,0.0,81,15.1,1015.1,61,12.2,126,8.31,19515.16
2025-01-23,19.2,23.4,15.8,19.7,0.2,2.0,83,16.0,1014.3,65,14.6,134,5.85,1476.08
2025-01-24,20.8,26.3,17.2,21.7,2.9,9.0,85,17.8,1010.6,67,17.4,148,9.4,16742.8
2025-01-25,21.3,24.1,19.6,22.7,2.9,11.0,87,19.0,1012.2,95,19.3,121,7.05,4377.0
2025-01-26,14.9,20.2,13.5,11.8,10.9,15.0,69,9.0,1023.7,100,26.4,18,3.29,0.0
2025-01-27,14.7,18.2,12.6,12.1,0.1,1.0,49,3.8,1023.8,69,16.1,24,14.1,29448.91
2025-01-28,13.5,18.2,10.5,10.8,0.3,2.0,49,2.7,1024.7,44,14.2,18,12.78,23279.17
2025-01-29,13.5,19.3,8.2,11.9,0.0,0.0,64,6.3,1023.1,32,8.3,346,12.75,25669.81
2025-01-30,16.4,23.2,9.8,15.5,0.0,0.0,74,11.4,1015.9,48,18.1,150,11.93,31201.81
2025-01-31,20.1,26.0,15.8,20.7,0.2,2.0,83,16.7,1012.3,82,18.3,154,9.24,18705.45
2025-02-01,20.9,25.4,19.0,22.2,1.6,11.0,87,18.4,1010.7,97,18.8,131,8.85,17227.8
2025-02-02,20.8,23.7,18.4,21.8,1.2,9.0,83,17.7,1012.0,94,16.9,109,6.09,14.18
2025-02-03,15.6,17.4,13.8,13.2,5.8,13.0,69,9.7,1020.4,100,21.2,25,4.75,0.0
2025-02-04,15.4,19.3,12.9,13.1,0.0,0.0,55,6.1,1022.1,87,15.5,46,10.0,18000.0
2025-02-05,15.6,19.1,11.6,15.2,0.5,2.0,81,12.2,1016.8,89,11.9,114,7.12,4256.23
2025-02-06,17.4,21.4,15.5,17.9,2.1,15.0,84,14.6,1015.2,100,17.4,75,5.3,119.32
2025-02-07,14.3,16.2,12.6,12.2,5.8,12.0,75,9.7,1021.6,100,17.9,24,4.65,0.0
2025-02-08,13.3,16.3,10.9,10.9,0.8,4.0,64,6.5,1024.8,100,12.5,29,6.31,353.7
2025-02-09,13.5,16.5,11.3,11.4,0.0,0.0,56,4.6,1023.3,67,10.0,38,9.09,13186.27
2025-02-10,14.6,20.0,8.9,13.8,0.0,0.0,74,9.7,1020.0,57,12.7,122,10.24,11454.91
2025-02-11,17.1,23.5,11.7,17.2,0.0,0.0,82,13.6,1016.6,55,18.8,141,10.89,18449.95
2025-02-12,19.6,23.4,15.7,21.4,0.2,2.0,85,16.8,1016.5,95,9.0,113,7.33,2762.67
2025-02-13,19.2,23.1,16.6,19.3,2.4,6.0,74,14.2,1017.5,79,15.9,65,8.54,9899.89
2025-02-14,19.2,22.8,17.0,20.0,0.5,4.0,81,15.8,1015.0,92,15.6,132,5.58,0.0
2025-02-15,20.8,24.9,18.6,22.3,0.5,2.0,87,18.4,1012.7,87,15.5,124,7.43,7946.92
2025-02-16,17.5,19.9,15.8,17.5,6.6,9.0,83,14.6,1016.6,100,14.6,34,4.23,0.0
2025-02-17,18.5,22.7,15.7,19.3,0.4,4.0,82,15.2,1018.6,97,10.2,87,8.25,5302.47
2025-02-18,17.1,19.6,15.4,17.5,2.0,13.0,85,14.6,1019.7,100,11.8,34,4.05,0.0
2025-02-19,17.9,20.4,16.2,19.1,2.3,10.0,87,15.7,1018.6,100,10.3,102,4.45,0.0
2025-02-20,19.7,22.7,17.5,21.3,0.7,6.0,87,17.4,1018.3,99,12.3,121,6.51,904.54
2025-02-21,19.6,22.2,17.4,20.9,0.6,6.0,85,17.0,1019.5,93,15.5,108,6.91,4376.47
2025-02-22,19.5,22.1,17.6,20.5,0.6,4.0,83,16.4,1020.0,100,12.2,112,5.2,0.0
2025-02-23,17.0,19.0,14.9,16.2,0.8,4.0,77,12.8,1024.4,100,17.9,32,4.7,0.0
2025-02-24,13.8,15.5,12.4,12.3,1.2,10.0,77,9.8,1027.4,95,13.5,11,4.67,0.0
2025-02-25,14.0,15.9,12.9,14.0,9.8,16.0,91,12.6,1025.4,100,9.0,7,3.55,0.0
2025-02-26,15.6,19.4,13.6,15.5,2.1,9.0,86,13.2,1022.3,85,9.8,44,8.51,10697.3
2025-02-27,18.2,22.7,15.2,19.2,0.0,0.0,85,15.5,1017.0,71,15.5,144,10.56,17062.07
2025-02-28,20.6,24.9,17.3,21.8,0.3,3.0,86,18.0,1014.1,89,18.2,157,8.75,10804.54
2025-03-01,22.6,28.1,19.4,24.3,0.1,1.0,85,19.8,1010.6,80,19.8,148,11.19,18952.29
2025-03-02,23.6,28.4,21.2,26.0,0.4,4.0,87,21.1,1008.4,79,17.8,150,10.42,18713.35
2025-03-03,24.0,28.5,20.9,27.4,0.2,2.0,89,21.9,1007.5,83,16.0,137,8.67,13886.01
2025-03-04,24.9,29.5,22.4,28.5,0.5,5.0,88,22.5,1006.4,76,17.5,128,14.88,29605.47
2025-03-05,22.7,24.9,18.3,25.0,4.9,19.0,88,20.6,1009.1,100,21.3,91,7.03,1851.87
2025-03-06,15.3,17.2,13.3,12.9,2.5,10.0,69,9.4,1019.5,100,22.0,27,4.6,93.86
2025-03-07,15.3,18.3,13.2,13.6,0.1,1.0,63,8.1,1021.2,88,13.8,34,9.12,11731.6
2025-03-08,16.2,19.1,14.5,15.9,0.0,0.0,73,11.4,1019.8,98,9.9,95,8.06,2342.62
2025-03-09,17.9,21.3,15.5,18.7,0.1,1.0,82,14.8,1019.9,95,9.7,104,7.88,1236.17
2025-03-10,19.9,23.4,17.3,21.7,0.7,4.0,86,17.4,1018.6,77,11.2,138,8.41,2723.72
2025-03-11,21.0,26.0,17.3,23.0,0.3,2.0,89,19.0,1014.0,84,16.6,140,8.33,11391.43
2025-03-12,23.3,26.7,20.9,25.8,0.9,6.0,88,21.0,1010.8,93,16.0,144,8.8,8220.43
2025-03-13,23.4,25.4,21.7,26.4,1.7,11.0,91,21.9,1010.2,97,17.2,133,5.04,1364.18
2025-03-14,24.4,28.1,22.3,27.8,0.6,6.0,90,22.6,1010.4,87,18.1,142,8.49,11104.83
2025-03-15,23.6,26.4,20.7,26.0,1.9,13.0,84,20.6,1012.6,100,20.8,75,6.16,1226.41
2025-03-16,18.4,21.0,15.6,16.9,0.9,4.0,60,10.3,1019.8,70,19.0,47,11.19,17168.01
2025-03-17,17.6,20.6,15.6,16.4,0.0,0.0,61,9.8,1020.3,93,12.0,64,11.81,16868.02
2025-03-18,17.2,20.3,15.7,15.7,0.0,0.0,58,8.8,1023.6,99,15.8,20,11.07,14245.55
2025-03-19,18.1,23.0,13.0,17.0,0.0,0.0,56,8.7,1025.0,70,15.1,358,19.91,39914.12
2025-03-20,18.3,24.2,12.6,17.8,0.0,0.0,63,10.4,1023.8,29,10.9,83,20.28,40775.17
2025-03-21,19.1,25.3,12.4,18.8,0.0,0.0,63,11.2,1021.7,27,11.8,131,20.3,41224.55
2025-03-22,19.6,25.6,13.3,20.2,0.0,0.0,72,14.0,1019.1,32,13.3,126,20.07,41154.14
2025-03-23,20.9,26.1,16.3,22.0,0.0,0.0,80,16.9,1016.5,47,14.3,138,14.08,28964.92
2025-03-24,22.4,28.5,16.6,24.3,0.0,0.0,78,17.9,1013.0,19,15.9,154,16.95,40161.26
2025-03-25,23.9,30.2,19.2,25.9,0.0,0.0,78,19.4,1007.7,21,16.7,153,18.27,40662.84
2025-03-26,24.1,30.4,19.9,26.1,0.0,0.0,81,20.3,1004.7,33,18.6,151,15.32,34471.12
2025-03-27,25.6,32.4,21.1,28.6,0.0,0.0,83,22.1,1001.8,38,18.5,140,17.12,32517.56
2025-03-28,25.5,30.6,21.0,29.3,0.4,4.0,84,22.4,1006.0,53,15.1,111,12.74,24342.34
2025-03-29,17.0,24.9,14.3,16.0,9.7,19.0,79,13.3,1015.6,100,22.3,38,3.6,0.0
2025-03-30,14.9,17.7,12.7,13.0,1.0,8.0,69,9.1,1020.9,100,17.4,35,8.42,2682.45
2025-03-31,15.2,18.7,13.4,13.6,0.0,0.0,63,8.1,1020.1,79,11.3,40,12.48,21855.78
2025-04-01,17.9,22.3,13.9,17.5,0.0,0.0,62,10.3,1018.8,55,8.7,350,19.22,33946.67
2025-04-02,19.1,25.1,13.4,19.9,0.0,0.0,73,13.6,1018.4,79,8.4,108,19.08,33242.94
2025-04-03,20.2,26.5,14.3,20.7,0.0,0.0,71,14.4,1017.1,24,15.9,137,18.39,38403.76
2025-04-04,21.0,25.7,16.4,22.1,0.2,2.0,82,17.5,1012.8,39,20.1,147,12.65,25001.86
2025-04-05,21.8,24.4,20.0,24.3,1.4,8.0,84,19.0,1013.6,100,9.8,101,5.9,2821.3
2025-04-06,22.9,26.5,20.7,25.5,1.2,6.0,83,19.7,1014.1,100,13.0,136,10.59,6441.82
2025-04-07,22.1,25.7,19.7,24.6,1.0,5.0,86,19.6,1015.3,89,12.3,132,7.96,2826.01
2025-04-08,23.2,27.8,19.5,26.1,0.7,5.0,88,20.9,1014.2,80,15.2,138,11.01,6659.77
2025-04-09,24.8,28.9,22.2,27.8,0.6,6.0,86,22.1,1010.2,96,18.7,146,11.14,13238.27
2025-04-10,24.8,29.2,22.7,28.2,0.9,6.0,87,22.3,1006.6,93,17.9,127,9.96,12168.57
2025-04-11,26.0,31.7,22.5,30.0,0.5,5.0,84,22.9,1004.4,78,16.3,137,14.07,22131.97
2025-04-12,26.2,33.2,21.8,28.9,9.7,7.0,74,20.7,1007.8,79,24.8,35,15.24,23902.0
2025-04-13,22.3,26.4,19.0,22.9,2.0,3.0,64,14.3,1016.8,60,14.9,343,19.05,36761.12
2025-04-14,21.6,25.4,18.6,23.1,3.7,3.0,71,16.0,1014.6,97,9.5,227,12.07,21823.47
2025-04-15,24.1,32.0,16.9,25.7,0.0,0.0,66,16.4,1011.9,76,13.3,139,21.41,41341.39
2025-04-16,24.1,30.4,18.3,25.3,0.0,0.0,69,17.5,1008.3,90,20.5,143,20.79,34498.18
2025-04-17,26.2,32.3,21.9,29.5,0.1,1.0,80,22.1,1005.3,60,18.3,138,15.61,26298.42
2025-04-18,27.7,32.9,22.8,32.1,0.5,2.0,79,23.5,1004.1,59,17.6,135,16.11,28617.89
2025-04-19,29.5,35.8,24.7,34.1,0.0,0.0,74,24.0,1004.4,41,18.5,155,17.78,39067.03
2025-04-20,28.9,34.1,25.0,33.3,0.1,1.0,77,24.3,1005.8,35,18.6,152,19.96,41961.26
2025-04-21,28.7,34.5,24.9,32.5,0.0,0.0,76,24.0,1007.2,39,20.6,157,18.53,38662.98
2025-04-22,29.6,35.9,25.1,34.6,0.0,0.0,77,24.9,1006.2,30,20.1,158,19.41,42589.44
2025-04-23,28.3,35.6,25.1,33.7,50.0,5.0,83,24.8,1004.9,81,16.2,110,18.5,32392.68
2025-04-24,28.0,32.6,24.4,33.1,6.3,5.0,82,24.5,1005.8,85,14.9,99,15.0,25740.79
2025-04-25,25.6,29.2,22.8,28.9,39.5,8.0,80,21.7,1010.1,91,14.9,85,15.04,17469.21
2025-04-26,26.0,29.3,23.7,30.0,0.2,2.0,86,23.3,1010.2,91,16.0,138,9.31,9807.85
2025-04-27,27.5,31.5,25.2,32.4,1.2,8.0,86,24.8,1009.4,86,14.9,145,16.12,28172.62
2025-04-28,25.4,28.8,23.5,29.7,28.3,12.0,88,23.3,1011.3,99,15.3,64,9.81,12412.87
2025-04-29,25.7,29.6,22.6,30.6,2.9,7.0,87,23.3,1011.6,87,14.6,142,16.66,30578.51
2025-04-30,26.4,30.3,23.8,31.6,11.0,17.0,87,24.1,1010.8,83,12.2,140,18.32,33527.22
2025-05-01,25.4,28.3,23.5,29.7,18.2,10.0,85,22.5,1013.2,91,11.7,355,12.61,21333.21
2025-05-02,26.8,31.2,22.2,31.5,0.0,0.0,79,22.6,1009.9,33,13.6,150,23.1,43200.0
2025-05-03,27.3,31.5,24.5,31.6,0.0,0.0,82,23.9,1007.0,70,15.1,158,15.86,26527.33
2025-05-04,28.7,33.5,25.2,33.9,0.7,6.0,83,25.2,1004.5,48,19.6,160,19.75,39796.86
2025-05-05,29.6,34.6,25.5,35.4,0.0,0.0,80,25.5,1003.9,28,17.9,154,21.91,43163.31
2025-05-06,29.1,32.6,26.2,34.8,1.0,5.0,82,25.7,1004.6,85,14.9,126,18.17,39405.01
2025-05-07,29.7,34.5,25.8,35.6,0.8,6.0,82,26.1,1003.0,83,16.8,140,19.25,40104.66
2025-05-08,30.6,35.2,27.0,36.4,0.1,1.0,79,26.4,1001.6,75,18.6,154,21.51,43200.0
2025-05-09,28.8,32.7,26.2,34.3,7.7,8.0,81,25.1,1004.8,80,23.6,92,18.95,41446.63
2025-05-10,26.8,31.3,23.6,31.7,24.8,14.0,85,23.9,1008.1,97,25.1,53,17.26,36699.3
2025-05-11,22.7,26.6,20.3,23.8,12.1,11.0,75,17.8,1012.1,86,20.3,9,15.06,23506.76
2025-05-12,23.5,28.1,18.7,25.7,0.0,0.0,70,17.4,1010.2,34,13.2,118,25.14,43200.0
2025-05-13,25.1,29.7,20.4,28.1,0.0,0.0,78,20.8,1009.3,22,17.1,135,20.2,39561.08
2025-05-14,26.5,29.4,23.6,31.0,4.7,9.0,86,23.9,1009.5,66,14.8,144,16.19,34005.43
2025-05-15,26.1,29.8,24.6,31.3,18.0,14.0,92,24.7,1009.5,97,14.9,137,11.13,11221.3
2025-05-16,27.0,28.8,25.4,32.6,18.5,17.0,92,25.5,1008.0,99,13.2,145,8.24,605.4
2025-05-17,27.7,31.3,25.9,33.5,11.8,14.0,89,25.7,1007.9,94,16.7,154,16.33,25474.79
2025-05-18,27.5,31.4,25.5,33.7,20.7,15.0,89,25.6,1007.8,95,10.8,144,14.72,18557.6
2025-05-19,26.8,30.4,24.3,32.4,19.5,18.0,90,25.0,1006.7,100,13.3,124,14.17,21433.68
2025-05-20,28.8,32.4,26.3,34.6,4.2,9.0,86,26.2,1004.5,90,17.9,154,18.51,39342.06
2025-05-21,29.3,32.7,26.6,35.1,4.5,8.0,83,26.0,1004.6,84,15.2,151,18.89,34950.15
2025-05-22,28.7,30.7,26.9,34.3,11.3,5.0,85,25.9,1003.9,99,16.1,150,12.2,16827.17
2025-05-23,27.2,29.0,25.4,33.1,3.8,11.0,91,25.6,1005.2,100,11.7,114,9.57,2631.16
2025-05-24,23.7,24.9,22.2,26.5,31.4,21.0,89,21.6,1010.7,100,19.8,7,5.66,0.0
2025-05-25,24.1,27.9,22.1,25.2,0.3,3.0,71,18.4,1013.9,91,17.3,14,13.26,22088.26
2025-05-26,24.2,27.8,20.9,26.2,0.0,0.0,72,18.7,1013.7,96,12.9,46,15.74,21664.22
2025-05-27,24.5,26.6,23.0,28.7,3.4,12.0,86,21.9,1011.0,100,7.6,42,7.44,1855.82
2025-05-28,27.0,31.0,23.9,32.5,6.2,13.0,86,24.4,1007.3,82,13.2,139,20.36,37261.61
2025-05-29,27.0,30.2,24.8,32.1,6.4,22.0,86,24.3,1007.0,99,14.4,80,14.65,19141.33
2025-05-30,26.0,29.5,22.9,30.4,17.3,11.0,85,23.2,1006.9,90,14.4,112,15.3,21343.79
2025-05-31,29.3,34.7,25.0,34.7,0.2,2.0,81,25.5,1003.3,87,16.3,159,19.22,34564.3
2025-06-01,32.0,37.8,27.6,37.7,0.0,0.0,70,25.4,998.7,74,16.1,206,25.47,43814.28
2025-06-02,32.3,37.1,28.2,38.1,0.2,1.0,66,24.9,999.0,90,13.7,256,25.08,44080.55
2025-06-03,28.8,32.5,25.9,34.2,14.6,7.0,80,24.7,1003.5,100,14.1,44,19.83,32808.38
2025-06-04,27.5,31.9,24.9,33.9,32.6,18.0,88,25.1,1006.2,95,11.1,155,19.64,39446.65
2025-06-05,28.5,32.8,24.3,34.4,6.4,8.0,83,25.1,1006.6,67,15.1,149,21.71,43200.0
2025-06-06,29.2,32.1,26.6,35.4,8.2,10.0,85,26.3,1005.2,31,14.3,154,21.59,43549.18
2025-06-07,29.7,32.7,27.1,36.1,9.4,8.0,85,26.7,1004.2,74,13.9,146,17.01,35233.31
2025-06-08,29.3,33.2,26.8,36.0,12.1,8.0,84,26.2,1003.5,93,11.8,141,15.69,37119.2
2025-06-09,28.2,32.6,24.8,35.0,20.3,17.0,86,25.6,1003.7,96,10.9,32,19.32,28800.0
2025-06-10,27.4,29.9,24.8,32.5,15.4,12.0,85,24.5,1004.5,78,17.5,328,16.19,23726.76
2025-06-11,28.7,33.2,25.2,33.7,1.2,2.0,76,23.9,1003.8,54,14.6,342,23.51,40944.72
2025-06-12,29.3,33.1,26.2,33.4,0.1,1.0,72,23.5,1002.7,99,21.3,7,18.63,34988.44
2025-06-13,28.8,31.8,25.8,33.3,6.8,9.0,78,24.4,1001.8,100,19.9,350,20.03,39600.0
2025-06-14,30.3,34.7,27.4,36.0,1.5,3.0,75,25.1,1001.0,91,13.2,327,24.37,43167.38
2025-06-15,29.1,35.4,26.1,36.3,32.4,9.0,86,26.4,1002.0,98,14.5,145,20.36,28800.0
2025-06-16,28.1,32.5,25.8,34.4,3.6,12.0,86,25.4,1004.0,98,10.6,139,15.58,21787.6
2025-06-17,28.8,32.4,26.3,35.3,3.0,7.0,87,26.2,1003.7,100,14.1,145,13.48,9937.22
2025-06-18,30.2,34.2,27.1,35.3,1.4,2.0,77,25.6,1002.8,99,17.9,172,17.93,30059.0
2025-06-19,30.3,33.4,27.6,36.0,0.7,2.0,79,26.0,1002.4,100,15.7,161,16.17,25838.84
2025-06-20,29.7,32.6,26.6,35.5,20.3,8.0,81,26.0,1002.8,100,17.5,149,16.77,24793.7
2025-06-21,27.7,31.8,25.4,34.2,48.6,21.0,91,25.9,1004.3,100,11.1,149,11.59,5488.27
2025-06-22,27.1,30.8,24.5,32.8,59.0,21.0,90,25.3,1005.4,98,12.6,146,11.1,9622.62
2025-06-23,28.6,32.8,24.4,34.4,10.3,12.0,84,25.6,1004.1,93,14.3,154,19.85,34849.05
2025-06-24,28.7,32.9,25.9,34.9,4.3,9.0,85,25.9,1004.4,96,15.7,153,21.29,39013.28
2025-06-25,28.6,32.5,25.2,34.7,6.3,7.0,84,25.5,1006.2,60,12.8,145,21.76,41197.48
2025-06-26,29.1,33.4,25.7,35.9,2.7,4.0,83,25.8,1005.0,60,9.0,161,23.99,40333.32
2025-06-27,26.5,29.8,24.6,32.3,58.0,23.0,93,25.2,1003.8,100,13.7,104,9.41,8181.03
2025-06-28,26.8,30.7,24.3,32.6,27.9,17.0,90,25.0,1003.1,100,15.6,110,11.04,3639.52
2025-06-29,27.2,31.9,24.3,33.1,20.7,17.0,89,25.1,1001.0,100,15.7,129,17.76,27234.96
2025-06-30,27.2,31.5,24.8,33.5,35.9,19.0,91,25.6,1001.3,100,11.7,98,15.71,22969.24
2025-07-01,27.0,31.2,24.5,32.4,36.9,18.0,88,24.8,1003.7,100,14.3,113,15.72,20543.66
2025-07-02,26.7,30.3,24.7,32.0,8.2,16.0,88,24.6,1006.1,97,14.3,104,13.01,14930.23
2025-07-03,26.5,28.9,24.1,32.2,21.2,21.0,90,24.6,1006.7,100,14.8,102,11.49,8340.51
2025-07-04,27.5,31.4,24.6,33.8,4.8,6.0,87,24.9,1005.2,94,7.9,189,19.4,32380.11
2025-07-05,29.1,33.4,24.8,35.4,0.4,1.0,79,24.7,1003.5,72,10.9,148,24.2,44184.17
2025-07-06,28.6,32.7,25.6,34.8,8.5,4.0,83,25.2,1003.3,90,13.5,147,21.15,37494.8
2025-07-07,28.6,32.6,25.8,35.3,2.5,8.0,85,25.7,1002.3,80,10.1,144,22.03,39545.62
2025-07-08,30.3,34.5,26.2,37.1,0.2,2.0,79,26.0,1000.3,82,10.4,166,24.07,43943.2
2025-07-09,30.1,35.6,26.5,37.5,0.8,3.0,83,26.6,999.0,97,16.5,354,22.47,36023.56
2025-07-10,29.4,33.6,26.7,36.0,0.9,5.0,84,26.2,998.0,97,12.4,322,20.2,36637.25
2025-07-11,27.4,31.6,25.2,33.4,28.5,21.0,90,25.5,999.6,100,13.7,330,14.2,19603.44
2025-07-12,27.1,31.4,24.5,32.8,21.2,18.0,89,25.0,1003.7,100,11.2,343,14.98,22605.66
2025-07-13,28.4,32.4,24.8,35.0,5.0,16.0,86,25.6,1005.0,97,11.2,275,22.39,33145.39
2025-07-14,28.5,32.2,26.0,35.4,4.1,8.0,88,26.2,1003.6,90,8.8,128,16.9,27357.44
2025-07-15,29.4,33.2,26.6,35.9,0.6,4.0,82,25.9,1001.6,75,11.1,143,18.35,32070.19
2025-07-16,29.6,32.0,26.9,36.8,6.8,9.0,85,26.7,1001.8,98,11.5,134,17.45,29164.49
2025-07-17,30.6,34.6,26.6,37.9,0.4,3.0,79,26.3,1002.2,46,10.3,174,25.02,44056.29
2025-07-18,31.5,35.6,27.5,38.6,0.0,0.0,74,26.1,999.6,90,10.1,215,25.66,43543.02
2025-07-19,29.4,35.2,24.8,36.3,15.9,5.0,83,26.2,997.0,99,10.1,315,17.2,32057.49
2025-07-20,28.5,32.8,25.5,34.4,2.3,4.0,86,25.8,996.3,100,15.1,293,12.81,16509.2
2025-07-21,27.9,31.2,26.3,32.9,35.0,18.0,89,25.9,993.7,100,29.3,290,5.84,0.0
2025-07-22,27.5,30.8,25.8,30.1,35.3,21.0,84,24.5,991.0,100,32.0,26,13.74,26728.6
2025-07-23,27.5,31.3,24.8,32.9,14.5,15.0,86,24.9,997.8,99,17.1,97,20.92,36224.15
2025-07-24,27.3,31.1,25.0,33.4,21.2,17.0,89,25.2,1001.1,100,13.7,79,15.65,22947.61
2025-07-25,27.5,31.3,25.3,34.1,11.0,22.0,90,25.6,1001.4,100,8.7,320,13.98,16795.71
2025-07-26,28.4,32.5,25.8,35.4,14.9,11.0,87,25.8,1001.1,70,11.7,95,22.5,36327.08
2025-07-27,28.7,32.6,25.7,35.4,1.2,5.0,85,25.7,1000.5,78,13.3,155,22.85,43497.65
2025-07-28,29.7,34.3,25.3,36.9,0.2,2.0,81,25.9,998.8,43,11.9,167,24.84,43200.0
2025-07-29,31.1,35.4,26.8,38.4,0.0,0.0,78,26.5,997.1,80,8.8,172,23.76,43259.67
2025-07-30,31.6,35.8,27.5,39.3,5.8,1.0,77,26.9,996.8,100,8.1,183,23.66,41445.76
2025-07-31,30.0,33.8,27.5,37.4,7.7,6.0,84,26.8,997.2,99,18.5,184,19.57,32400.0
2025-08-01,28.5,32.3,26.2,35.0,9.5,12.0,85,25.6,998.7,91,13.5,351,20.98,39600.0
2025-08-02,30.0,34.7,26.0,37.3,0.4,3.0,83,26.5,1000.2,87,14.6,198,24.54,43312.25
2025-08-03,31.7,36.5,27.2,38.5,0.0,0.0,75,26.3,999.4,94,13.9,205,23.96,43200.0
2025-08-04,32.4,36.9,28.5,38.7,0.0,0.0,69,25.7,999.2,100,12.5,213,23.91,41043.7
2025-08-05,29.5,35.0,27.5,37.0,18.4,7.0,87,27.0,1001.1,100,14.1,30,13.52,16451.13
2025-08-06,28.0,30.2,26.8,34.9,10.5,12.0,92,26.5,1002.9,100,9.4,129,6.42,0.0
2025-08-07,28.9,32.1,26.0,35.5,2.4,4.0,86,26.2,1005.2,99,11.9,134,12.02,5971.97
2025-08-08,30.8,35.1,27.1,37.0,0.5,3.0,77,26.0,1005.4,52,16.8,172,23.35,43200.0
2025-08-09,31.4,35.6,27.6,37.5,0.0,0.0,74,25.7,1004.2,76,15.7,169,24.25,43200.0
2025-08-10,30.6,34.2,27.9,37.6,6.8,9.0,81,26.9,1004.0,95,12.7,138,21.46,43200.0
2025-08-11,30.2,34.0,26.7,36.8,2.7,8.0,82,26.5,1004.1,92,13.4,135,22.69,43200.0
2025-08-12,29.8,33.4,26.7,36.5,3.4,9.0,82,26.2,1004.8,96,12.1,152,23.16,43200.0
2025-08-13,29.3,32.7,25.9,36.2,1.2,2.0,82,25.8,1005.8,95,7.8,171,19.86,39363.65
2025-08-14,29.7,32.4,26.8,37.1,6.4,9.0,84,26.6,1003.9,99,9.5,148,19.85,43200.0
2025-08-15,26.6,28.9,24.7,31.7,12.8,18.0,89,24.6,1004.8,95,16.0,103,11.24,9672.07
2025-08-16,25.6,30.0,23.4,30.9,27.2,18.0,90,23.9,1007.5,96,11.0,58,13.56,24043.98
2025-08-17,26.7,31.9,24.3,31.8,17.2,11.0,87,24.2,1007.6,95,16.1,333,15.81,22487.45
2025-08-18,26.3,29.2,24.1,31.2,37.5,14.0,89,24.3,1006.0,100,17.3,328,11.4,14293.92
2025-08-19,26.4,29.1,24.6,31.6,12.5,18.0,91,24.8,1005.6,100,12.9,225,6.61,0.0
2025-08-20,28.7,32.5,25.9,34.3,2.5,7.0,84,25.5,1006.1,100,16.9,156,17.87,25287.7
2025-08-21,27.8,30.2,25.7,33.5,12.1,7.0,89,25.8,1007.6,100,16.5,151,9.44,2074.03
2025-08-22,28.7,31.3,26.9,34.2,3.8,7.0,83,25.5,1007.5,100,15.2,160,18.46,28865.9
2025-08-23,27.8,30.4,25.4,33.8,4.3,5.0,86,25.1,1007.7,90,11.3,142,17.31,39030.7
2025-08-24,27.6,32.1,25.3,33.4,9.6,7.0,87,25.1,1006.7,66,14.9,343,18.06,25572.66
2025-08-25,25.9,26.9,24.4,29.0,37.3,20.0,88,23.7,1005.0,99,24.0,26,5.53,0.0
2025-08-26,24.8,26.8,23.7,28.4,61.1,24.0,95,23.8,1007.0,100,23.3,83,5.64,0.0
2025-08-27,25.2,28.2,23.6,30.7,22.3,16.0,93,24.0,1007.9,95,7.0,41,8.32,4174.23
2025-08-28,26.9,30.7,23.7,32.9,2.2,10.0,87,24.3,1007.4,45,13.0,93,20.4,37881.21
2025-08-29,26.7,30.9,23.9,31.8,10.0,14.0,87,24.2,1008.3,74,19.3,359,18.23,33102.48
2025-08-30,26.5,30.1,24.4,31.1,20.4,16.0,89,24.4,1007.7,96,21.4,6,11.83,19200.5
2025-08-31,26.1,30.6,23.5,31.7,15.8,16.0,91,24.4,1008.1,96,10.2,18,13.52,16390.31
2025-09-01,27.0,30.7,24.2,33.0,10.3,11.0,88,24.7,1007.0,98,10.1,142,17.1,30463.96
2025-09-02,27.9,31.5,25.0,34.2,0.6,6.0,85,25.1,1006.6,80,13.8,131,21.95,42017.81
2025-09-03,28.7,32.6,25.4,34.7,0.2,2.0,82,25.1,1006.8,32,12.8,153,22.05,43200.0
2025-09-04,29.1,32.8,25.5,34.9,0.0,0.0,80,25.1,1006.4,11,11.5,151,22.88,43200.0
2025-09-05,29.5,33.3,25.7,35.6,0.0,0.0,80,25.4,1006.6,55,11.8,148,23.18,43200.0
2025-09-06,29.1,32.9,26.1,35.9,0.9,5.0,83,25.7,1007.4,84,12.6,136,20.8,36000.0
2025-09-07,29.7,33.4,25.7,36.0,0.3,1.0,76,24.5,1005.8,49,6.9,108,22.92,43200.0
2025-09-08,30.5,34.4,26.5,36.6,0.3,3.0,73,24.8,1004.5,82,14.0,149,22.4,42589.1
2025-09-09,28.5,32.0,26.3,35.1,3.3,7.0,86,25.9,1005.9,96,11.7,123,10.96,10951.23
2025-09-10,28.1,31.4,25.6,34.8,9.9,12.0,88,25.8,1007.4,98,6.9,115,15.1,34418.18
2025-09-11,27.3,30.9,25.1,33.0,24.6,20.0,89,25.2,1008.4,97,11.9,136,11.86,17460.41
2025-09-12,27.1,31.2,25.0,32.8,9.7,13.0,90,25.1,1009.4,84,16.0,145,19.57,38434.02
2025-09-13,28.4,32.1,25.0,34.3,0.4,3.0,83,25.0,1009.8,93,12.2,136,21.79,43068.76
2025-09-14,28.0,31.3,25.1,33.9,3.3,7.0,84,25.0,1009.8,92,10.2,130,19.84,38401.37
2025-09-15,27.2,30.4,24.6,32.7,4.9,10.0,86,24.6,1010.3,91,11.6,135,16.11,34092.74
2025-09-16,27.8,31.7,24.2,33.6,11.4,6.0,82,24.3,1010.2,59,11.0,113,21.29,42016.66
2025-09-17,27.0,31.9,24.6,33.0,9.7,14.0,87,24.6,1009.0,78,15.6,64,17.55,24785.26
2025-09-18,26.6,30.3,23.8,32.5,16.3,13.0,89,24.5,1008.9,99,11.1,330,16.85,32332.83
2025-09-19,27.6,32.0,24.0,33.7,10.8,9.0,85,24.6,1008.4,68,10.9,138,20.03,40794.79
2025-09-20,29.5,33.6,25.2,35.6,0.0,0.0,77,24.6,1006.5,39,11.7,134,22.14,42504.94
2025-09-21,28.8,33.1,26.3,34.9,4.0,7.0,82,25.3,1005.9,65,11.2,98,20.0,39276.2
2025-09-22,26.8,30.2,24.4,32.3,14.4,16.0,87,24.4,1007.5,91,10.7,53,13.11,19914.2
2025-09-23,27.9,31.9,24.3,33.1,0.8,8.0,80,23.9,1005.5,45,10.9,332,20.06,40124.02
2025-09-24,28.9,33.3,24.9,32.8,0.2,2.0,72,23.0,1002.7,79,21.7,329,19.26,38684.49
2025-09-25,25.9,27.9,24.2,29.8,17.4,12.0,83,22.8,1003.2,98,21.3,324,7.6,7253.64
2025-09-26,25.6,29.2,23.8,30.6,20.1,10.0,89,23.6,1010.1,100,9.2,7,10.58,6178.99
2025-09-27,27.1,31.5,23.8,32.2,12.3,13.0,86,24.3,1011.9,98,12.9,348,17.07,33225.98
2025-09-28,26.4,30.1,24.6,30.7,36.1,19.0,87,24.1,1008.6,89,20.1,5,11.25,18650.26
2025-09-29,24.6,25.4,24.2,27.1,73.9,24.0,94,23.7,1006.2,100,34.4,83,3.17,0.0
2025-09-30,25.2,27.4,23.7,29.6,45.8,24.0,94,24.2,1010.1,100,17.9,136,7.34,1924.16
2025-10-01,26.5,29.9,23.8,32.0,2.3,12.0,89,24.5,1011.5,98,12.5,144,13.72,20736.92
2025-10-02,27.9,32.1,24.5,33.2,0.1,1.0,81,24.0,1011.3,54,10.5,152,19.94,38016.83
2025-10-03,27.9,32.0,24.3,32.8,0.0,0.0,80,23.8,1010.9,3,12.9,136,20.73,40162.06
2025-10-04,27.8,31.5,25.3,33.9,0.1,1.0,86,25.1,1010.6,43,8.9,125,18.43,36343.28
2025-10-05,28.5,33.0,24.7,34.5,3.1,3.0,84,25.2,1006.5,98,12.4,311,18.65,38158.23
2025-10-06,25.7,29.1,23.8,29.8,53.3,21.0,90,23.8,1004.7,100,25.0,246,2.39,0.0
2025-10-07,24.4,26.8,23.2,29.1,133.0,24.0,97,23.8,1011.5,100,14.9,127,4.19,0.0
2025-10-08,26.3,29.7,23.2,31.5,4.1,7.0,85,23.5,1013.0,78,9.7,61,15.19,33680.51
2025-10-09,27.0,31.0,23.5,32.5,0.3,2.0,83,23.7,1012.2,37,8.8,139,18.86,36000.0
2025-10-10,27.5,31.4,24.1,33.2,0.8,5.0,82,23.9,1011.5,29,9.9,105,18.97,37942.44
2025-10-11,26.4,29.6,24.2,32.1,1.6,7.0,89,24.3,1010.9,87,8.3,147,11.19,19283.86
2025-10-12,27.6,30.9,24.4,33.4,0.4,3.0,83,24.3,1010.2,22,9.1,119,18.39,37372.77
2025-10-13,26.5,30.2,24.6,32.1,10.9,16.0,89,24.5,1011.0,82,9.7,92,11.42,20199.35
2025-10-14,25.1,28.4,23.7,30.3,24.4,20.0,93,23.8,1011.4,100,12.5,37,6.73,2014.01
2025-10-15,25.6,29.0,23.6,30.7,8.4,8.0,89,23.7,1012.1,99,12.1,114,10.38,12663.81
2025-10-16,26.1,30.6,22.2,31.4,17.3,11.0,87,23.7,1013.6,60,11.3,65,16.64,36000.0
2025-10-17,27.2,31.4,23.8,32.2,0.2,2.0,80,23.2,1013.7,23,8.2,27,18.09,38684.12
2025-10-18,27.3,31.3,23.7,32.4,0.2,1.0,79,23.2,1012.9,8,8.1,63,17.99,39600.0
2025-10-19,26.4,30.8,23.7,31.3,6.8,8.0,86,23.6,1012.8,38,13.4,10,15.31,34511.39
2025-10-20,25.8,29.7,23.3,27.9,0.1,1.0,71,19.9,1013.8,9,19.3,23,19.04,38864.25
2025-10-21,24.3,27.8,21.4,23.8,0.0,0.0,60,15.8,1016.0,23,25.2,24,18.86,39600.0
2025-10-22,22.4,24.4,20.6,20.9,0.0,0.0,56,13.1,1018.0,100,20.8,20,13.53,31411.27
2025-10-23,19.7,21.5,18.9,18.4,0.7,4.0,65,13.0,1019.7,100,19.4,15,5.45,678.02
2025-10-24,20.0,21.6,18.5,20.5,1.8,6.0,77,15.7,1019.1,97,12.4,346,5.5,75.24
2025-10-25,22.1,25.5,19.7,23.4,0.0,0.0,72,16.8,1017.2,79,11.0,344,10.19,15030.85
2025-10-26,23.9,27.7,20.7,25.7,0.0,0.0,70,18.1,1016.8,70,13.1,19,14.61,29774.41
2025-10-27,23.5,27.0,20.9,24.5,0.0,0.0,67,17.0,1017.3,86,14.5,12,11.47,18984.01
2025-10-28,23.7,27.0,21.6,24.8,0.0,0.0,66,16.7,1017.1,99,13.6,25,11.13,17649.26
2025-10-29,23.8,27.2,19.9,25.7,0.0,0.0,69,17.6,1015.8,85,11.1,22,13.26,35915.48
2025-10-30,23.9,26.0,22.6,26.9,1.9,10.0,83,20.8,1015.8,100,11.5,21,5.42,11.23
2025-10-31,23.5,25.2,22.2,26.3,4.0,11.0,85,20.8,1016.5,100,13.8,19,5.89,1116.27
2025-11-01,21.0,22.4,20.0,22.2,3.0,18.0,84,18.2,1017.6,100,15.9,10,3.69,0.0
2025-11-02,20.3,21.3,19.2,21.0,2.2,13.0,82,17.1,1018.1,100,15.1,4,3.47,0.0
2025-11-03,19.5,20.1,18.3,19.4,1.7,9.0,78,15.6,1018.3,100,15.7,1,3.34,0.0
2025-11-04,19.3,20.5,17.9,19.4,1.6,8.0,78,15.4,1017.6,100,17.5,358,4.44,0.0
2025-11-05,20.8,22.8,19.0,22.4,0.2,2.0,78,16.8,1014.5,100,10.4,23,5.84,0.0
2025-11-06,22.0,25.2,19.1,25.0,0.0,0.0,86,19.4,1012.9,60,7.9,99,7.47,7640.78
2025-11-07,23.2,25.3,20.5,26.5,8.3,12.0,89,21.3,1011.9,100,12.6,347,5.4,0.0
2025-11-08,24.8,28.7,22.2,28.8,13.7,18.0,90,23.0,1012.8,70,17.5,87,9.23,21432.03
2025-11-09,24.6,27.5,22.7,29.5,40.4,17.0,92,23.3,1012.4,78,12.4,94,7.96,11373.64
2025-11-10,24.5,27.7,22.2,27.6,0.6,6.0,81,21.0,1011.1,91,13.1,52,9.66,15371.78
2025-11-11,22.7,24.6,21.6,24.4,0.6,4.0,75,18.0,1012.3,99,13.9,26,5.15,1684.0
2025-11-12,22.3,24.8,20.3,22.9,0.0,0.0,66,15.5,1015.5,88,12.6,11,10.22,26935.78
2025-11-13,22.3,26.2,19.3,23.0,0.0,0.0,64,14.9,1017.9,35,12.5,8,17.14,36064.05
2025-11-14,20.8,25.9,16.1,21.3,0.0,0.0,67,13.8,1018.0,7,11.7,23,17.81,39000.18
2025-11-15,21.1,27.0,15.9,22.3,0.0,0.0,75,16.0,1019.4,4,12.6,5,17.38,38963.67
2025-11-16,22.2,25.6,19.2,24.2,0.1,1.0,79,18.3,1019.9,76,9.7,332,6.44,8459.78
2025-11-17,22.7,25.2,20.8,25.4,1.3,4.0,85,19.9,1019.8,97,10.2,342,6.04,756.25
2025-11-18,17.8,21.7,13.4,17.3,15.4,24.0,90,16.0,1024.0,100,24.7,27,2.31,0.0
2025-11-19,14.6,17.0,13.1,12.4,1.7,6.0,72,9.3,1027.7,90,21.1,9,8.59,8094.49
2025-11-20,16.9,21.6,13.5,15.6,0.0,0.0,64,9.7,1025.0,5,16.2,358,16.92,38078.85
2025-11-21,18.4,23.3,15.1,17.0,0.0,0.0,59,9.8,1024.1,7,15.5,360,16.82,37835.61
2025-11-22,19.0,24.0,14.2,18.6,0.0,0.0,60,10.7,1021.4,27,10.2,14,17.06,38126.61
2025-11-23,20.4,25.1,16.9,21.0,0.0,0.0,67,13.6,1019.7,35,9.2,356,16.31,33056.96
2025-11-24,19.9,25.7,15.8,20.0,0.0,0.0,69,13.6,1020.2,12,13.3,4,16.83,37368.83
2025-11-25,19.5,24.0,15.3,18.0,0.0,0.0,57,10.3,1021.4,16,17.9,3,16.86,37660.27
2025-11-26,17.7,23.4,13.6,16.6,0.0,0.0,62,9.8,1020.6,24,13.9,9,17.12,37952.64
2025-11-27,18.1,24.2,13.9,16.0,0.0,0.0,55,8.1,1023.6,46,18.8,4,17.26,37976.42
2025-11-28,17.0,24.1,11.0,15.9,0.0,0.0,62,9.0,1019.1,49,10.3,331,17.33,37460.74
2025-11-29,16.5,23.2,10.4,16.6,0.0,0.0,74,11.5,1015.8,0,7.1,157,17.11,37483.95
2025-11-30,18.7,24.7,13.9,19.5,0.0,0.0,75,13.8,1014.1,24,8.0,29,16.4,36000.0
2025-12-01,20.0,24.4,17.5,21.8,0.4,3.0,86,17.4,1014.5,59,10.3,279,9.67,20658.4
2025-12-02,22.5,26.8,19.0,25.3,0.2,1.0,84,19.4,1013.6,63,8.6,154,11.91,28800.0
2025-12-03,21.3,24.3,19.5,22.1,2.1,7.0,77,16.7,1018.9,89,20.1,41,9.4,16438.76
2025-12-04,20.3,23.7,17.8,20.9,0.2,2.0,70,14.5,1019.7,84,8.6,54,9.9,18961.99
2025-12-05,19.6,21.3,18.4,20.3,0.2,1.0,79,15.7,1021.0,100,12.4,22,4.72,937.45
2025-12-06,20.0,23.8,17.3,20.8,0.1,1.0,75,15.3,1019.0,75,13.7,111,11.49,18801.43
2025-12-07,21.3,25.5,18.4,23.4,1.1,8.0,82,17.9,1018.6,62,9.0,99,11.72,25347.34
2025-12-08,21.1,25.7,18.6,22.3,0.8,3.0,74,15.9,1020.3,48,13.8,26,13.54,33732.23
2025-12-09,20.4,24.6,15.8,21.6,0.0,0.0,76,15.6,1019.0,39,10.8,73,13.27,36069.95
2025-12-10,21.2,26.4,15.8,22.9,0.0,0.0,76,16.2,1017.8,28,9.7,125,15.0,36143.21
2025-12-11,21.2,23.4,19.6,23.4,0.3,1.0,79,17.4,1018.0,94,7.6,343,6.04,0.0
2025-12-12,21.8,24.2,19.6,24.4,0.4,3.0,83,18.7,1015.5,88,9.7,133,6.66,1571.7
2025-12-13,20.7,22.9,18.0,21.7,16.2,15.0,84,17.7,1018.9,95,22.9,40,3.45,0.0
2025-12-14,17.9,21.1,14.8,16.5,0.0,0.0,61,10.1,1022.4,60,14.4,44,11.38,23785.95
2025-12-15,17.9,22.3,13.5,18.0,0.0,0.0,74,12.8,1019.6,25,11.7,128,14.39,35030.64
2025-12-16,18.9,21.8,15.7,20.3,0.0,0.0,81,15.5,1018.5,92,6.5,23,7.19,3852.07
2025-12-17,20.4,24.0,17.9,21.9,1.6,10.0,81,17.0,1020.5,68,11.4,16,9.78,29764.1
2025-12-18,20.2,24.7,17.1,21.2,0.0,0.0,75,15.4,1018.9,18,9.4,10,14.95,36000.0
2025-12-19,19.9,25.3,15.0,21.3,0.0,0.0,83,16.5,1014.9,26,13.9,142,14.58,34222.03
2025-12-20,21.6,25.3,19.5,24.0,1.1,8.0,85,18.7,1015.6,58,10.3,130,12.31,32018.48
2025-12-21,21.3,25.6,18.3,23.5,0.2,2.0,83,18.1,1017.7,44,11.6,351,12.39,36000.0
2025-12-22,21.3,25.6,18.2,22.9,1.7,10.0,85,18.3,1015.5,32,15.7,133,12.9,33575.13
2025-12-23,22.4,26.6,19.9,24.3,0.7,5.0,85,19.6,1013.8,72,16.7,144,10.32,29622.4
2025-12-24,22.4,27.2,18.6,24.4,3.2,13.0,85,19.6,1013.4,75,18.3,110,11.45,26538.09
2025-12-25,17.4,19.4,15.1,14.8,0.8,3.0,60,9.3,1020.4,96,24.5,25,5.46,3145.83
2025-12-26,16.0,19.9,12.7,14.2,0.0,0.0,54,6.3,1020.8,17,12.8,68,15.94,36000.0
2025-12-27,15.6,20.0,12.1,14.7,0.0,0.0,67,9.0,1020.1,26,9.9,20,13.6,32400.0
2025-12-28,17.3,21.4,13.1,17.3,0.0,0.0,70,11.6,1018.8,76,6.9,28,10.35,15610.36
2025-12-29,19.7,23.4,16.8,20.2,0.0,0.0,76,15.2,1015.7,83,14.3,138,9.05,22441.23
2025-12-30,20.4,23.9,17.5,21.2,0.7,6.0,80,16.6,1014.6,79,14.9,125,10.59,27937.2
2025-12-31,20.5,24.3,17.6,21.5,0.7,7.0,85,17.7,1011.8,77,17.2,134,9.48,26544.12
2026-01-01,19.4,23.3,16.5,20.3,5.4,16.0,87,17.1,1015.8,91,19.6,69,8.47,14853.83
2026-01-02,15.9,17.2,14.4,14.3,1.1,6.0,72,10.9,1022.4,100,15.5,34,4.61,980.48
2026-01-03,16.1,19.1,13.7,15.0,0.0,0.0,70,10.4,1022.6,97,10.5,79,8.51,10616.75
2026-01-04,17.4,22.6,13.9,17.9,0.3,2.0,82,14.1,1020.0,92,12.4,80,9.0,17179.99
2026-01-05,15.8,17.0,14.4,14.6,0.7,6.0,77,11.7,1022.0,100,19.3,34,4.17,0.0
2026-01-06,13.9,14.9,12.9,11.7,0.2,2.0,68,7.9,1026.3,99,16.7,8,4.26,831.46
2026-01-07,14.5,19.3,9.9,13.0,0.0,0.0,67,7.6,1026.4,3,13.6,1,16.52,36027.57
2026-01-08,14.6,20.2,10.0,13.1,0.0,0.0,64,7.1,1026.2,19,10.2,17,16.66,36006.65
2026-01-09,14.7,20.9,8.9,14.0,0.0,0.0,69,8.6,1022.8,61,9.5,127,16.7,36000.0
2026-01-10,15.3,22.0,9.4,14.8,0.0,0.0,73,9.7,1020.8,14,6.9,103,16.84,36000.0
2026-01-11,16.7,22.9,11.9,15.9,0.0,0.0,66,9.5,1023.0,28,10.1,65,16.78,36212.06
2026-01-12,17.1,23.1,11.9,17.2,0.0,0.0,76,12.3,1020.5,33,8.9,131,12.24,31411.24
2026-01-13,17.8,24.2,12.4,17.9,0.0,0.0,73,12.4,1019.3,8,12.0,271,16.68,36291.68
2026-01-14,18.7,24.3,13.5,18.8,0.0,0.0,78,14.3,1015.9,30,14.0,128,12.07,33045.22
2026-01-15,19.4,22.7,16.4,20.9,0.4,2.0,84,16.4,1016.0,80,8.5,119,7.47,10489.89
2026-01-16,20.8,26.0,17.4,22.2,0.7,3.0,84,17.6,1012.5,70,13.4,153,8.76,13773.08
2026-01-17,20.0,22.9,18.0,21.8,5.6,7.0,92,18.5,1012.2,68,14.7,111,8.47,19231.68
2026-01-18,20.8,26.4,17.9,22.3,0.7,7.0,85,17.9,1011.3,65,18.3,131,10.8,20856.69
2026-01-19,21.5,26.4,18.5,22.7,0.7,4.0,84,18.3,1011.8,73,18.0,144,10.62,22108.91
2026-01-20,21.8,25.7,19.3,23.4,2.8,11.0,85,19.0,1014.2,61,17.0,138,13.09,32400.0
2026-01-21,16.4,20.0,12.7,15.0,3.7,9.0,75,11.8,1019.3,100,19.2,50,5.68,437.9
2026-01-22,11.0,12.3,9.7,8.3,2.2,11.0,76,6.8,1024.6,100,16.7,28,3.79,0.0
2026-01-23,12.3,16.2,10.0,10.6,0.0,0.0,70,7.0,1024.6,91,9.6,25,10.4,16713.93
2026-01-24,13.7,16.3,11.9,12.9,0.0,0.0,78,9.9,1022.2,99,7.6,14,5.9,3968.38
2026-01-25,17.4,23.0,14.0,18.1,0.0,0.0,84,14.6,1017.5,75,11.0,135,7.16,8589.93
2026-01-26,18.6,22.5,16.7,20.6,6.1,15.0,92,17.2,1019.2,81,8.8,99,7.57,16942.71
2026-01-27,19.8,24.0,16.8,21.0,0.3,3.0,82,16.3,1019.8,75,10.5,123,10.61,21196.77
2026-01-28,19.0,24.4,15.3,19.3,0.0,0.0,76,14.4,1019.6,35,16.2,132,14.09,36896.86
2026-01-29,19.8,24.9,15.4,20.4,0.2,2.0,84,16.7,1016.6,68,18.0,152,9.72,18075.89
2026-01-30,21.1,25.5,18.1,22.8,1.6,9.0,86,18.5,1017.1,62,15.4,145,12.53,26369.55
2026-01-31,19.0,21.9,16.9,19.0,0.6,3.0,77,14.5,1020.8,76,19.9,46,7.97,6262.22
2026-02-01,17.6,20.9,15.0,17.0,0.0,0.0,67,11.3,1022.3,74,12.2,46,9.11,16586.58
2026-02-02,16.0,18.7,13.8,15.1,0.1,1.0,71,10.6,1024.2,74,13.7,18,6.29,6612.65
2026-02-03,16.8,22.1,11.5,16.6,0.0,0.0,75,12.0,1022.8,70,10.2,119,11.08,17801.04
2026-02-04,18.5,23.6,14.2,19.1,0.4,4.0,84,15.5,1017.7,46,12.8,152,7.96,8908.72
2026-02-05,20.9,26.2,17.2,22.7,0.3,2.0,86,18.3,1014.4,81,12.9,154,7.56,12472.91
2026-02-06,22.5,26.6,20.5,25.1,0.5,5.0,86,19.8,1013.6,80,15.4,144,10.04,17896.39
2026-02-07,22.0,25.2,20.0,23.6,1.8,5.0,84,19.0,1015.8,86,15.7,128,8.9,16232.62
2026-02-08,15.0,20.2,12.0,13.8,16.9,24.0,89,13.3,1022.4,100,25.1,34,2.2,0.0
2026-02-09,13.3,16.3,11.8,12.7,5.8,12.0,88,11.2,1021.0,90,10.9,22,5.67,5546.41
2026-02-10,17.4,22.2,13.6,18.2,0.0,0.0,83,14.3,1018.4,97,8.8,55,9.02,8020.5
2026-02-11,18.2,19.6,17.1,19.2,2.0,6.0,86,15.7,1020.0,100,11.7,29,4.36,0.0
2026-02-12,19.5,23.2,17.3,20.8,0.4,3.0,85,16.9,1017.4,88,12.2,134,6.4,0.0
2026-02-13,21.7,25.3,18.1,23.3,0.8,2.0,85,18.8,1015.1,80,14.7,147,7.62,4085.27
2026-02-14,22.2,25.9,19.7,24.0,0.3,3.0,83,18.9,1014.8,72,14.5,144,11.01,13554.35
2026-02-15,23.0,28.6,19.6,24.6,0.1,1.0,80,18.9,1013.6,55,17.5,155,16.65,35443.51
2026-02-16,23.3,28.0,20.3,25.4,0.4,3.0,79,19.0,1013.7,64,14.1,147,15.24,34940.71
2026-02-17,22.2,25.1,19.4,24.4,1.7,5.0,84,19.2,1016.7,79,13.7,79,11.44,23967.57
2026-02-18,19.1,21.3,17.1,19.9,0.3,2.0,79,15.3,1020.4,100,12.9,44,5.62,0.0
2026-02-19,19.7,22.4,17.6,20.8,1.0,6.0,78,15.7,1021.5,99,11.8,20,6.74,294.55
2026-02-20,19.8,23.8,16.6,20.4,1.3,5.0,76,15.3,1019.3,70,15.8,68,14.23,20488.19
2026-02-21,21.4,28.0,17.7,22.5,0.2,2.0,83,18.1,1010.1,62,17.9,155,11.67,23928.74
2026-02-22,22.1,25.4,19.7,24.2,1.7,7.0,89,20.0,1009.6,97,15.1,126,4.94,313.11
2026-02-23,23.2,26.2,20.8,25.2,0.5,4.0,84,20.2,1009.9,93,18.1,150,8.08,12871.9
2026-02-24,23.0,24.8,21.9,25.9,0.3,3.0,89,21.0,1011.4,96,14.6,144,3.98,0.0
2026-02-25,23.1,27.1,20.8,25.8,28.3,11.0,87,20.6,1012.1,85,14.8,139,9.76,15997.67
2026-02-26,21.8,24.9,20.1,24.2,3.7,8.0,91,20.1,1009.6,77,13.7,146,6.43,8178.39
2026-02-27,23.6,28.4,19.9,26.3,0.4,2.0,84,20.5,1006.7,45,17.4,156,14.86,38441.78
2026-02-28,25.3,29.4,22.9,28.6,1.5,6.0,86,22.7,1005.1,75,19.8,152,12.37,25470.21
2026-03-01,26.0,31.3,22.4,29.9,0.7,1.0,84,22.8,1005.1,60,18.0,142,15.55,28800.79
2026-03-02,26.1,30.8,23.4,30.5,4.5,4.0,86,23.4,1007.1,56,16.0,116,12.67,22448.7
2026-03-03,21.8,25.1,19.5,21.8,10.6,8.0,70,15.9,1012.9,90,19.1,42,12.19,20619.32
2026-03-04,19.5,22.5,17.1,19.1,0.0,0.0,65,12.7,1016.5,61,15.0,56,12.79,28873.44
2026-03-05,20.0,23.6,15.9,21.3,0.0,0.0,78,15.8,1015.8,79,7.9,89,11.14,13905.05
2026-03-06,21.4,25.1,18.9,23.1,0.0,0.0,78,17.3,1016.7,84,13.1,138,10.32,9323.32
2026-03-07,21.2,25.0,18.5,22.5,0.1,1.0,80,17.5,1016.9,67,16.2,131,9.67,10495.11
2026-03-08,21.7,24.9,18.8,23.1,1.2,4.0,83,18.7,1016.8,97,19.8,120,8.4,5403.32
2026-03-09,20.0,23.7,18.0,20.3,6.1,10.0,81,16.6,1021.0,99,24.9,50,4.59,3374.59
2026-03-10,18.9,22.3,16.5,17.8,0.0,0.0,60,10.9,1022.7,46,16.4,31,18.6,35489.42
2026-03-11,18.8,22.1,15.6,19.9,0.0,0.0,78,14.7,1019.0,79,5.8,85,11.17,18604.62
2026-03-12,20.3,24.8,17.3,21.3,0.0,0.0,75,15.3,1018.4,72,11.2,106,13.22,21469.78
2026-03-13,20.5,25.4,16.1,21.1,0.1,1.0,72,14.6,1019.7,44,15.9,116,17.26,34287.63
2026-03-14,20.9,23.7,18.7,21.8,0.1,1.0,76,16.3,1019.9,84,15.2,123,8.85,10333.26
2026-03-15,21.4,24.9,18.3,22.9,1.0,8.0,81,17.8,1018.7,67,15.8,128,12.58,30145.48
2026-03-16,22.2,25.8,19.1,23.5,0.6,5.0,81,18.5,1015.3,40,18.1,151,15.15,34419.85
2026-03-17,22.9,26.8,19.9,24.2,0.5,4.0,81,19.3,1013.1,44,21.6,158,13.86,32094.76
2026-03-18,23.5,27.3,20.2,25.8,0.2,2.0,84,20.4,1013.1,43,18.0,152,11.89,18028.02
2026-03-19,24.0,28.2,21.2,26.1,0.4,4.0,83,20.8,1011.6,54,19.4,150,13.4,28643.03
2026-03-20,24.2,27.4,21.7,26.7,0.3,3.0,85,21.4,1011.9,97,18.1,143,9.18,9044.2
2026-03-21,23.7,25.8,21.3,25.8,0.5,5.0,83,20.5,1013.8,95,18.7,132,6.5,0.0
2026-03-22,24.3,28.6,21.1,26.6,1.3,4.0,82,20.9,1012.5,73,19.6,146,13.06,23372.1
2026-03-23,24.6,28.7,21.8,27.1,0.7,5.0,84,21.6,1011.2,82,19.2,149,11.62,19017.04
2026-03-24,25.3,29.3,22.9,28.3,0.4,4.0,83,22.0,1010.1,72,17.3,145,13.33,26406.59
2026-03-25,25.5,29.0,23.5,28.1,0.5,5.0,80,21.6,1010.6,67,19.1,145,13.62,23316.47
2026-03-26,26.0,29.9,23.2,29.5,0.5,5.0,83,22.8,1008.9,69,17.4,153,12.46,24714.44
2026-03-27,25.6,29.1,23.0,29.2,0.9,7.0,85,22.9,1008.1,82,17.6,137,9.23,15067.7
2026-03-28,26.0,29.6,23.4,29.6,0.6,5.0,84,22.9,1008.3,78,15.5,135,10.39,12942.66
2026-03-29,26.4,30.7,23.7,30.1,7.8,5.0,85,23.6,1007.1,57,24.6,151,15.71,29929.77
2026-03-30,27.6,32.4,23.4,31.9,0.3,3.0,81,23.9,1005.7,46,18.2,147,16.7,28455.48
2026-03-31,28.9,35.7,24.3,33.3,0.0,0.0,73,23.3,1005.6,13,27.5,118,20.05,41589.96
2026-04-01,24.9,28.2,22.3,27.0,0.3,2.0,72,19.4,1011.1,60,15.7,92,14.03,19477.84
2026-04-02,25.2,30.4,21.8,28.5,0.3,3.0,83,21.9,1009.2,64,19.0,150,11.55,20700.83
2026-04-03,27.7,32.9,23.9,32.8,0.2,2.0,82,24.1,1004.7,44,13.5,130,16.99,28106.88
2026-04-04,26.7,31.2,24.0,30.0,0.0,0.0,76,21.8,1005.3,58,17.8,86,14.18,24280.15
2026-04-05,27.3,32.7,22.8,31.4,0.2,2.0,80,23.3,1002.6,55,16.6,145,16.59,26844.73
2026-04-06,30.4,38.6,24.3,36.0,0.0,0.0,72,24.3,1001.8,29,15.5,163,20.56,42847.94
2026-04-07,31.1,37.0,26.5,36.5,0.0,0.0,66,23.7,1002.8,17,13.2,158,20.43,42550.71
2026-04-08,29.8,35.0,25.7,35.1,0.0,0.0,75,24.8,1004.4,24,16.7,140,19.5,41160.88
2026-04-09,29.2,33.7,25.0,34.7,0.1,1.0,78,25.0,1005.2,13,16.6,145,20.32,42222.65
2026-04-10,29.3,35.3,24.5,35.2,0.0,0.0,79,25.2,1003.9,3,12.9,120,21.17,42637.06
2026-04-11,29.7,36.5,23.8,34.9,0.0,0.0,71,23.5,1002.1,8,12.0,136,20.17,42048.72
2026-04-12,29.2,35.8,23.2,34.2,0.0,0.0,71,23.1,1002.0,2,12.7,112,21.38,43200.0
2026-04-13,29.0,34.1,24.7,35.0,0.0,0.0,82,25.4,1004.7,3,15.8,129,21.2,43081.81
2026-04-14,28.8,33.6,25.3,34.7,0.0,0.0,84,25.6,1005.6,11,17.3,121,20.29,42473.12
2026-04-15,28.6,33.7,25.6,33.9,0.3,3.0,84,25.5,1005.0,28,19.6,130,17.27,36179.89
2026-04-16,28.3,32.4,25.4,33.6,0.4,4.0,84,25.2,1006.3,45,18.9,129,16.76,38458.33
2026-04-17,25.5,27.6,23.3,30.1,19.3,17.0,91,24.0,1009.4,88,20.2,101,8.56,5603.11
2026-04-18,25.2,28.3,22.7,29.3,8.3,14.0,87,22.7,1010.8,80,15.1,123,14.43,30728.1
2026-04-19,25.7,29.4,23.9,29.3,4.4,4.0,84,22.7,1009.4,76,15.9,146,12.21,21036.63
2026-04-20,26.0,29.0,23.3,29.5,0.2,2.0,85,23.1,1007.6,69,17.9,155,11.54,15805.86
2026-04-21,27.6,31.9,24.8,31.6,0.4,3.0,82,24.1,1005.3,46,20.2,156,16.32,35010.84
2026-04-22,28.7,34.3,24.8,34.1,1.9,1.0,82,25.0,1004.0,28,23.4,128,20.42,42590.94
2026-04-23,24.5,26.9,22.8,27.4,40.1,10.0,83,21.3,1007.8,90,22.9,54,12.56,23008.64
2026-04-24,24.6,27.9,22.2,28.1,15.0,7.0,81,20.9,1011.5,91,9.9,77,11.61,14758.86
2026-04-25,25.6,29.3,22.1,29.4,0.3,2.0,78,21.2,1013.6,44,12.0,136,20.34,40383.35
2026-04-26,25.3,29.4,22.6,29.0,3.4,3.0,83,21.9,1011.2,84,13.7,139,17.15,28965.45
2026-04-27,26.6,31.4,23.4,30.5,0.2,1.0,82,23.0,1007.6,45,19.1,158,19.98,42773.28
2026-04-28,27.6,31.9,24.3,32.3,0.5,2.0,83,24.3,1005.8,64,16.2,159,18.76,33534.06
2026-04-29,24.7,28.6,22.1,26.2,22.0,6.0,71,18.7,1011.8,88,22.4,23,15.41,22745.89
2026-04-30,23.3,26.4,20.1,24.7,0.0,0.0,65,16.2,1015.2,41,12.3,78,21.12,40647.83
2026-05-01,24.1,28.1,20.1,26.3,0.0,0.0,78,19.8,1011.7,65,15.6,142,15.09,24524.66
2026-05-02,25.5,31.6,22.5,29.8,6.5,5.0,87,23.1,1008.6,92,21.7,146,14.68,27356.73
2026-05-03,24.9,27.7,21.9,28.8,36.6,11.0,88,22.7,1010.2,82,16.8,31,10.54,13674.77
2026-05-04,23.4,27.9,19.7,25.0,14.7,8.0,74,18.2,1014.9,61,17.4,15,17.22,31590.62
2026-05-05,25.0,29.5,20.8,28.4,0.0,0.0,79,20.8,1011.8,27,14.9,143,18.88,40600.43
2026-05-06,26.7,30.6,23.3,30.3,0.3,3.0,81,23.1,1008.3,44,18.9,155,18.2,42953.51
2026-05-07,26.7,30.5,24.9,31.8,10.3,13.0,89,24.6,1008.9,69,13.9,134,14.84,29116.88
2026-05-08,25.8,28.9,23.3,30.3,24.6,12.0,86,23.2,1012.2,87,11.9,36,14.79,28792.83
2026-05-09,25.0,27.5,23.6,28.7,3.3,4.0,80,21.3,1013.9,87,12.4,15,12.87,20641.45
2026-05-10,24.5,28.0,23.2,28.1,0.1,1.0,81,21.0,1013.5,88,10.7,351,11.12,6743.7
2026-05-11,26.6,30.7,22.8,31.2,0.3,2.0,82,23.1,1011.3,70,12.5,144,20.33,42357.48
2026-05-12,27.4,31.7,24.6,32.5,3.8,8.0,86,24.7,1007.3,84,16.0,165,20.74,35608.72
2026-05-13,28.6,32.5,26.0,34.0,1.1,6.0,84,25.6,1003.4,42,16.9,172,22.37,42608.57
2026-05-14,30.5,34.8,26.3,36.4,0.0,0.0,75,25.2,1001.5,48,14.7,174,22.23,32821.95
2026-05-15,30.5,34.1,27.0,36.6,0.0,0.0,74,25.2,1001.9,67,12.6,167,22.76,41330.36
2026-05-16,28.2,32.7,25.0,34.7,42.8,14.0,89,26.2,1003.3,96,15.4,123,16.01,25063.66
2026-05-17,26.9,30.0,25.0,32.5,27.9,20.0,92,25.3,1004.7,99,15.8,120,15.03,18198.26
2026-05-18,27.0,31.5,24.9,32.9,12.5,19.0,92,25.5,1004.5,94,12.2,123,15.68,18454.56
2026-05-19,27.3,30.2,24.4,32.8,26.5,18.0,90,25.6,1003.6,98,15.7,133,14.8,20140.67
2026-05-20,27.2,30.1,25.2,32.8,23.0,19.0,92,25.6,1003.5,96,13.8,144,13.37,19984.54
2026-05-21,27.1,30.1,25.6,33.2,27.0,22.0,94,26.0,1005.7,100,16.0,132,10.83,8714.56
2026-05-22,29.3,32.2,26.7,35.2,1.9,6.0,85,26.4,1005.6,92,16.8,162,16.91,35286.17
2026-05-23,31.1,35.3,27.8,36.7,0.0,0.0,73,25.6,1004.4,78,17.8,176,23.53,40886.58
2026-05-24,31.7,36.1,28.0,37.0,0.0,0.0,71,25.4,1004.0,81,17.8,182,24.22,43573.67
2026-05-25,32.5,37.0,29.3,37.7,0.0,0.0,67,25.2,1002.5,33,16.2,189,25.46,43832.99
2026-05-26,32.7,37.2,29.0,38.3,0.0,0.0,65,25.1,1001.6,2,14.9,193,25.87,44093.55
2026-05-27,32.5,36.7,28.8,38.6,0.6,1.0,69,25.7,1003.7,14,14.7,166,25.67,44090.48
2026-05-28,30.3,35.1,27.3,37.4,29.4,4.0,81,26.4,1006.8,20,13.6,128,24.15,41138.44
2026-05-29,28.5,31.0,26.8,35.7,7.1,10.0,89,26.4,1008.8,61,11.0,143,19.06,41558.97
2026-05-30,28.1,32.4,24.5,34.0,5.2,17.0,84,25.0,1010.1,76,11.5,344,21.47,37455.41
2026-05-31,29.1,33.0,25.7,35.8,0.2,1.0,82,25.6,1008.5,26,14.7,150,24.94,43200.0
2026-06-01,30.3,34.0,26.6,36.6,0.2,2.0,79,26.0,1007.0,5,15.1,153,25.34,44082.4
2026-06-02,30.5,34.3,27.4,36.7,0.2,2.0,79,26.3,1004.8,42,15.9,152,23.25,43815.48
2026-06-03,30.5,35.0,27.8,36.9,1.7,4.0,80,26.5,1002.3,47,14.7,155,22.22,43815.31
2026-06-04,29.9,35.7,27.1,37.2,6.6,9.0,85,26.8,1001.9,70,24.7,183,22.71,35680.27
2026-06-05,27.9,31.2,24.2,33.6,2.1,5.0,84,24.7,1003.8,65,9.0,325,13.33,22738.48
2026-06-06,30.5,34.3,27.0,37.2,1.4,7.0,80,26.5,1002.9,89,16.8,161,19.53,40965.27
2026-06-07,31.8,35.3,28.4,37.8,0.0,0.0,72,25.8,1001.1,82,13.0,181,23.31,43200.0
2026-06-08,30.6,35.7,26.4,35.5,2.4,6.0,70,24.4,1001.1,93,22.5,323,22.27,41760.44
2026-06-09,25.9,28.1,24.0,29.1,8.1,9.0,77,21.3,1006.6,88,16.3,337,16.57,28616.6
2026-06-10,27.2,30.4,24.5,31.3,0.0,0.0,74,21.9,1009.2,98,9.5,316,19.12,36348.18
2026-06-11,26.8,29.1,24.5,32.4,3.2,11.0,84,23.9,1011.2,94,7.5,163,14.07,24249.82
2026-06-12,28.2,31.9,25.3,34.5,6.4,8.0,86,25.5,1010.2,87,12.4,174,20.79,39146.7
2026-06-13,30.5,34.3,27.3,36.4,0.3,1.0,77,25.8,1005.5,96,13.1,181,22.37,39537.02
2026-06-14,31.4,35.0,28.4,37.4,0.4,1.0,72,25.5,1002.5,99,11.0,194,19.63,37250.91
2026-06-15,30.5,34.5,27.6,37.5,6.7,4.0,81,26.7,1003.1,100,18.9,27,15.33,21477.04
2026-06-16,28.9,31.7,26.2,35.6,6.9,20.0,87,26.5,1005.0,98,10.9,101,16.25,28949.89
2026-06-17,29.2,33.6,26.7,35.9,11.5,15.0,87,26.6,1004.3,97,14.2,143,17.66,22263.36
2026-06-18,30.2,33.7,27.4,36.2,1.0,5.0,80,26.1,1003.2,99,14.8,164,15.39,21052.49
2026-06-19,30.9,33.5,28.1,36.2,0.4,2.0,73,25.4,1002.9,99,15.5,174,15.07,20981.91
2026-06-20,30.9,34.8,27.9,36.4,3.0,6.0,73,25.4,1004.3,99,16.8,168,18.85,34029.57
2026-06-21,30.6,34.8,27.2,37.1,0.2,2.0,78,26.0,1005.5,94,11.8,160,23.47,41378.65
2026-06-22,30.0,32.6,27.6,35.5,0.4,3.0,78,25.6,1003.2,74,15.4,178,11.73,13247.63
2026-06-23,32.1,36.8,28.1,37.5,0.1,1.0,66,24.6,999.8,57,13.6,205,24.65,45205.0
2026-06-24,33.0,37.2,28.9,38.9,0.0,0.0,63,24.7,999.8,67,10.3,222,24.76,44936.81
2026-06-25,32.8,37.7,29.2,39.4,0.3,2.0,69,26.0,1000.9,97,11.3,92,20.58,41025.49
2026-06-26,29.2,31.2,27.2,35.2,0.5,4.0,81,25.4,1004.0,95,12.3,15,13.41,12941.37
2026-06-27,28.9,32.4,25.6,35.4,16.2,15.0,84,25.8,1004.2,93,10.4,65,18.6,37456.21
2026-06-28,28.2,31.9,25.7,35.0,38.4,19.0,89,26.1,1003.4,99,12.8,137,17.9,35490.44
2026-06-29,27.8,30.9,25.8,34.3,32.5,21.0,91,26.1,1003.2,100,9.7,125,14.18,10987.08
2026-06-30,27.1,30.6,25.2,33.1,23.5,21.0,92,25.6,1004.4,98,12.6,101,13.17,15810.15
2026-07-01,27.2,30.5,24.9,33.2,15.4,17.0,91,25.5,1005.5,99,13.1,107,13.95,17100.59
2026-07-02,27.8,30.4,25.4,34.5,10.5,15.0,89,25.8,1006.6,88,10.8,42,17.34,26456.93
2026-07-03,27.9,30.9,26.0,34.0,19.5,10.0,88,25.6,1005.1,69,12.5,357,15.16,26973.06
2026-07-04,28.4,31.1,26.6,33.1,7.0,10.0,83,25.1,1001.2,98,20.1,330,15.74,24376.25
2026-07-05,28.1,31.5,25.5,34.4,53.9,20.0,91,26.4,1001.1,99,14.2,211,15.2,19036.55
2026-07-06,28.3,32.4,26.4,33.8,5.6,12.0,86,25.6,1000.8,93,16.1,168,15.95,27937.95
2026-07-07,29.3,32.9,26.4,36.4,5.1,15.0,84,26.2,1000.8,78,11.2,108,23.12,43200.0
2026-07-08,27.8,32.1,25.6,34.6,14.8,13.0,90,26.0,1001.7,96,10.1,97,17.85,27801.42
2026-07-09,27.1,29.9,25.6,33.6,42.2,23.0,92,25.6,1001.9,99,6.1,130,11.24,9597.55
2026-07-10,27.8,31.9,25.1,34.5,13.5,19.0,89,25.8,1000.7,89,9.8,156,15.09,18150.02
2026-07-11,28.6,31.3,26.5,35.7,8.0,13.0,87,26.2,998.7,62,6.1,149,19.31,41500.86
2026-07-12,29.0,33.1,26.3,36.7,7.9,16.0,87,26.6,999.3,62,7.9,83,23.22,40210.58
2026-07-13,29.7,33.1,26.8,37.3,1.6,10.0,84,26.5,1001.4,34,11.0,127,24.92,44264.53
2026-07-14,30.3,34.4,27.0,37.4,0.7,6.0,79,26.1,1001.5,82,15.5,133,25.1,43539.55
2026-07-15,30.5,34.2,27.7,37.6,0.0,0.0,81,26.8,1001.5,91,15.1,141,21.54,36109.6
2026-07-16,30.1,33.1,26.4,36.2,3.9,11.0,77,25.5,1001.5,91,11.4,211,19.52,37136.08
2026-07-17,30.3,32.5,28.2,36.2,0.2,2.0,76,25.5,1001.0,94,13.3,211,18.05,31012.57
2026-07-18,30.6,34.5,27.5,37.0,1.7,4.0,73,25.1,1000.9,84,8.7,206,24.15,42917.65
2026-07-19,28.8,31.3,26.8,35.1,1.4,5.0,85,25.9,1002.6,100,12.2,289,15.44,20957.7
2026-07-20,29.2,32.2,26.7,35.4,0.6,5.0,81,25.4,1003.2,97,8.3,230,16.51,23311.31
2026-07-21,28.8,32.2,26.2,35.5,1.9,6.0,86,26.2,1003.9,98,10.7,122,16.47,24825.06
2026-07-22,29.3,32.9,26.6,36.4,0.9,4.0,83,25.9,1004.5,72,10.8,148,24.13,41224.62
2026-07-23,27.7,30.7,25.3,34.1,12.0,13.0,88,25.5,1004.2,95,9.3,104,16.72,31199.77
2026-07-24,27.2,30.0,24.7,32.9,12.8,22.0,89,25.1,1004.7,96,14.3,99,16.34,21054.85
2026-07-25,28.4,32.4,24.4,34.8,4.6,13.0,82,24.8,1005.3,64,8.5,213,23.26,43158.01
2026-07-26,30.1,33.9,26.0,36.7,0.0,0.0,76,25.1,1003.0,29,9.8,194,26.44,43942.92
2026-07-27,28.8,31.5,27.2,35.9,10.0,17.0,89,26.8,1002.0,89,11.7,154,15.6,28224.65
2026-07-28,26.8,29.2,25.2,33.1,69.5,24.0,94,25.7,1005.2,100,9.9,137,7.7,3895.69
2026-07-29,27.2,29.7,24.9,33.5,10.6,16.0,90,25.3,1007.0,98,9.6,122,14.27,25274.91
2026-07-30,26.9,30.2,24.5,32.9,22.2,14.0,90,25.1,1007.1,97,10.6,106,14.23,19088.87
2026-07-31,26.8,29.9,25.2,33.0,28.1,16.0,91,25.1,1006.6,94,10.1,122,15.6,21176.27
2026-08-01,27.4,30.1,24.8,33.4,13.6,17.0,89,25.3,1005.1,94,12.1,126,18.1,34290.11
2026-08-02,27.7,30.6,25.5,34.1,13.2,15.0,90,25.8,1004.4,94,11.9,132,19.48,39803.83
2026-08-03,28.1,32.2,25.2,35.2,21.9,16.0,89,26.1,1004.7,97,8.1,121,19.21,32405.49
2026-08-04,27.8,30.7,25.9,34.6,24.7,19.0,90,25.8,1004.3,99,8.4,56,16.82,24724.46
2026-08-05,27.1,30.7,25.8,33.4,31.8,17.0,92,25.6,1002.8,99,11.6,323,12.78,17546.76
2026-08-06,27.1,29.7,25.4,33.1,21.7,22.0,91,25.5,1002.8,90,10.1,352,14.9,26131.63
2026-08-07,27.8,31.4,25.4,34.0,5.6,17.0,89,25.7,1003.0,89,11.2,300,18.16,31635.81
2026-08-08,29.7,32.8,26.4,36.0,0.7,2.0,79,25.5,1002.8,63,15.0,290,23.15,39600.0
2026-08-09,30.9,35.3,27.3,37.8,1.1,5.0,77,26.1,1000.8,32,13.7,284,24.9,43200.0
2026-08-10,31.2,34.9,27.5,37.7,0.7,4.0,75,26.0,999.6,21,17.1,301,25.16,43200.0
2026-08-11,30.9,34.9,28.0,37.8,0.4,3.0,77,26.1,999.8,22,11.1,210,24.67,43200.0
2026-08-12,31.4,35.1,28.1,39.1,0.4,3.0,79,27.1,1000.1,9,11.2,265,24.93,43200.0
2026-08-13,31.0,35.1,27.2,38.3,0.7,2.0,78,26.6,1000.0,39,12.4,321,23.96,43200.0
2026-08-14,28.4,30.4,27.2,35.2,4.9,5.0,89,26.3,1001.6,65,15.7,9,14.93,29186.6
2026-08-15,29.8,33.9,25.8,36.5,0.3,2.0,78,25.2,1002.6,35,12.0,134,23.52,39600.0
2026-08-16,30.0,34.1,24.5,37.0,4.7,11.0,80,26.1,1002.6,46,12.8,40,24.06,41988.37
2026-08-17,29.7,34.4,26.0,36.4,3.0,6.0,80,25.6,1002.9,59,14.3,30,23.7,41695.7
2026-08-18,29.0,33.6,25.9,35.6,15.5,15.0,85,26.0,1003.1,98,10.6,332,17.88,29869.17
2026-08-19,27.1,31.5,25.5,32.9,29.6,18.0,92,25.6,1003.5,100,15.5,323,14.83,17257.52
2026-08-20,29.5,34.0,24.9,35.1,14.8,13.0,80,25.3,1001.7,73,16.4,322,24.13,40391.42
2026-08-21,26.6,27.9,25.4,32.3,51.0,23.0,95,25.8,1001.2,100,17.7,293,4.76,0.0
2026-08-22,25.8,26.4,25.2,29.5,75.8,24.0,93,24.6,1001.0,100,23.8,288,2.89,0.0
2026-08-23,26.0,27.1,25.2,30.0,122.1,24.0,93,24.8,1000.6,100,20.7,290,1.9,0.0
2026-08-24,27.4,30.4,25.1,32.6,67.2,22.0,92,25.9,999.0,100,21.1,321,11.7,9795.31
2026-08-25,27.8,30.4,25.1,33.9,6.8,13.0,91,26.1,1000.4,98,16.2,306,12.57,21816.87
2026-08-26,28.2,31.1,25.7,35.0,41.2,14.0,88,26.0,1001.3,99,7.7,283,14.55,21105.57
2026-08-27,28.4,32.1,26.0,35.7,25.6,20.0,90,26.5,1002.5,99,9.3,346,17.11,23961.52
2026-08-28,28.5,31.8,26.5,35.0,2.9,8.0,87,25.9,1002.2,82,11.2,266,13.41,18489.76
2026-08-29,28.7,31.5,26.0,35.1,3.5,13.0,86,26.2,1002.0,94,12.9,334,16.85,29184.68
2026-08-30,29.3,33.9,26.5,35.1,1.5,4.0,80,25.2,1002.1,95,15.3,294,21.84,38385.54
2026-08-31,29.6,33.7,26.0,34.3,0.8,5.0,75,24.3,1002.2,87,20.2,303,19.15,41092.45
2026-09-01,30.4,34.7,26.9,35.1,0.0,0.0,67,23.1,1004.4,56,18.4,332,23.77,43200.0
2026-09-02,29.3,34.1,24.6,33.7,0.0,0.0,66,22.0,1005.7,5,11.8,7,24.13,43200.0
2026-09-03,29.2,33.9,24.8,33.7,0.0,0.0,67,22.1,1005.2,3,9.7,337,25.17,43200.0
2026-09-04,28.5,31.6,25.6,32.4,0.4,3.0,68,22.0,1006.7,28,15.7,31,22.8,43200.0
2026-09-05,27.3,29.1,25.7,31.7,0.7,3.0,76,22.7,1008.3,77,10.9,10,12.46,21295.76
2026-09-06,27.9,31.1,25.3,32.4,0.8,4.0,72,22.3,1008.8,39,13.2,30,22.19,39425.91
2026-09-07,27.9,31.9,23.6,33.4,1.5,9.0,78,23.6,1008.2,34,11.6,104,23.08,43200.0
2026-09-08,29.1,32.9,24.9,35.1,0.2,2.0,77,24.4,1007.5,14,9.5,104,23.28,43200.0
2026-09-09,28.5,32.8,24.2,34.4,6.1,9.0,81,24.7,1008.5,33,15.0,25,22.22,42826.71
2026-09-10,26.1,28.9,23.5,31.2,10.7,11.0,88,23.9,1012.2,38,12.3,360,18.68,38973.84
2026-09-11,26.3,30.1,22.8,29.3,3.8,6.0,75,21.1,1015.4,27,17.1,20,22.81,43193.03
2026-09-12,26.8,30.8,23.6,29.1,0.0,0.0,65,19.6,1014.6,64,18.0,360,21.8,43135.86
2026-09-13,26.9,30.3,25.2,28.4,5.0,3.0,66,20.0,1013.1,93,20.7,9,11.88,17336.27
2026-09-14,24.9,26.9,23.8,28.1,35.2,20.0,89,22.9,1012.9,92,19.8,30,4.66,2912.55
2026-09-15,24.7,25.7,23.9,29.3,65.6,24.0,95,23.9,1013.0,100,13.8,63,4.79,0.0
2026-09-16,24.8,26.0,23.6,29.7,36.4,24.0,94,23.8,1012.0,100,12.0,77,5.64,0.0
2026-09-17,25.2,26.6,24.4,30.5,27.4,19.0,94,24.2,1010.9,93,10.6,98,6.94,3069.06
2026-09-18,27.2,30.9,24.0,32.5,2.4,10.0,83,23.9,1012.5,37,12.4,103,21.12,41435.78
2026-09-19,28.1,31.9,24.7,33.6,0.5,4.0,79,23.9,1015.0,27,9.0,31,21.97,42714.27
2026-09-20,28.6,32.3,25.0,33.9,0.0,0.0,74,23.2,1015.1,8,9.3,119,22.49,42684.76
2026-09-21,28.3,32.0,23.9,33.7,0.0,0.0,74,23.0,1012.6,2,5.9,157,23.25,42628.45
2026-09-22,28.8,32.3,25.0,34.7,1.0,7.0,77,24.1,1012.2,11,7.3,148,21.81,42551.35
2026-09-23,27.6,30.9,25.2,33.8,2.2,10.0,85,24.8,1013.0,59,7.0,80,20.69,40607.82
2026-09-24,27.3,31.0,24.5,33.2,4.6,11.0,85,24.5,1013.2,33,8.5,59,19.74,39009.49
2026-09-25,27.9,32.1,24.7,33.8,1.1,7.0,82,24.2,1012.2,14,11.0,123,21.51,41405.34
2026-09-26,28.1,31.3,25.5,33.9,0.8,6.0,83,24.9,1010.1,11,14.4,153,20.64,41187.98
